"Story","Title","Result","Date","Stability","Duration (s)"
"CLTD-Bundle-NA-with-out-login-BrainTree-CC","Cltd- bundle-na-with-out-login- brain Tree-CC","SUCCESS","2022-10-13T12:47:32.109-04:00[America/New_York]","0.0","779.36"
"CLTD-Bundle-with-login-PC-BrainTree","Cltd- bundle-with-login-pc- brain tree","SUCCESS","2022-10-13T12:18:27.375-04:00[America/New_York]","0.0","915.44"
"CLTD-Bundle-with-login-BrainTree-PP","Cltd- bundle-with-login- brain Tree-PP","SUCCESS","2022-10-13T12:33:43.653-04:00[America/New_York]","0.0","827.72"
"CLTD-LS-Exam-Purchase-BrainTree-CC","Cltd-ls- exam- purchase- brain Tree-CC","SUCCESS","2022-10-13T13:27:52.187-04:00[America/New_York]","0.0","817.76"
"CLTD-First-Attempt-BrainTree-CC","Cltd- first- attempt- brain Tree-CC","SUCCESS","2022-10-13T13:13:47.551-04:00[America/New_York]","0.0","843.87"
"CLTD-First Attempt-BrainTree-PP","CLTD-First Attempt-BrainTree-PP","SUCCESS","2022-10-13T13:00:32.405-04:00[America/New_York]","0.0","794.3"
"Verify-auto-renew-certificate-upgrade-and-chapter-toggle-ON-while-checking-out","Verify-auto-renew-certificate-upgrade-and-chapter-toggle-on-while-checking-out","SUCCESS","2022-10-13T19:21:39.629-04:00[America/New_York]","0.0","858.34"
"Verify-auto-renew-and-certificate-upgrade-toggle-ON-while-checking-out","Verify-auto-renew-and-certificate-upgrade-toggle-on-while-checking-out","SUCCESS","2022-10-13T19:07:40.438-04:00[America/New_York]","0.0","838.43"
"Verify-auto-renew-toggle-ON-while-checking-out","Verify-auto-renew-toggle-on-while-checking-out","SUCCESS","2022-10-13T18:10:59.76-04:00[America/New_York]","0.0","1459.1"
"Discount-Membership-with-login","Discount- membership-with-login","SUCCESS","2022-10-13T14:24:18.059-04:00[America/New_York]","0.0","873.39"
"Regular-Membership-with-login","Regular- membership-with-login","SUCCESS","2022-10-13T14:45:47.909-04:00[America/New_York]","0.0","872.75"
"Student-Discount-Membership-with-login","Student- discount- membership-with-login","SUCCESS","2022-10-13T14:06:21.201-04:00[America/New_York]","0.0","898.69"
"InternationalChapMembership","International chap membership","SUCCESS","2022-10-13T13:51:50.567-04:00[America/New_York]","0.0","869.81"
"MembershipOnly","Membership only","SUCCESS","2022-10-13T16:51:49.356-04:00[America/New_York]","0.0","824.98"
"MultipleChapMembership","Multiple chap membership","SUCCESS","2022-10-13T15:41:49.542-04:00[America/New_York]","0.0","830.17"
"One-Chap-With-Upgrade-Membership","One- chap- with- upgrade- membership","SUCCESS","2022-10-13T16:37:43.149-04:00[America/New_York]","0.0","845.44"
"OneChapWithoutUpgradeMembership","One chap without upgrade membership","SUCCESS","2022-10-13T16:23:36.866-04:00[America/New_York]","0.0","845.53"
"One-Chap-Monthly-Membership","One- chap- monthly- membership","SUCCESS","2022-10-13T16:09:34.509-04:00[America/New_York]","0.0","841.55"
"Without-Chap-Monthly-Membership","Without- chap- monthly- membership","SUCCESS","2022-10-13T15:55:40.471-04:00[America/New_York]","0.0","833.27"
"Verify-Membership-Types-with-login","Verify- membership- types-with-login","SUCCESS","2022-10-13T15:33:20.499-04:00[America/New_York]","0.0","324.89"
"Verify-Select-Skip-Certificate-Membership","Verify- select- skip- certificate- membership","SUCCESS","2022-10-13T15:00:21.358-04:00[America/New_York]","0.0","258.19"
"VerifyUserCanSelect_SkipChapter","Verify user can select skip chapter","SUCCESS","2022-10-13T15:04:40.257-04:00[America/New_York]","0.0","890.74"
"Purchase-CLTD-With-Referral","Purchase-cltd- with- referral","SUCCESS","2022-10-13T17:45:19.471-04:00[America/New_York]","0.0","847.25"
"Purchase-CPIM-PromoCode","Purchase-cpim- promo code","SUCCESS","2022-10-13T17:30:43.173-04:00[America/New_York]","0.0","875.58"
"Verify-User-Can-Add-Product-In-Cart","Verify- user- can- add- product- in- cart","SUCCESS","2022-10-13T19:45:09.01-04:00[America/New_York]","0.0","280.3"
"Verify-Correct-Item","Verify- correct- item","SUCCESS","2022-10-13T18:48:54.165-04:00[America/New_York]","0.0","270.5"
"Verify-Product-Page","Verify- product- page","SUCCESS","2022-10-13T19:01:01.151-04:00[America/New_York]","0.0","398.49"
"Verify-Return-Policy-Link","Verify- return- policy- link","SUCCESS","2022-10-13T19:35:58.71-04:00[America/New_York]","0.0","269.34"
"Verify-Certificate-Upgrade-Modal","Verify- certificate- upgrade- modal","SUCCESS","2022-10-13T18:35:19.635-04:00[America/New_York]","0.0","411.53"
"Verify-Membership-Upcell-CTA","Verify- membership- Upcell-CTA","SUCCESS","2022-10-13T18:56:22.857-04:00[America/New_York]","0.0","277.54"
"Verify-Upcell-Link-Redirects-Membership","Verify- upcell- link- redirects- membership","SUCCESS","2022-10-13T19:40:28.804-04:00[America/New_York]","0.0","279.48"
"Warehouse-With-Login-BrainTree-CC","Warehouse- with- login- brain Tree-CC","SUCCESS","2022-10-13T19:56:44.503-04:00[America/New_York]","0.0","628.18"
"Supply-Chain-Principles-with-login-CC","Supply- chain- Principles-with-login-CC","SUCCESS","2022-10-13T13:41:30.71-04:00[America/New_York]","0.0","619.11"
