{"name":"Legacy-Membership-without-auto-renew-with-login","id":"legacy-membership-without-auto-renew-with-login;legacy-membership-without-auto-renew-with-login","testSteps":[{"number":1,"description":"Given Go To Login Page","duration":8604,"startTime":"2022-10-13T14:38:52.258-04:00[America/New_York]","result":"SUCCESS","precondition":false,"level":0,"children":[{"number":2,"description":"Go to login page","duration":8599,"startTime":"2022-10-13T14:38:52.261-04:00[America/New_York]","result":"SUCCESS","precondition":false,"level":1}]},{"number":3,"description":"Then Enter Legacy username \"2018822\"","duration":409,"startTime":"2022-10-13T14:39:00.863-04:00[America/New_York]","result":"SUCCESS","precondition":false,"level":0,"children":[{"number":4,"description":"Enter user name step: 2018822","duration":407,"startTime":"2022-10-13T14:39:00.864-04:00[America/New_York]","result":"SUCCESS","precondition":false,"level":1}]},{"number":5,"description":"Then Enter Legacy password \"Qa1234\"","duration":371,"startTime":"2022-10-13T14:39:01.273-04:00[America/New_York]","result":"SUCCESS","precondition":false,"level":0,"children":[{"number":6,"description":"Enter password step: Qa1234","duration":369,"startTime":"2022-10-13T14:39:01.274-04:00[America/New_York]","result":"SUCCESS","precondition":false,"level":1}]},{"number":7,"description":"And Click submit","duration":1371,"startTime":"2022-10-13T14:39:01.644-04:00[America/New_York]","result":"SUCCESS","precondition":false,"level":0,"children":[{"number":8,"description":"Click submit button step","duration":1368,"startTime":"2022-10-13T14:39:01.645-04:00[America/New_York]","result":"SUCCESS","precondition":false,"level":1}]},{"number":9,"description":"Then Click on OK button for cookie","duration":130249,"startTime":"2022-10-13T14:39:03.015-04:00[America/New_York]","result":"SUCCESS","precondition":false,"level":0,"children":[{"number":10,"description":"Click on cookie step","duration":130246,"startTime":"2022-10-13T14:39:03.016-04:00[America/New_York]","result":"SUCCESS","precondition":false,"level":1}]},{"number":11,"description":"Then Go to Membership Page","duration":6476,"startTime":"2022-10-13T14:41:13.265-04:00[America/New_York]","result":"SUCCESS","precondition":false,"level":0,"children":[{"number":12,"description":"Go membership page step","duration":6468,"startTime":"2022-10-13T14:41:13.272-04:00[America/New_York]","result":"SUCCESS","precondition":false,"level":1}]},{"number":13,"description":"Then Verify \"base membership\" is visible","duration":60424,"startTime":"2022-10-13T14:41:19.741-04:00[America/New_York]","exception":{"errorType":"java.lang.IllegalStateException","message":"assert failed","stackTrace":[{"declaringClass":"com.ibm.icu.impl.Assert","methodName":"assrt","fileName":"Assert.java","lineNumber":20},{"declaringClass":"com.ascm.pages.MembershipPage","methodName":"verifyToggleHeading","fileName":"MembershipPage.java","lineNumber":264},{"declaringClass":"com.test.suite.testSteps.MembershipSteps","methodName":"verifyToggleHeading","fileName":"MembershipSteps.java","lineNumber":73},{"declaringClass":"com.test.suite.stepDefination.MembershipStepDefs","methodName":"verifyToggleHeading","fileName":"MembershipStepDefs.java","lineNumber":73},{"declaringClass":"✽","methodName":"Verify \"base membership\" is visible","fileName":"file:///C:/Users/CodeAutomation/Desktop/ACSM/ASCM_Automation/src/test/resources/AllTestCases/BrainTree/Memberships/MemershipLegacy_WithoutAutoRenew.feature","lineNumber":9}]},"result":"ERROR","precondition":false,"level":0,"children":[{"number":14,"description":"Verify toggle heading: base membership","duration":60419,"startTime":"2022-10-13T14:41:19.742-04:00[America/New_York]","screenshots":[{"screenshot":"2ec4216e527cfb7eb65d3bd2f63dfba66b22d0f62fed6aaaff72d94244c1e02e.png","htmlSource":"pagesource1305372900754768313.html.txt","timeStamp":1665686540160}],"exception":{"errorType":"java.lang.IllegalStateException","message":"assert failed","stackTrace":[{"declaringClass":"com.ibm.icu.impl.Assert","methodName":"assrt","fileName":"Assert.java","lineNumber":20},{"declaringClass":"com.ascm.pages.MembershipPage","methodName":"verifyToggleHeading","fileName":"MembershipPage.java","lineNumber":264},{"declaringClass":"com.test.suite.testSteps.MembershipSteps","methodName":"verifyToggleHeading","fileName":"MembershipSteps.java","lineNumber":73},{"declaringClass":"com.test.suite.stepDefination.MembershipStepDefs","methodName":"verifyToggleHeading","fileName":"MembershipStepDefs.java","lineNumber":73},{"declaringClass":"io.cucumber.java.Invoker","methodName":"doInvoke","fileName":"Invoker.java","lineNumber":66},{"declaringClass":"io.cucumber.java.Invoker","methodName":"invoke","fileName":"Invoker.java","lineNumber":24},{"declaringClass":"io.cucumber.java.AbstractGlueDefinition","methodName":"invokeMethod","fileName":"AbstractGlueDefinition.java","lineNumber":47},{"declaringClass":"io.cucumber.java.JavaStepDefinition","methodName":"execute","fileName":"JavaStepDefinition.java","lineNumber":29},{"declaringClass":"io.cucumber.core.runner.CoreStepDefinition","methodName":"execute","fileName":"CoreStepDefinition.java","lineNumber":66},{"declaringClass":"io.cucumber.core.runner.PickleStepDefinitionMatch","methodName":"runStep","fileName":"PickleStepDefinitionMatch.java","lineNumber":63},{"declaringClass":"io.cucumber.core.runner.TestStep","methodName":"executeStep","fileName":"TestStep.java","lineNumber":92},{"declaringClass":"io.cucumber.core.runner.TestStep","methodName":"run","fileName":"TestStep.java","lineNumber":64},{"declaringClass":"io.cucumber.core.runner.PickleStepTestStep","methodName":"run","fileName":"PickleStepTestStep.java","lineNumber":51},{"declaringClass":"io.cucumber.core.runner.TestCase","methodName":"run","fileName":"TestCase.java","lineNumber":104},{"declaringClass":"io.cucumber.core.runner.Runner","methodName":"runPickle","fileName":"Runner.java","lineNumber":73},{"declaringClass":"io.cucumber.junit.FeatureRunner","methodName":"runChild","fileName":"FeatureRunner.java","lineNumber":135},{"declaringClass":"io.cucumber.junit.FeatureRunner","methodName":"runChild","fileName":"FeatureRunner.java","lineNumber":27},{"declaringClass":"io.cucumber.junit.CucumberSerenityRunner","methodName":"runChild","fileName":"CucumberSerenityRunner.java","lineNumber":258},{"declaringClass":"io.cucumber.junit.CucumberSerenityRunner","methodName":"runChild","fileName":"CucumberSerenityRunner.java","lineNumber":57}]},"result":"ERROR","precondition":false,"level":1}]},{"number":15,"description":"Then Verify \"base membership\" Toggle \"off\"","duration":1,"startTime":"2022-10-13T14:42:20.166-04:00[America/New_York]","result":"SKIPPED","precondition":false,"level":0},{"number":16,"description":"Then Verify \"certificate upgrade\" is visible","duration":1,"startTime":"2022-10-13T14:42:20.168-04:00[America/New_York]","result":"SKIPPED","precondition":false,"level":0},{"number":17,"description":"Then Verify \"certificate upgrade\" Toggle \"off\"","duration":1,"startTime":"2022-10-13T14:42:20.170-04:00[America/New_York]","result":"SKIPPED","precondition":false,"level":0},{"number":18,"description":"Then Verify \"chapter\" is visible","duration":2,"startTime":"2022-10-13T14:42:20.171-04:00[America/New_York]","result":"SKIPPED","precondition":false,"level":0},{"number":19,"description":"Then Verify \"chapter\" Toggle \"off\"","duration":2,"startTime":"2022-10-13T14:42:20.173-04:00[America/New_York]","result":"SKIPPED","precondition":false,"level":0}],"userStory":{"id":"legacy-membership-without-auto-renew-with-login","storyName":"Legacy-Membership-without-auto-renew-with-login","path":"file:///C:/Users/CodeAutomation/Desktop/ACSM/ASCM_Automation/src/test/resources/AllTestCases/BrainTree/Memberships/MemershipLegacy_WithoutAutoRenew.feature","type":"feature"},"featureTag":{"name":"Memberships/Legacy-Membership-without-auto-renew-with-login","type":"feature","displayName":"Memberships/Legacy-Membership-without-auto-renew-with-login"},"title":"Legacy- membership-without-auto-renew-with-login","description":"","startTime":"2022-10-13T14:38:52.256-04:00[America/New_York]","duration":207924,"testFailureCause":{"errorType":"java.lang.IllegalStateException","message":"assert failed","stackTrace":[{"declaringClass":"com.ibm.icu.impl.Assert","methodName":"assrt","fileName":"Assert.java","lineNumber":20},{"declaringClass":"com.ascm.pages.MembershipPage","methodName":"verifyToggleHeading","fileName":"MembershipPage.java","lineNumber":264},{"declaringClass":"com.test.suite.testSteps.MembershipSteps","methodName":"verifyToggleHeading","fileName":"MembershipSteps.java","lineNumber":73},{"declaringClass":"com.test.suite.stepDefination.MembershipStepDefs","methodName":"verifyToggleHeading","fileName":"MembershipStepDefs.java","lineNumber":73},{"declaringClass":"io.cucumber.java.Invoker","methodName":"doInvoke","fileName":"Invoker.java","lineNumber":66},{"declaringClass":"io.cucumber.java.Invoker","methodName":"invoke","fileName":"Invoker.java","lineNumber":24},{"declaringClass":"io.cucumber.java.AbstractGlueDefinition","methodName":"invokeMethod","fileName":"AbstractGlueDefinition.java","lineNumber":47},{"declaringClass":"io.cucumber.java.JavaStepDefinition","methodName":"execute","fileName":"JavaStepDefinition.java","lineNumber":29},{"declaringClass":"io.cucumber.core.runner.CoreStepDefinition","methodName":"execute","fileName":"CoreStepDefinition.java","lineNumber":66},{"declaringClass":"io.cucumber.core.runner.PickleStepDefinitionMatch","methodName":"runStep","fileName":"PickleStepDefinitionMatch.java","lineNumber":63},{"declaringClass":"io.cucumber.core.runner.TestStep","methodName":"executeStep","fileName":"TestStep.java","lineNumber":92},{"declaringClass":"io.cucumber.core.runner.TestStep","methodName":"run","fileName":"TestStep.java","lineNumber":64},{"declaringClass":"io.cucumber.core.runner.PickleStepTestStep","methodName":"run","fileName":"PickleStepTestStep.java","lineNumber":51},{"declaringClass":"io.cucumber.core.runner.TestCase","methodName":"run","fileName":"TestCase.java","lineNumber":104},{"declaringClass":"io.cucumber.core.runner.Runner","methodName":"runPickle","fileName":"Runner.java","lineNumber":73},{"declaringClass":"io.cucumber.junit.FeatureRunner","methodName":"runChild","fileName":"FeatureRunner.java","lineNumber":135},{"declaringClass":"io.cucumber.junit.FeatureRunner","methodName":"runChild","fileName":"FeatureRunner.java","lineNumber":27},{"declaringClass":"io.cucumber.junit.CucumberSerenityRunner","methodName":"runChild","fileName":"CucumberSerenityRunner.java","lineNumber":258},{"declaringClass":"io.cucumber.junit.CucumberSerenityRunner","methodName":"runChild","fileName":"CucumberSerenityRunner.java","lineNumber":57}]},"testFailureClassname":"java.lang.IllegalStateException","testFailureMessage":"assert failed","testFailureSummary":"ERROR;java.lang.IllegalStateException;assert failed;Assert.java","projectKey":"","annotatedResult":"ERROR","sessionId":"ef2783840249acd5288a60967d4ed28e","driver":"chrome","isManualTestingUpToDate":false,"manual":false,"testSource":"Cucumber","result":"ERROR"}