{"name":"CLTD-First-Attempt-BrainTree-CC","id":"cltd-first-attempt-braintree-cc;cltd-first-attempt-braintree-cc","testSteps":[{"number":1,"description":"Given Launch Create Account","duration":9673,"startTime":"2022-10-13T13:13:47.555-04:00[America/New_York]","result":"SUCCESS","precondition":false,"level":0,"children":[{"number":2,"description":"Launch create account step","duration":9665,"startTime":"2022-10-13T13:13:47.561-04:00[America/New_York]","result":"SUCCESS","precondition":false,"level":1}]},{"number":3,"description":"Then Click on OK button for cookie","duration":65580,"startTime":"2022-10-13T13:13:57.229-04:00[America/New_York]","result":"SUCCESS","precondition":false,"level":0,"children":[{"number":4,"description":"Click on cookie step","duration":65572,"startTime":"2022-10-13T13:13:57.233-04:00[America/New_York]","result":"SUCCESS","precondition":false,"level":1}]},{"number":5,"description":"Then Enter New Email \"email\"","duration":429,"startTime":"2022-10-13T13:15:02.810-04:00[America/New_York]","result":"SUCCESS","precondition":false,"level":0,"children":[{"number":6,"description":"Enter email: Automation1665681302812@gmail.com","duration":424,"startTime":"2022-10-13T13:15:02.813-04:00[America/New_York]","result":"SUCCESS","precondition":false,"level":1}]},{"number":7,"description":"Then Enter New Password \"Testing1\"","duration":406,"startTime":"2022-10-13T13:15:03.239-04:00[America/New_York]","result":"SUCCESS","precondition":false,"level":0,"children":[{"number":8,"description":"Enter password: Testing1","duration":403,"startTime":"2022-10-13T13:15:03.241-04:00[America/New_York]","result":"SUCCESS","precondition":false,"level":1}]},{"number":9,"description":"Then Enter First Name \"Automation\"","duration":390,"startTime":"2022-10-13T13:15:03.645-04:00[America/New_York]","result":"SUCCESS","precondition":false,"level":0,"children":[{"number":10,"description":"Enter first name: Automation","duration":388,"startTime":"2022-10-13T13:15:03.646-04:00[America/New_York]","result":"SUCCESS","precondition":false,"level":1}]},{"number":11,"description":"Then Enter Last Name \"qa\"","duration":379,"startTime":"2022-10-13T13:15:04.036-04:00[America/New_York]","result":"SUCCESS","precondition":false,"level":0,"children":[{"number":12,"description":"Enter last name: qa","duration":377,"startTime":"2022-10-13T13:15:04.037-04:00[America/New_York]","result":"SUCCESS","precondition":false,"level":1}]},{"number":13,"description":"Then Click Ceck Term","duration":60471,"startTime":"2022-10-13T13:15:04.416-04:00[America/New_York]","result":"SUCCESS","precondition":false,"level":0,"children":[{"number":14,"description":"Click check term","duration":60463,"startTime":"2022-10-13T13:15:04.417-04:00[America/New_York]","result":"SUCCESS","precondition":false,"level":1}]},{"number":15,"description":"Then Enter Job Title \"QA\"","duration":428,"startTime":"2022-10-13T13:16:04.889-04:00[America/New_York]","result":"SUCCESS","precondition":false,"level":0,"children":[{"number":16,"description":"Enter job title: QA","duration":422,"startTime":"2022-10-13T13:16:04.894-04:00[America/New_York]","result":"SUCCESS","precondition":false,"level":1}]},{"number":17,"description":"Then Click Submit","duration":30552,"startTime":"2022-10-13T13:16:05.318-04:00[America/New_York]","result":"SUCCESS","precondition":false,"level":0,"children":[{"number":18,"description":"Click submit button step","duration":30547,"startTime":"2022-10-13T13:16:05.319-04:00[America/New_York]","result":"SUCCESS","precondition":false,"level":1}]},{"number":19,"description":"Then Click Login Button","duration":9077,"startTime":"2022-10-13T13:16:35.871-04:00[America/New_York]","result":"SUCCESS","precondition":false,"level":0,"children":[{"number":20,"description":"Click log in button","duration":9070,"startTime":"2022-10-13T13:16:35.877-04:00[America/New_York]","result":"SUCCESS","precondition":false,"level":1}]},{"number":21,"description":"Then Enter username \"email\"","duration":401,"startTime":"2022-10-13T13:16:44.949-04:00[America/New_York]","result":"SUCCESS","precondition":false,"level":0,"children":[{"number":22,"description":"Enter user name step: Automation1665681302812@gmail.com","duration":399,"startTime":"2022-10-13T13:16:44.950-04:00[America/New_York]","result":"SUCCESS","precondition":false,"level":1}]},{"number":23,"description":"Then Enter password \"Testing1\"","duration":381,"startTime":"2022-10-13T13:16:45.351-04:00[America/New_York]","result":"SUCCESS","precondition":false,"level":0,"children":[{"number":24,"description":"Enter password step: Testing1","duration":377,"startTime":"2022-10-13T13:16:45.352-04:00[America/New_York]","result":"SUCCESS","precondition":false,"level":1}]},{"number":25,"description":"And Click submit","duration":10732,"startTime":"2022-10-13T13:16:45.733-04:00[America/New_York]","result":"SUCCESS","precondition":false,"level":0,"children":[{"number":26,"description":"Click submit button step","duration":10729,"startTime":"2022-10-13T13:16:45.734-04:00[America/New_York]","result":"SUCCESS","precondition":false,"level":1}]},{"number":27,"description":"Then Click Learning And Development Top Navigation","duration":5179,"startTime":"2022-10-13T13:16:56.465-04:00[America/New_York]","result":"SUCCESS","precondition":false,"level":0,"children":[{"number":28,"description":"Click learning and development top navigation","duration":5171,"startTime":"2022-10-13T13:16:56.471-04:00[America/New_York]","result":"SUCCESS","precondition":false,"level":1}]},{"number":29,"description":"Then Click CLTD","duration":24101,"startTime":"2022-10-13T13:17:01.644-04:00[America/New_York]","result":"SUCCESS","precondition":false,"level":0,"children":[{"number":30,"description":"Click CLTD","duration":24098,"startTime":"2022-10-13T13:17:01.645-04:00[America/New_York]","result":"SUCCESS","precondition":false,"level":1}]},{"number":31,"description":"Then Exam Add To Card","duration":118,"startTime":"2022-10-13T13:17:25.746-04:00[America/New_York]","result":"SUCCESS","precondition":false,"level":0,"children":[{"number":32,"description":"Click add to card exam button","duration":116,"startTime":"2022-10-13T13:17:25.747-04:00[America/New_York]","result":"SUCCESS","precondition":false,"level":1}]},{"number":33,"description":"Then Click Proceed to Continue button","duration":17137,"startTime":"2022-10-13T13:17:25.865-04:00[America/New_York]","result":"SUCCESS","precondition":false,"level":0,"children":[{"number":34,"description":"Click proceed to check out button step","duration":17131,"startTime":"2022-10-13T13:17:25.870-04:00[America/New_York]","result":"SUCCESS","precondition":false,"level":1}]},{"number":35,"description":"Then click Work Address Radio Button","duration":184917,"startTime":"2022-10-13T13:17:43.002-04:00[America/New_York]","result":"SUCCESS","precondition":false,"level":0,"children":[{"number":36,"description":"Click work address readio button","duration":181899,"startTime":"2022-10-13T13:17:46.018-04:00[America/New_York]","result":"SUCCESS","precondition":false,"level":1}]},{"number":37,"description":"Then Fill in the following For Address\r\n| Field | Value |\r\n| country | USA |\r\n| company | CC |\r\n| streetAddress | 8430 W Bryn Mawr Ave |\r\n| City | Chicago |\r\n| State | IL |\r\n| postalCode | 60631 |\r\n| CountryType | Work |\r\n| Country Code | 1 |\r\n| Area Code | 452 |\r\n| Phone Number | 3667788 |","duration":16899,"startTime":"2022-10-13T13:20:47.920-04:00[America/New_York]","result":"SUCCESS","precondition":false,"level":0,"children":[{"number":38,"description":"Select country step: USA","duration":6275,"startTime":"2022-10-13T13:20:47.922-04:00[America/New_York]","result":"SUCCESS","precondition":false,"level":1},{"number":39,"description":"Enter company: CC","duration":5764,"startTime":"2022-10-13T13:20:54.198-04:00[America/New_York]","result":"SUCCESS","precondition":false,"level":1},{"number":40,"description":"Enter mailing address line1 step: 8430 W Bryn Mawr Ave","duration":2486,"startTime":"2022-10-13T13:20:59.963-04:00[America/New_York]","result":"SUCCESS","precondition":false,"level":1},{"number":41,"description":"Enter mailingcity step: Chicago","duration":389,"startTime":"2022-10-13T13:21:02.449-04:00[America/New_York]","result":"SUCCESS","precondition":false,"level":1},{"number":42,"description":"Enter mailing state step: IL","duration":336,"startTime":"2022-10-13T13:21:02.839-04:00[America/New_York]","result":"SUCCESS","precondition":false,"level":1},{"number":43,"description":"Enter maililing zip code step: 60631","duration":390,"startTime":"2022-10-13T13:21:03.176-04:00[America/New_York]","result":"SUCCESS","precondition":false,"level":1},{"number":44,"description":"Select country type: Work","duration":225,"startTime":"2022-10-13T13:21:03.567-04:00[America/New_York]","result":"SUCCESS","precondition":false,"level":1},{"number":45,"description":"Select country area code: 1","duration":255,"startTime":"2022-10-13T13:21:03.792-04:00[America/New_York]","result":"SUCCESS","precondition":false,"level":1},{"number":46,"description":"Enter area code: 452","duration":410,"startTime":"2022-10-13T13:21:04.047-04:00[America/New_York]","result":"SUCCESS","precondition":false,"level":1},{"number":47,"description":"Enter phone number: 3667788","duration":361,"startTime":"2022-10-13T13:21:04.457-04:00[America/New_York]","result":"SUCCESS","precondition":false,"level":1}]},{"number":48,"description":"Then Click Next Payment Information button","duration":139442,"startTime":"2022-10-13T13:21:04.820-04:00[America/New_York]","result":"SUCCESS","precondition":false,"level":0,"children":[{"number":49,"description":"Click continue button step","duration":139434,"startTime":"2022-10-13T13:21:04.821-04:00[America/New_York]","result":"SUCCESS","precondition":false,"level":1}]},{"number":50,"description":"Then Click same as billing button","duration":133,"startTime":"2022-10-13T13:23:24.264-04:00[America/New_York]","result":"SUCCESS","precondition":false,"level":0,"children":[{"number":51,"description":"Click same as billing button step","duration":126,"startTime":"2022-10-13T13:23:24.270-04:00[America/New_York]","result":"SUCCESS","precondition":false,"level":1}]},{"number":52,"description":"Then Choose a \"Card\" brain tree plan to pay","duration":40204,"startTime":"2022-10-13T13:23:24.398-04:00[America/New_York]","result":"SUCCESS","precondition":false,"level":0,"children":[{"number":53,"description":"Chooseawaytopay: Card","duration":40201,"startTime":"2022-10-13T13:23:24.399-04:00[America/New_York]","result":"SUCCESS","precondition":false,"level":1}]},{"number":54,"description":"Then Fill in the following fields for Brain Tree Payment Method section\r\n| Field | Value |\r\n| Card Number | credit_card_no |\r\n| Expiration | credit_card_expiry |\r\n| Security Code | credit_card_security_code |\r\n| Postal Code | credit_card_postal_code |","duration":41830,"startTime":"2022-10-13T13:24:04.603-04:00[America/New_York]","result":"SUCCESS","precondition":false,"level":0,"children":[{"number":55,"description":"Enter brain tree credit card no step: 4111111111111111","duration":422,"startTime":"2022-10-13T13:24:44.651-04:00[America/New_York]","result":"SUCCESS","precondition":false,"level":1},{"number":56,"description":"Enter brain tree credit expiration step: 01/23","duration":449,"startTime":"2022-10-13T13:24:45.073-04:00[America/New_York]","result":"SUCCESS","precondition":false,"level":1},{"number":57,"description":"Enter brain tree credit card CVV step: 123","duration":449,"startTime":"2022-10-13T13:24:45.522-04:00[America/New_York]","result":"SUCCESS","precondition":false,"level":1},{"number":58,"description":"Enter brain tree credit postal code step: 60631","duration":461,"startTime":"2022-10-13T13:24:45.971-04:00[America/New_York]","result":"SUCCESS","precondition":false,"level":1}]},{"number":59,"description":"Then Click Next Review button","duration":125871,"startTime":"2022-10-13T13:24:46.434-04:00[America/New_York]","result":"SUCCESS","precondition":false,"level":0,"children":[{"number":60,"description":"Click next reviw button step","duration":125867,"startTime":"2022-10-13T13:24:46.435-04:00[America/New_York]","result":"SUCCESS","precondition":false,"level":1}]},{"number":61,"description":"Then Click Place Order button","duration":5250,"startTime":"2022-10-13T13:26:52.305-04:00[America/New_York]","result":"SUCCESS","precondition":false,"level":0,"children":[{"number":62,"description":"Click place order button step","duration":5245,"startTime":"2022-10-13T13:26:52.307-04:00[America/New_York]","result":"SUCCESS","precondition":false,"level":1}]},{"number":63,"description":"Then Get ReferenceCode","duration":53857,"startTime":"2022-10-13T13:26:57.556-04:00[America/New_York]","result":"SUCCESS","precondition":false,"level":0,"children":[{"number":64,"description":"Get reference code","duration":53846,"startTime":"2022-10-13T13:26:57.560-04:00[America/New_York]","result":"SUCCESS","reportData":[{"title":"Reference Code","contents":"Reference Code: PO2218717162","isEvidence":false,"id":"report-data-5a0c0f78-4b22-4238-8785-3b0878a99e13"}],"precondition":false,"level":1}]}],"userStory":{"id":"cltd-first-attempt-braintree-cc","storyName":"CLTD-First-Attempt-BrainTree-CC","path":"file:///C:/Users/CodeAutomation/Desktop/ACSM/ASCM_Automation/src/test/resources/AllTestCases/BrainTree/ExamPurchase/ExamPurchaseWithLoginBrainTreeCC/CLTDFirstExamAttempBT.feature","type":"feature"},"featureTag":{"name":"Exam purchase with login brain tree CC/CLTD-First-Attempt-BrainTree-CC","type":"feature","displayName":"Exam purchase with login brain tree CC/CLTD-First-Attempt-BrainTree-CC"},"title":"Cltd- first- attempt- brain Tree-CC","description":"","startTime":"2022-10-13T13:13:47.551-04:00[America/New_York]","duration":843865,"projectKey":"","sessionId":"5de1bbab820dfd77c034d95382fe0424","driver":"chrome","isManualTestingUpToDate":false,"manual":false,"testSource":"Cucumber","result":"SUCCESS"}