{"name":"MembershipOnly","id":"membershiponly;membershiponly","testSteps":[{"number":1,"description":"Given Launch Create Account","duration":11652,"startTime":"2022-10-13T16:51:49.357-04:00[America/New_York]","result":"SUCCESS","precondition":false,"level":0,"children":[{"number":2,"description":"Launch create account step","duration":11645,"startTime":"2022-10-13T16:51:49.363-04:00[America/New_York]","result":"SUCCESS","precondition":false,"level":1}]},{"number":3,"description":"Then Click on OK button for cookie","duration":65372,"startTime":"2022-10-13T16:52:01.009-04:00[America/New_York]","result":"SUCCESS","precondition":false,"level":0,"children":[{"number":4,"description":"Click on cookie step","duration":65366,"startTime":"2022-10-13T16:52:01.013-04:00[America/New_York]","result":"SUCCESS","precondition":false,"level":1}]},{"number":5,"description":"Then Enter New Email \"email\"","duration":430,"startTime":"2022-10-13T16:53:06.381-04:00[America/New_York]","result":"SUCCESS","precondition":false,"level":0,"children":[{"number":6,"description":"Enter email: Automation1665694386382@gmail.com","duration":428,"startTime":"2022-10-13T16:53:06.382-04:00[America/New_York]","result":"SUCCESS","precondition":false,"level":1}]},{"number":7,"description":"Then Enter New Password \"Testing1\"","duration":397,"startTime":"2022-10-13T16:53:06.812-04:00[America/New_York]","result":"SUCCESS","precondition":false,"level":0,"children":[{"number":8,"description":"Enter password: Testing1","duration":395,"startTime":"2022-10-13T16:53:06.813-04:00[America/New_York]","result":"SUCCESS","precondition":false,"level":1}]},{"number":9,"description":"Then Enter First Name \"Automation\"","duration":392,"startTime":"2022-10-13T16:53:07.210-04:00[America/New_York]","result":"SUCCESS","precondition":false,"level":0,"children":[{"number":10,"description":"Enter first name: Automation","duration":390,"startTime":"2022-10-13T16:53:07.211-04:00[America/New_York]","result":"SUCCESS","precondition":false,"level":1}]},{"number":11,"description":"Then Enter Last Name \"qa\"","duration":385,"startTime":"2022-10-13T16:53:07.603-04:00[America/New_York]","result":"SUCCESS","precondition":false,"level":0,"children":[{"number":12,"description":"Enter last name: qa","duration":383,"startTime":"2022-10-13T16:53:07.604-04:00[America/New_York]","result":"SUCCESS","precondition":false,"level":1}]},{"number":13,"description":"Then Click Ceck Term","duration":60423,"startTime":"2022-10-13T16:53:07.989-04:00[America/New_York]","result":"SUCCESS","precondition":false,"level":0,"children":[{"number":14,"description":"Click check term","duration":60421,"startTime":"2022-10-13T16:53:07.989-04:00[America/New_York]","result":"SUCCESS","precondition":false,"level":1}]},{"number":15,"description":"Then Enter Job Title \"QA\"","duration":390,"startTime":"2022-10-13T16:54:08.413-04:00[America/New_York]","result":"SUCCESS","precondition":false,"level":0,"children":[{"number":16,"description":"Enter job title: QA","duration":388,"startTime":"2022-10-13T16:54:08.414-04:00[America/New_York]","result":"SUCCESS","precondition":false,"level":1}]},{"number":17,"description":"Then Click Submit","duration":30520,"startTime":"2022-10-13T16:54:08.804-04:00[America/New_York]","result":"SUCCESS","precondition":false,"level":0,"children":[{"number":18,"description":"Click submit button step","duration":30517,"startTime":"2022-10-13T16:54:08.805-04:00[America/New_York]","result":"SUCCESS","precondition":false,"level":1}]},{"number":19,"description":"Then Click Login Button","duration":8277,"startTime":"2022-10-13T16:54:39.325-04:00[America/New_York]","result":"SUCCESS","precondition":false,"level":0,"children":[{"number":20,"description":"Click log in button","duration":8275,"startTime":"2022-10-13T16:54:39.326-04:00[America/New_York]","result":"SUCCESS","precondition":false,"level":1}]},{"number":21,"description":"Then Enter username \"email\"","duration":417,"startTime":"2022-10-13T16:54:47.603-04:00[America/New_York]","result":"SUCCESS","precondition":false,"level":0,"children":[{"number":22,"description":"Enter user name step: Automation1665694386382@gmail.com","duration":415,"startTime":"2022-10-13T16:54:47.604-04:00[America/New_York]","result":"SUCCESS","precondition":false,"level":1}]},{"number":23,"description":"Then Enter password \"Testing1\"","duration":398,"startTime":"2022-10-13T16:54:48.021-04:00[America/New_York]","result":"SUCCESS","precondition":false,"level":0,"children":[{"number":24,"description":"Enter password step: Testing1","duration":397,"startTime":"2022-10-13T16:54:48.021-04:00[America/New_York]","result":"SUCCESS","precondition":false,"level":1}]},{"number":25,"description":"And Click submit","duration":12688,"startTime":"2022-10-13T16:54:48.419-04:00[America/New_York]","result":"SUCCESS","precondition":false,"level":0,"children":[{"number":26,"description":"Click submit button step","duration":12686,"startTime":"2022-10-13T16:54:48.420-04:00[America/New_York]","result":"SUCCESS","precondition":false,"level":1}]},{"number":27,"description":"Then Go to Cart","duration":2020,"startTime":"2022-10-13T16:55:01.108-04:00[America/New_York]","result":"SUCCESS","precondition":false,"level":0,"children":[{"number":28,"description":"Go cart page step","duration":2014,"startTime":"2022-10-13T16:55:01.112-04:00[America/New_York]","result":"SUCCESS","precondition":false,"level":1}]},{"number":29,"description":"Then Empty The Cart","duration":30026,"startTime":"2022-10-13T16:55:03.129-04:00[America/New_York]","result":"SUCCESS","precondition":false,"level":0,"children":[{"number":30,"description":"Delete all existing orders","duration":30022,"startTime":"2022-10-13T16:55:03.130-04:00[America/New_York]","result":"SUCCESS","precondition":false,"level":1}]},{"number":31,"description":"Then Go to Membership Page","duration":4943,"startTime":"2022-10-13T16:55:33.156-04:00[America/New_York]","result":"SUCCESS","precondition":false,"level":0,"children":[{"number":32,"description":"Go membership page step","duration":4940,"startTime":"2022-10-13T16:55:33.158-04:00[America/New_York]","result":"SUCCESS","precondition":false,"level":1}]},{"number":33,"description":"Then Click Become a Memeber","duration":3727,"startTime":"2022-10-13T16:55:38.100-04:00[America/New_York]","result":"SUCCESS","precondition":false,"level":0,"children":[{"number":34,"description":"Click on become a member","duration":3725,"startTime":"2022-10-13T16:55:38.101-04:00[America/New_York]","result":"SUCCESS","precondition":false,"level":1}]},{"number":35,"description":"Then Click Agreement Checkbox","duration":3113,"startTime":"2022-10-13T16:55:41.827-04:00[America/New_York]","result":"SUCCESS","precondition":false,"level":0,"children":[{"number":36,"description":"Click agreement checkbox step","duration":3111,"startTime":"2022-10-13T16:55:41.828-04:00[America/New_York]","result":"SUCCESS","precondition":false,"level":1}]},{"number":37,"description":"Then Click Add To Cart button","duration":3358,"startTime":"2022-10-13T16:55:44.940-04:00[America/New_York]","result":"SUCCESS","precondition":false,"level":0,"children":[{"number":38,"description":"Click add to cart button step","duration":3355,"startTime":"2022-10-13T16:55:44.941-04:00[America/New_York]","result":"SUCCESS","precondition":false,"level":1}]},{"number":39,"description":"Then Click Skip Membership Chapter","duration":3150,"startTime":"2022-10-13T16:55:48.298-04:00[America/New_York]","result":"SUCCESS","precondition":false,"level":0,"children":[{"number":40,"description":"Click skip membership button step","duration":3147,"startTime":"2022-10-13T16:55:48.300-04:00[America/New_York]","result":"SUCCESS","precondition":false,"level":1}]},{"number":41,"description":"Then Click Proceed to Continue button","duration":14780,"startTime":"2022-10-13T16:55:51.448-04:00[America/New_York]","result":"SUCCESS","precondition":false,"level":0,"children":[{"number":42,"description":"Click proceed to check out button step","duration":14771,"startTime":"2022-10-13T16:55:51.455-04:00[America/New_York]","result":"SUCCESS","precondition":false,"level":1}]},{"number":43,"description":"Then click Work Address Radio Button","duration":185101,"startTime":"2022-10-13T16:56:06.229-04:00[America/New_York]","result":"SUCCESS","precondition":false,"level":0,"children":[{"number":44,"description":"Click work address readio button","duration":182080,"startTime":"2022-10-13T16:56:09.248-04:00[America/New_York]","result":"SUCCESS","precondition":false,"level":1}]},{"number":45,"description":"Then Fill in the following fields for international mailing section\r\n| Field | Value |\r\n| company | mailing_company |\r\n| streetAddress | mailing_address |\r\n| City | mailing_city |\r\n| State | mailing_state |\r\n| postalCode | mailing_postal_code |\r\n| CountryType | mailing_country_type |\r\n| Country Code | mailing_country_code |\r\n| Area Code | mailing_area_code |\r\n| Phone Number | mailing_phone_no |","duration":10537,"startTime":"2022-10-13T16:59:11.331-04:00[America/New_York]","result":"SUCCESS","precondition":false,"level":0,"children":[{"number":46,"description":"Enter company: CC","duration":5672,"startTime":"2022-10-13T16:59:11.333-04:00[America/New_York]","result":"SUCCESS","precondition":false,"level":1},{"number":47,"description":"Enter mailing address line1 step: 8430 W Bryn Mawr Ave","duration":2442,"startTime":"2022-10-13T16:59:17.005-04:00[America/New_York]","result":"SUCCESS","precondition":false,"level":1},{"number":48,"description":"Enter mailingcity step: Chicago","duration":404,"startTime":"2022-10-13T16:59:19.447-04:00[America/New_York]","result":"SUCCESS","precondition":false,"level":1},{"number":49,"description":"Enter mailing state step: IL","duration":340,"startTime":"2022-10-13T16:59:19.851-04:00[America/New_York]","result":"SUCCESS","precondition":false,"level":1},{"number":50,"description":"Enter maililing zip code step: 60631","duration":379,"startTime":"2022-10-13T16:59:20.192-04:00[America/New_York]","result":"SUCCESS","precondition":false,"level":1},{"number":51,"description":"Select country type: Work","duration":227,"startTime":"2022-10-13T16:59:20.572-04:00[America/New_York]","result":"SUCCESS","precondition":false,"level":1},{"number":52,"description":"Select country area code: 1","duration":237,"startTime":"2022-10-13T16:59:20.800-04:00[America/New_York]","result":"SUCCESS","precondition":false,"level":1},{"number":53,"description":"Enter area code: 773","duration":416,"startTime":"2022-10-13T16:59:21.037-04:00[America/New_York]","result":"SUCCESS","precondition":false,"level":1},{"number":54,"description":"Enter phone number: 7647422","duration":414,"startTime":"2022-10-13T16:59:21.453-04:00[America/New_York]","result":"SUCCESS","precondition":false,"level":1}]},{"number":55,"description":"Then Click Next Payment Information button","duration":139303,"startTime":"2022-10-13T16:59:21.868-04:00[America/New_York]","result":"SUCCESS","precondition":false,"level":0,"children":[{"number":56,"description":"Click continue button step","duration":139301,"startTime":"2022-10-13T16:59:21.869-04:00[America/New_York]","result":"SUCCESS","precondition":false,"level":1}]},{"number":57,"description":"Then Click same as billing button","duration":119,"startTime":"2022-10-13T17:01:41.172-04:00[America/New_York]","result":"SUCCESS","precondition":false,"level":0,"children":[{"number":58,"description":"Click same as billing button step","duration":118,"startTime":"2022-10-13T17:01:41.172-04:00[America/New_York]","result":"SUCCESS","precondition":false,"level":1}]},{"number":59,"description":"Then Choose a \"Card\" brain tree plan to pay","duration":40165,"startTime":"2022-10-13T17:01:41.291-04:00[America/New_York]","result":"SUCCESS","precondition":false,"level":0,"children":[{"number":60,"description":"Chooseawaytopay: Card","duration":40162,"startTime":"2022-10-13T17:01:41.292-04:00[America/New_York]","result":"SUCCESS","precondition":false,"level":1}]},{"number":61,"description":"Then Fill in the following fields for Brain Tree Payment Method section\r\n| Field | Value |\r\n| Card Number | credit_card_no |\r\n| Expiration | credit_card_expiry |\r\n| Security Code | credit_card_security_code |\r\n| Postal Code | credit_card_postal_code |","duration":41807,"startTime":"2022-10-13T17:02:21.456-04:00[America/New_York]","result":"SUCCESS","precondition":false,"level":0,"children":[{"number":62,"description":"Enter brain tree credit card no step: 4111111111111111","duration":437,"startTime":"2022-10-13T17:03:01.517-04:00[America/New_York]","result":"SUCCESS","precondition":false,"level":1},{"number":63,"description":"Enter brain tree credit expiration step: 01/23","duration":417,"startTime":"2022-10-13T17:03:01.954-04:00[America/New_York]","result":"SUCCESS","precondition":false,"level":1},{"number":64,"description":"Enter brain tree credit card CVV step: 123","duration":446,"startTime":"2022-10-13T17:03:02.371-04:00[America/New_York]","result":"SUCCESS","precondition":false,"level":1},{"number":65,"description":"Enter brain tree credit postal code step: 60631","duration":443,"startTime":"2022-10-13T17:03:02.818-04:00[America/New_York]","result":"SUCCESS","precondition":false,"level":1}]},{"number":66,"description":"Then Click Next Review button","duration":125772,"startTime":"2022-10-13T17:03:03.263-04:00[America/New_York]","result":"SUCCESS","precondition":false,"level":0,"children":[{"number":67,"description":"Click next reviw button step","duration":125765,"startTime":"2022-10-13T17:03:03.264-04:00[America/New_York]","result":"SUCCESS","precondition":false,"level":1}]},{"number":68,"description":"Then Click Place Order button","duration":5310,"startTime":"2022-10-13T17:05:09.037-04:00[America/New_York]","result":"SUCCESS","precondition":false,"level":0,"children":[{"number":69,"description":"Click place order button step","duration":5302,"startTime":"2022-10-13T17:05:09.041-04:00[America/New_York]","result":"SUCCESS","precondition":false,"level":1}]},{"number":70,"description":"Then Get ReferenceCode","duration":19985,"startTime":"2022-10-13T17:05:14.348-04:00[America/New_York]","result":"SUCCESS","precondition":false,"level":0,"children":[{"number":71,"description":"Get reference code","duration":19981,"startTime":"2022-10-13T17:05:14.351-04:00[America/New_York]","result":"SUCCESS","reportData":[{"title":"Reference Code","contents":"Reference Code: PO2218738404","isEvidence":false,"id":"report-data-3185ed4e-b87a-45d9-9baf-6211b5d59fa8"}],"precondition":false,"level":1}]}],"userStory":{"id":"membershiponly","storyName":"MembershipOnly","path":"file:///C:/Users/CodeAutomation/Desktop/ACSM/ASCM_Automation/src/test/resources/AllTestCases/BrainTree/Memberships/RegularMembership/MemershipOnly.feature","type":"feature"},"featureTag":{"name":"Regular membership/MembershipOnly","type":"feature","displayName":"Regular membership/MembershipOnly"},"title":"Membership only","description":"","startTime":"2022-10-13T16:51:49.356-04:00[America/New_York]","duration":824978,"projectKey":"","sessionId":"780052353da228b530eb19a07b41c6ee","driver":"chrome","isManualTestingUpToDate":false,"manual":false,"testSource":"Cucumber","result":"SUCCESS"}