{"name":"Verify-Select-Skip-Certificate-Membership","id":"verify-select-skip-certificate-membership;verify-select-skip-certificate-membership","testSteps":[{"number":1,"description":"Given Launch Create Account","duration":9564,"startTime":"2022-10-13T15:00:21.360-04:00[America/New_York]","result":"SUCCESS","precondition":false,"level":0,"children":[{"number":2,"description":"Launch create account step","duration":9557,"startTime":"2022-10-13T15:00:21.365-04:00[America/New_York]","result":"SUCCESS","precondition":false,"level":1}]},{"number":3,"description":"Then Click on OK button for cookie","duration":65494,"startTime":"2022-10-13T15:00:30.925-04:00[America/New_York]","result":"SUCCESS","precondition":false,"level":0,"children":[{"number":4,"description":"Click on cookie step","duration":65487,"startTime":"2022-10-13T15:00:30.930-04:00[America/New_York]","result":"SUCCESS","precondition":false,"level":1}]},{"number":5,"description":"Then Enter New Email \"email\"","duration":412,"startTime":"2022-10-13T15:01:36.419-04:00[America/New_York]","result":"SUCCESS","precondition":false,"level":0,"children":[{"number":6,"description":"Enter email: Automation1665687696420@gmail.com","duration":410,"startTime":"2022-10-13T15:01:36.420-04:00[America/New_York]","result":"SUCCESS","precondition":false,"level":1}]},{"number":7,"description":"Then Enter New Password \"Testing1\"","duration":395,"startTime":"2022-10-13T15:01:36.831-04:00[America/New_York]","result":"SUCCESS","precondition":false,"level":0,"children":[{"number":8,"description":"Enter password: Testing1","duration":393,"startTime":"2022-10-13T15:01:36.832-04:00[America/New_York]","result":"SUCCESS","precondition":false,"level":1}]},{"number":9,"description":"Then Enter First Name \"Automation\"","duration":363,"startTime":"2022-10-13T15:01:37.226-04:00[America/New_York]","result":"SUCCESS","precondition":false,"level":0,"children":[{"number":10,"description":"Enter first name: Automation","duration":361,"startTime":"2022-10-13T15:01:37.227-04:00[America/New_York]","result":"SUCCESS","precondition":false,"level":1}]},{"number":11,"description":"Then Enter Last Name \"qa\"","duration":381,"startTime":"2022-10-13T15:01:37.590-04:00[America/New_York]","result":"SUCCESS","precondition":false,"level":0,"children":[{"number":12,"description":"Enter last name: qa","duration":379,"startTime":"2022-10-13T15:01:37.591-04:00[America/New_York]","result":"SUCCESS","precondition":false,"level":1}]},{"number":13,"description":"Then Click Ceck Term","duration":60368,"startTime":"2022-10-13T15:01:37.971-04:00[America/New_York]","result":"SUCCESS","precondition":false,"level":0,"children":[{"number":14,"description":"Click check term","duration":60365,"startTime":"2022-10-13T15:01:37.972-04:00[America/New_York]","result":"SUCCESS","precondition":false,"level":1}]},{"number":15,"description":"Then Enter Job Title \"QA\"","duration":396,"startTime":"2022-10-13T15:02:38.339-04:00[America/New_York]","result":"SUCCESS","precondition":false,"level":0,"children":[{"number":16,"description":"Enter job title: QA","duration":393,"startTime":"2022-10-13T15:02:38.340-04:00[America/New_York]","result":"SUCCESS","precondition":false,"level":1}]},{"number":17,"description":"Then Click Submit","duration":30294,"startTime":"2022-10-13T15:02:38.735-04:00[America/New_York]","result":"SUCCESS","precondition":false,"level":0,"children":[{"number":18,"description":"Click submit button step","duration":30291,"startTime":"2022-10-13T15:02:38.736-04:00[America/New_York]","result":"SUCCESS","precondition":false,"level":1}]},{"number":19,"description":"Then Click Login Button","duration":8311,"startTime":"2022-10-13T15:03:09.029-04:00[America/New_York]","result":"SUCCESS","precondition":false,"level":0,"children":[{"number":20,"description":"Click log in button","duration":8308,"startTime":"2022-10-13T15:03:09.030-04:00[America/New_York]","result":"SUCCESS","precondition":false,"level":1}]},{"number":21,"description":"Then Enter username \"email\"","duration":376,"startTime":"2022-10-13T15:03:17.341-04:00[America/New_York]","result":"SUCCESS","precondition":false,"level":0,"children":[{"number":22,"description":"Enter user name step: Automation1665687696420@gmail.com","duration":374,"startTime":"2022-10-13T15:03:17.342-04:00[America/New_York]","result":"SUCCESS","precondition":false,"level":1}]},{"number":23,"description":"Then Enter password \"Testing1\"","duration":373,"startTime":"2022-10-13T15:03:17.720-04:00[America/New_York]","result":"SUCCESS","precondition":false,"level":0,"children":[{"number":24,"description":"Enter password step: Testing1","duration":371,"startTime":"2022-10-13T15:03:17.721-04:00[America/New_York]","result":"SUCCESS","precondition":false,"level":1}]},{"number":25,"description":"And Click submit","duration":11815,"startTime":"2022-10-13T15:03:18.093-04:00[America/New_York]","result":"SUCCESS","precondition":false,"level":0,"children":[{"number":26,"description":"Click submit button step","duration":11812,"startTime":"2022-10-13T15:03:18.094-04:00[America/New_York]","result":"SUCCESS","precondition":false,"level":1}]},{"number":27,"description":"Then Go to Cart","duration":2156,"startTime":"2022-10-13T15:03:29.909-04:00[America/New_York]","result":"SUCCESS","precondition":false,"level":0,"children":[{"number":28,"description":"Go cart page step","duration":2148,"startTime":"2022-10-13T15:03:29.916-04:00[America/New_York]","result":"SUCCESS","precondition":false,"level":1}]},{"number":29,"description":"Then Empty The Cart","duration":30087,"startTime":"2022-10-13T15:03:32.065-04:00[America/New_York]","result":"SUCCESS","precondition":false,"level":0,"children":[{"number":30,"description":"Delete all existing orders","duration":30081,"startTime":"2022-10-13T15:03:32.066-04:00[America/New_York]","result":"SUCCESS","precondition":false,"level":1}]},{"number":31,"description":"Then Go to Membership Page","duration":4640,"startTime":"2022-10-13T15:04:02.153-04:00[America/New_York]","result":"SUCCESS","precondition":false,"level":0,"children":[{"number":32,"description":"Go membership page step","duration":4636,"startTime":"2022-10-13T15:04:02.156-04:00[America/New_York]","result":"SUCCESS","precondition":false,"level":1}]},{"number":33,"description":"Then Click Become a Memeber","duration":4238,"startTime":"2022-10-13T15:04:06.793-04:00[America/New_York]","result":"SUCCESS","precondition":false,"level":0,"children":[{"number":34,"description":"Click on become a member","duration":4236,"startTime":"2022-10-13T15:04:06.794-04:00[America/New_York]","result":"SUCCESS","precondition":false,"level":1}]},{"number":35,"description":"Then Get Membership Amount","duration":11133,"startTime":"2022-10-13T15:04:11.032-04:00[America/New_York]","result":"SUCCESS","precondition":false,"level":0,"children":[{"number":36,"description":"Get current membership","duration":11131,"startTime":"2022-10-13T15:04:11.033-04:00[America/New_York]","result":"SUCCESS","precondition":false,"level":1}]},{"number":37,"description":"Then Adding Certificate","duration":1,"startTime":"2022-10-13T15:04:22.166-04:00[America/New_York]","result":"SUCCESS","precondition":false,"level":0},{"number":38,"description":"Then Click Certificate Upgrade Checkbox","duration":3157,"startTime":"2022-10-13T15:04:22.167-04:00[America/New_York]","result":"SUCCESS","precondition":false,"level":0,"children":[{"number":39,"description":"Click certificate upgrade checkbox step","duration":3153,"startTime":"2022-10-13T15:04:22.168-04:00[America/New_York]","result":"SUCCESS","precondition":false,"level":1}]},{"number":40,"description":"Then Verify Membership Value is Updated \"CertificateAdded\"","duration":2288,"startTime":"2022-10-13T15:04:25.324-04:00[America/New_York]","result":"SUCCESS","precondition":false,"level":0,"children":[{"number":41,"description":"Verify membership value: CertificateAdded","duration":2286,"startTime":"2022-10-13T15:04:25.325-04:00[America/New_York]","result":"SUCCESS","precondition":false,"level":1}]},{"number":42,"description":"Then Removing Certificate","duration":2,"startTime":"2022-10-13T15:04:27.612-04:00[America/New_York]","result":"SUCCESS","precondition":false,"level":0},{"number":43,"description":"Then Click Certificate Upgrade Checkbox","duration":3136,"startTime":"2022-10-13T15:04:27.614-04:00[America/New_York]","result":"SUCCESS","precondition":false,"level":0,"children":[{"number":44,"description":"Click certificate upgrade checkbox step","duration":3133,"startTime":"2022-10-13T15:04:27.615-04:00[America/New_York]","result":"SUCCESS","precondition":false,"level":1}]},{"number":45,"description":"Then Verify Membership Value is Updated \"CertificateNotAdded\"","duration":2266,"startTime":"2022-10-13T15:04:30.750-04:00[America/New_York]","result":"SUCCESS","precondition":false,"level":0,"children":[{"number":46,"description":"Verify membership value: CertificateNotAdded","duration":2264,"startTime":"2022-10-13T15:04:30.751-04:00[America/New_York]","result":"SUCCESS","precondition":false,"level":1}]},{"number":47,"description":"Then Click Agreement Checkbox","duration":3167,"startTime":"2022-10-13T15:04:33.017-04:00[America/New_York]","result":"SUCCESS","precondition":false,"level":0,"children":[{"number":48,"description":"Click agreement checkbox step","duration":3164,"startTime":"2022-10-13T15:04:33.018-04:00[America/New_York]","result":"SUCCESS","precondition":false,"level":1}]},{"number":49,"description":"Then Click Add To Cart button","duration":3360,"startTime":"2022-10-13T15:04:36.184-04:00[America/New_York]","result":"SUCCESS","precondition":false,"level":0,"children":[{"number":50,"description":"Click add to cart button step","duration":3358,"startTime":"2022-10-13T15:04:36.185-04:00[America/New_York]","result":"SUCCESS","precondition":false,"level":1}]}],"userStory":{"id":"verify-select-skip-certificate-membership","storyName":"Verify-Select-Skip-Certificate-Membership","path":"file:///C:/Users/CodeAutomation/Desktop/ACSM/ASCM_Automation/src/test/resources/AllTestCases/BrainTree/Memberships/VerifySelect_SkipCertificate.feature","type":"feature"},"featureTag":{"name":"Memberships/Verify-Select-Skip-Certificate-Membership","type":"feature","displayName":"Memberships/Verify-Select-Skip-Certificate-Membership"},"title":"Verify- select- skip- certificate- membership","description":"","startTime":"2022-10-13T15:00:21.358-04:00[America/New_York]","duration":258187,"projectKey":"","sessionId":"dbb7394aabc3f712b514b32b59ac3c64","driver":"chrome","isManualTestingUpToDate":false,"manual":false,"testSource":"Cucumber","result":"SUCCESS"}