{"name":"Supply-Chain-Principles-with-login-CC","id":"supply-chain-principles-with-login-cc;supply-chain-principles-with-login-cc","testSteps":[{"number":1,"description":"Given Launch Create Account","duration":11490,"startTime":"2022-10-13T13:41:30.712-04:00[America/New_York]","result":"SUCCESS","precondition":false,"level":0,"children":[{"number":2,"description":"Launch create account step","duration":11481,"startTime":"2022-10-13T13:41:30.719-04:00[America/New_York]","result":"SUCCESS","precondition":false,"level":1}]},{"number":3,"description":"Then Click on OK button for cookie","duration":65491,"startTime":"2022-10-13T13:41:42.202-04:00[America/New_York]","result":"SUCCESS","precondition":false,"level":0,"children":[{"number":4,"description":"Click on cookie step","duration":65481,"startTime":"2022-10-13T13:41:42.209-04:00[America/New_York]","result":"SUCCESS","precondition":false,"level":1}]},{"number":5,"description":"Then Enter New Email \"email\"","duration":539,"startTime":"2022-10-13T13:42:47.693-04:00[America/New_York]","result":"SUCCESS","precondition":false,"level":0,"children":[{"number":6,"description":"Enter email: Automation1665682967695@gmail.com","duration":535,"startTime":"2022-10-13T13:42:47.695-04:00[America/New_York]","result":"SUCCESS","precondition":false,"level":1}]},{"number":7,"description":"Then Enter New Password \"Testing1\"","duration":396,"startTime":"2022-10-13T13:42:48.233-04:00[America/New_York]","result":"SUCCESS","precondition":false,"level":0,"children":[{"number":8,"description":"Enter password: Testing1","duration":394,"startTime":"2022-10-13T13:42:48.234-04:00[America/New_York]","result":"SUCCESS","precondition":false,"level":1}]},{"number":9,"description":"Then Enter First Name \"Automation\"","duration":407,"startTime":"2022-10-13T13:42:48.630-04:00[America/New_York]","result":"SUCCESS","precondition":false,"level":0,"children":[{"number":10,"description":"Enter first name: Automation","duration":404,"startTime":"2022-10-13T13:42:48.631-04:00[America/New_York]","result":"SUCCESS","precondition":false,"level":1}]},{"number":11,"description":"Then Enter Last Name \"qa\"","duration":366,"startTime":"2022-10-13T13:42:49.037-04:00[America/New_York]","result":"SUCCESS","precondition":false,"level":0,"children":[{"number":12,"description":"Enter last name: qa","duration":362,"startTime":"2022-10-13T13:42:49.039-04:00[America/New_York]","result":"SUCCESS","precondition":false,"level":1}]},{"number":13,"description":"Then Click Ceck Term","duration":60335,"startTime":"2022-10-13T13:42:49.404-04:00[America/New_York]","result":"SUCCESS","precondition":false,"level":0,"children":[{"number":14,"description":"Click check term","duration":60331,"startTime":"2022-10-13T13:42:49.406-04:00[America/New_York]","result":"SUCCESS","precondition":false,"level":1}]},{"number":15,"description":"Then Enter Job Title \"QA\"","duration":401,"startTime":"2022-10-13T13:43:49.740-04:00[America/New_York]","result":"SUCCESS","precondition":false,"level":0,"children":[{"number":16,"description":"Enter job title: QA","duration":398,"startTime":"2022-10-13T13:43:49.741-04:00[America/New_York]","result":"SUCCESS","precondition":false,"level":1}]},{"number":17,"description":"Then Click Submit","duration":30443,"startTime":"2022-10-13T13:43:50.141-04:00[America/New_York]","result":"SUCCESS","precondition":false,"level":0,"children":[{"number":18,"description":"Click submit button step","duration":30440,"startTime":"2022-10-13T13:43:50.142-04:00[America/New_York]","result":"SUCCESS","precondition":false,"level":1}]},{"number":19,"description":"Then Click Login Button","duration":8119,"startTime":"2022-10-13T13:44:20.585-04:00[America/New_York]","result":"SUCCESS","precondition":false,"level":0,"children":[{"number":20,"description":"Click log in button","duration":8117,"startTime":"2022-10-13T13:44:20.586-04:00[America/New_York]","result":"SUCCESS","precondition":false,"level":1}]},{"number":21,"description":"Then Enter username \"email\"","duration":396,"startTime":"2022-10-13T13:44:28.704-04:00[America/New_York]","result":"SUCCESS","precondition":false,"level":0,"children":[{"number":22,"description":"Enter user name step: Automation1665682967695@gmail.com","duration":393,"startTime":"2022-10-13T13:44:28.705-04:00[America/New_York]","result":"SUCCESS","precondition":false,"level":1}]},{"number":23,"description":"Then Enter password \"Testing1\"","duration":375,"startTime":"2022-10-13T13:44:29.100-04:00[America/New_York]","result":"SUCCESS","precondition":false,"level":0,"children":[{"number":24,"description":"Enter password step: Testing1","duration":372,"startTime":"2022-10-13T13:44:29.101-04:00[America/New_York]","result":"SUCCESS","precondition":false,"level":1}]},{"number":25,"description":"And Click submit","duration":11676,"startTime":"2022-10-13T13:44:29.475-04:00[America/New_York]","result":"SUCCESS","precondition":false,"level":0,"children":[{"number":26,"description":"Click submit button step","duration":11674,"startTime":"2022-10-13T13:44:29.476-04:00[America/New_York]","result":"SUCCESS","precondition":false,"level":1}]},{"number":27,"description":"Then Click Learning And Development Top Navigation","duration":5183,"startTime":"2022-10-13T13:44:41.152-04:00[America/New_York]","result":"SUCCESS","precondition":false,"level":0,"children":[{"number":28,"description":"Click learning and development top navigation","duration":5174,"startTime":"2022-10-13T13:44:41.159-04:00[America/New_York]","result":"SUCCESS","precondition":false,"level":1}]},{"number":29,"description":"And Go To Foundations Courses","duration":8872,"startTime":"2022-10-13T13:44:46.335-04:00[America/New_York]","result":"SUCCESS","precondition":false,"level":0},{"number":30,"description":"Then Click Supply Chain Principles Foundation","duration":10457,"startTime":"2022-10-13T13:44:55.207-04:00[America/New_York]","result":"SUCCESS","precondition":false,"level":0,"children":[{"number":31,"description":"Click supply chain principles foundation","duration":10440,"startTime":"2022-10-13T13:44:55.222-04:00[America/New_York]","result":"SUCCESS","precondition":false,"level":1}]},{"number":32,"description":"Then Click Proceed to Continue button","duration":14610,"startTime":"2022-10-13T13:45:05.665-04:00[America/New_York]","result":"SUCCESS","precondition":false,"level":0,"children":[{"number":33,"description":"Click proceed to check out button step","duration":14599,"startTime":"2022-10-13T13:45:05.674-04:00[America/New_York]","result":"SUCCESS","precondition":false,"level":1}]},{"number":34,"description":"Then Click Next Payment Information button","duration":188799,"startTime":"2022-10-13T13:45:20.276-04:00[America/New_York]","result":"SUCCESS","precondition":false,"level":0,"children":[{"number":35,"description":"Click continue button step","duration":188796,"startTime":"2022-10-13T13:45:20.277-04:00[America/New_York]","result":"SUCCESS","precondition":false,"level":1}]},{"number":36,"description":"Then Fill in the following For Billing Address\r\n| Field | Value |\r\n| country | USA |\r\n| firstName | ambreen |\r\n| lastName | qa |\r\n| streetAddress | 8430 W Bryn Mawr Ave |\r\n| City | Chicago |\r\n| State | IL |\r\n| postalCode | 60631 |","duration":11694,"startTime":"2022-10-13T13:48:29.075-04:00[America/New_York]","result":"SUCCESS","precondition":false,"level":0,"children":[{"number":37,"description":"Select billing company: USA","duration":3302,"startTime":"2022-10-13T13:48:29.076-04:00[America/New_York]","result":"SUCCESS","precondition":false,"level":1},{"number":38,"description":"Enter first name: ambreen","duration":2391,"startTime":"2022-10-13T13:48:32.378-04:00[America/New_York]","result":"SUCCESS","precondition":false,"level":1},{"number":39,"description":"Enter last name: qa","duration":2405,"startTime":"2022-10-13T13:48:34.770-04:00[America/New_York]","result":"SUCCESS","precondition":false,"level":1},{"number":40,"description":"Enter billing address1: 8430 W Bryn Mawr Ave","duration":2446,"startTime":"2022-10-13T13:48:37.175-04:00[America/New_York]","result":"SUCCESS","precondition":false,"level":1},{"number":41,"description":"Enter billing city: Chicago","duration":397,"startTime":"2022-10-13T13:48:39.622-04:00[America/New_York]","result":"SUCCESS","precondition":false,"level":1},{"number":42,"description":"Enter billing state: IL","duration":335,"startTime":"2022-10-13T13:48:40.019-04:00[America/New_York]","result":"SUCCESS","precondition":false,"level":1},{"number":43,"description":"Enter billing zip code step: 60631","duration":412,"startTime":"2022-10-13T13:48:40.355-04:00[America/New_York]","result":"SUCCESS","precondition":false,"level":1}]},{"number":44,"description":"Then Choose a \"Card\" brain tree plan to pay","duration":40189,"startTime":"2022-10-13T13:48:40.770-04:00[America/New_York]","result":"SUCCESS","precondition":false,"level":0,"children":[{"number":45,"description":"Chooseawaytopay: Card","duration":40186,"startTime":"2022-10-13T13:48:40.771-04:00[America/New_York]","result":"SUCCESS","precondition":false,"level":1}]},{"number":46,"description":"Then Fill in the following fields for Brain Tree Payment Method section\r\n| Field | Value |\r\n| Card Number | credit_card_no |\r\n| Expiration | credit_card_expiry |\r\n| Security Code | credit_card_security_code |\r\n| Postal Code | credit_card_postal_code |","duration":41812,"startTime":"2022-10-13T13:49:20.960-04:00[America/New_York]","result":"SUCCESS","precondition":false,"level":0,"children":[{"number":47,"description":"Enter brain tree credit card no step: 4111111111111111","duration":429,"startTime":"2022-10-13T13:50:01.040-04:00[America/New_York]","result":"SUCCESS","precondition":false,"level":1},{"number":48,"description":"Enter brain tree credit expiration step: 01/23","duration":438,"startTime":"2022-10-13T13:50:01.469-04:00[America/New_York]","result":"SUCCESS","precondition":false,"level":1},{"number":49,"description":"Enter brain tree credit card CVV step: 123","duration":430,"startTime":"2022-10-13T13:50:01.908-04:00[America/New_York]","result":"SUCCESS","precondition":false,"level":1},{"number":50,"description":"Enter brain tree credit postal code step: 60631","duration":432,"startTime":"2022-10-13T13:50:02.338-04:00[America/New_York]","result":"SUCCESS","precondition":false,"level":1}]},{"number":51,"description":"Then Click Next Review button","duration":11488,"startTime":"2022-10-13T13:50:02.772-04:00[America/New_York]","result":"SUCCESS","precondition":false,"level":0,"children":[{"number":52,"description":"Click next reviw button step","duration":11484,"startTime":"2022-10-13T13:50:02.774-04:00[America/New_York]","result":"SUCCESS","precondition":false,"level":1}]},{"number":53,"description":"Then Click Place Order button","duration":5215,"startTime":"2022-10-13T13:50:14.260-04:00[America/New_York]","result":"SUCCESS","precondition":false,"level":0,"children":[{"number":54,"description":"Click place order button step","duration":5211,"startTime":"2022-10-13T13:50:14.262-04:00[America/New_York]","result":"SUCCESS","precondition":false,"level":1}]},{"number":55,"description":"Then Get OrderNo","duration":46160,"startTime":"2022-10-13T13:50:19.475-04:00[America/New_York]","result":"SUCCESS","precondition":false,"level":0,"children":[{"number":56,"description":"Get order no","duration":46156,"startTime":"2022-10-13T13:50:19.477-04:00[America/New_York]","result":"SUCCESS","precondition":false,"level":1}]},{"number":57,"description":"Then Get ReferenceCode","duration":44183,"startTime":"2022-10-13T13:51:05.635-04:00[America/New_York]","result":"SUCCESS","precondition":false,"level":0,"children":[{"number":58,"description":"Get reference code","duration":44178,"startTime":"2022-10-13T13:51:05.637-04:00[America/New_York]","result":"SUCCESS","reportData":[{"title":"Reference Code","contents":"Reference Code: PO2218719524","isEvidence":false,"id":"report-data-282a2915-d88d-427f-959a-bbcce5ba31c8"}],"precondition":false,"level":1}]}],"userStory":{"id":"supply-chain-principles-with-login-cc","storyName":"Supply-Chain-Principles-with-login-CC","path":"file:///C:/Users/CodeAutomation/Desktop/ACSM/ASCM_Automation/src/test/resources/AllTestCases/FoundationCourses/Foundation_Courses_With_Login/SupplyChainPrinciplesWithLogin.feature","type":"feature"},"featureTag":{"name":"Foundation courses with login/Supply-Chain-Principles-with-login-CC","type":"feature","displayName":"Foundation courses with login/Supply-Chain-Principles-with-login-CC"},"title":"Supply- chain- Principles-with-login-CC","description":"","startTime":"2022-10-13T13:41:30.710-04:00[America/New_York]","duration":619109,"projectKey":"","sessionId":"28207657fc6a3060cb5ebfb0e34cd030","driver":"chrome","isManualTestingUpToDate":false,"manual":false,"testSource":"Cucumber","result":"SUCCESS"}