{"name":"Verify-User-Can-Add-Product-In-Cart","id":"verify-user-can-add-product-in-cart;verify-user-can-add-product-in-cart","testSteps":[{"number":1,"description":"Given Launch Create Account","duration":9795,"startTime":"2022-10-13T19:45:09.012-04:00[America/New_York]","result":"SUCCESS","precondition":false,"level":0,"children":[{"number":2,"description":"Launch create account step","duration":9789,"startTime":"2022-10-13T19:45:09.016-04:00[America/New_York]","result":"SUCCESS","precondition":false,"level":1}]},{"number":3,"description":"Then Click on OK button for cookie","duration":65619,"startTime":"2022-10-13T19:45:18.807-04:00[America/New_York]","result":"SUCCESS","precondition":false,"level":0,"children":[{"number":4,"description":"Click on cookie step","duration":65613,"startTime":"2022-10-13T19:45:18.811-04:00[America/New_York]","result":"SUCCESS","precondition":false,"level":1}]},{"number":5,"description":"Then Enter New Email \"email\"","duration":439,"startTime":"2022-10-13T19:46:24.427-04:00[America/New_York]","result":"SUCCESS","precondition":false,"level":0,"children":[{"number":6,"description":"Enter email: Automation1665704784427@gmail.com","duration":437,"startTime":"2022-10-13T19:46:24.428-04:00[America/New_York]","result":"SUCCESS","precondition":false,"level":1}]},{"number":7,"description":"Then Enter New Password \"Test1234\"","duration":404,"startTime":"2022-10-13T19:46:24.867-04:00[America/New_York]","result":"SUCCESS","precondition":false,"level":0,"children":[{"number":8,"description":"Enter password: Test1234","duration":402,"startTime":"2022-10-13T19:46:24.868-04:00[America/New_York]","result":"SUCCESS","precondition":false,"level":1}]},{"number":9,"description":"Then Enter First Name \"Automation\"","duration":391,"startTime":"2022-10-13T19:46:25.271-04:00[America/New_York]","result":"SUCCESS","precondition":false,"level":0,"children":[{"number":10,"description":"Enter first name: Automation","duration":389,"startTime":"2022-10-13T19:46:25.272-04:00[America/New_York]","result":"SUCCESS","precondition":false,"level":1}]},{"number":11,"description":"Then Enter Last Name \"qa\"","duration":384,"startTime":"2022-10-13T19:46:25.662-04:00[America/New_York]","result":"SUCCESS","precondition":false,"level":0,"children":[{"number":12,"description":"Enter last name: qa","duration":382,"startTime":"2022-10-13T19:46:25.663-04:00[America/New_York]","result":"SUCCESS","precondition":false,"level":1}]},{"number":13,"description":"Then Click Ceck Term","duration":60455,"startTime":"2022-10-13T19:46:26.047-04:00[America/New_York]","result":"SUCCESS","precondition":false,"level":0,"children":[{"number":14,"description":"Click check term","duration":60451,"startTime":"2022-10-13T19:46:26.048-04:00[America/New_York]","result":"SUCCESS","precondition":false,"level":1}]},{"number":15,"description":"Then Click Submit","duration":30394,"startTime":"2022-10-13T19:47:26.503-04:00[America/New_York]","result":"SUCCESS","precondition":false,"level":0,"children":[{"number":16,"description":"Click submit button step","duration":30391,"startTime":"2022-10-13T19:47:26.504-04:00[America/New_York]","result":"SUCCESS","precondition":false,"level":1}]},{"number":17,"description":"Then Click Login Button","duration":8110,"startTime":"2022-10-13T19:47:56.897-04:00[America/New_York]","result":"SUCCESS","precondition":false,"level":0,"children":[{"number":18,"description":"Click log in button","duration":8107,"startTime":"2022-10-13T19:47:56.898-04:00[America/New_York]","result":"SUCCESS","precondition":false,"level":1}]},{"number":19,"description":"Then Enter username \"email\"","duration":416,"startTime":"2022-10-13T19:48:05.007-04:00[America/New_York]","result":"SUCCESS","precondition":false,"level":0,"children":[{"number":20,"description":"Enter user name step: Automation1665704784427@gmail.com","duration":414,"startTime":"2022-10-13T19:48:05.008-04:00[America/New_York]","result":"SUCCESS","precondition":false,"level":1}]},{"number":21,"description":"Then Enter password \"Test1234\"","duration":386,"startTime":"2022-10-13T19:48:05.424-04:00[America/New_York]","result":"SUCCESS","precondition":false,"level":0,"children":[{"number":22,"description":"Enter password step: Test1234","duration":384,"startTime":"2022-10-13T19:48:05.425-04:00[America/New_York]","result":"SUCCESS","precondition":false,"level":1}]},{"number":23,"description":"And Click submit","duration":11169,"startTime":"2022-10-13T19:48:05.810-04:00[America/New_York]","result":"SUCCESS","precondition":false,"level":0,"children":[{"number":24,"description":"Click submit button step","duration":11167,"startTime":"2022-10-13T19:48:05.811-04:00[America/New_York]","result":"SUCCESS","precondition":false,"level":1}]},{"number":25,"description":"Then Go to Cart","duration":2286,"startTime":"2022-10-13T19:48:16.980-04:00[America/New_York]","result":"SUCCESS","precondition":false,"level":0,"children":[{"number":26,"description":"Go cart page step","duration":2282,"startTime":"2022-10-13T19:48:16.983-04:00[America/New_York]","result":"SUCCESS","precondition":false,"level":1}]},{"number":27,"description":"Then Empty The Cart","duration":30028,"startTime":"2022-10-13T19:48:19.266-04:00[America/New_York]","result":"SUCCESS","precondition":false,"level":0,"children":[{"number":28,"description":"Delete all existing orders","duration":30025,"startTime":"2022-10-13T19:48:19.267-04:00[America/New_York]","result":"SUCCESS","precondition":false,"level":1}]},{"number":29,"description":"Then Click Learning And Development Top Navigation","duration":5152,"startTime":"2022-10-13T19:48:49.295-04:00[America/New_York]","result":"SUCCESS","precondition":false,"level":0,"children":[{"number":30,"description":"Click learning and development top navigation","duration":5146,"startTime":"2022-10-13T19:48:49.299-04:00[America/New_York]","result":"SUCCESS","precondition":false,"level":1}]},{"number":31,"description":"Then Click CLTD","duration":25677,"startTime":"2022-10-13T19:48:54.447-04:00[America/New_York]","result":"SUCCESS","precondition":false,"level":0,"children":[{"number":32,"description":"Click CLTD","duration":25672,"startTime":"2022-10-13T19:48:54.449-04:00[America/New_York]","result":"SUCCESS","precondition":false,"level":1}]},{"number":33,"description":"Then Click Bundle Add To Card","duration":183,"startTime":"2022-10-13T19:49:20.125-04:00[America/New_York]","result":"SUCCESS","precondition":false,"level":0,"children":[{"number":34,"description":"Click bundle add to card exam button","duration":177,"startTime":"2022-10-13T19:49:20.128-04:00[America/New_York]","result":"SUCCESS","precondition":false,"level":1}]},{"number":35,"description":"Then select Country","duration":3265,"startTime":"2022-10-13T19:49:20.310-04:00[America/New_York]","result":"SUCCESS","precondition":false,"level":0,"children":[{"number":36,"description":"Select bundle coutry: United States","duration":3259,"startTime":"2022-10-13T19:49:20.314-04:00[America/New_York]","result":"SUCCESS","precondition":false,"level":1}]},{"number":37,"description":"Then Enter Post Code","duration":381,"startTime":"2022-10-13T19:49:23.575-04:00[America/New_York]","result":"SUCCESS","precondition":false,"level":0,"children":[{"number":38,"description":"Enter bundle post code: 60631","duration":377,"startTime":"2022-10-13T19:49:23.577-04:00[America/New_York]","result":"SUCCESS","precondition":false,"level":1}]},{"number":39,"description":"Then Search Postal Code","duration":3122,"startTime":"2022-10-13T19:49:23.956-04:00[America/New_York]","result":"SUCCESS","precondition":false,"level":0,"children":[{"number":40,"description":"Click search bundle code","duration":3119,"startTime":"2022-10-13T19:49:23.958-04:00[America/New_York]","result":"SUCCESS","precondition":false,"level":1}]},{"number":41,"description":"Then Select Item","duration":6282,"startTime":"2022-10-13T19:49:27.079-04:00[America/New_York]","result":"SUCCESS","precondition":false,"level":0,"children":[{"number":42,"description":"Click search bundle","duration":6279,"startTime":"2022-10-13T19:49:27.080-04:00[America/New_York]","result":"SUCCESS","precondition":false,"level":1}]},{"number":43,"description":"Then Add Selected Item","duration":308,"startTime":"2022-10-13T19:49:33.361-04:00[America/New_York]","result":"SUCCESS","precondition":false,"level":0,"children":[{"number":44,"description":"Click add selected button","duration":305,"startTime":"2022-10-13T19:49:33.363-04:00[America/New_York]","result":"SUCCESS","precondition":false,"level":1}]},{"number":45,"description":"Then Click Bundle Aggress Button","duration":143,"startTime":"2022-10-13T19:49:33.670-04:00[America/New_York]","result":"SUCCESS","precondition":false,"level":0,"children":[{"number":46,"description":"Click aggress button","duration":140,"startTime":"2022-10-13T19:49:33.671-04:00[America/New_York]","result":"SUCCESS","precondition":false,"level":1}]},{"number":47,"description":"Then Verify \"CLTD\" Product Is Added In Cart","duration":15494,"startTime":"2022-10-13T19:49:33.813-04:00[America/New_York]","result":"SUCCESS","precondition":false,"level":0,"children":[{"number":48,"description":"Verify selected product added in cart: CLTD","duration":15491,"startTime":"2022-10-13T19:49:33.815-04:00[America/New_York]","result":"SUCCESS","precondition":false,"level":1}]}],"userStory":{"id":"verify-user-can-add-product-in-cart","storyName":"Verify-User-Can-Add-Product-In-Cart","path":"file:///C:/Users/CodeAutomation/Desktop/ACSM/ASCM_Automation/src/test/resources/AllTestCases/BrainTree/VerifyAddProductInCart.feature","type":"feature"},"featureTag":{"name":"Brain tree/Verify-User-Can-Add-Product-In-Cart","type":"feature","displayName":"Brain tree/Verify-User-Can-Add-Product-In-Cart"},"title":"Verify- user- can- add- product- in- cart","description":"","startTime":"2022-10-13T19:45:09.010-04:00[America/New_York]","duration":280298,"projectKey":"","sessionId":"c57271e9c8889a9b6f9f7b82f11c15c2","driver":"chrome","isManualTestingUpToDate":false,"manual":false,"testSource":"Cucumber","result":"SUCCESS"}