{"name":"CLTD-Bundle-with-login-PC-BrainTree","id":"cltd-bundle-with-login-pc-braintree;cltd-bundle-with-login-pc-braintree","testSteps":[{"number":1,"description":"Given Launch Create Account","duration":10349,"startTime":"2022-10-13T12:18:27.379-04:00[America/New_York]","result":"SUCCESS","precondition":false,"level":0,"children":[{"number":2,"description":"Launch create account step","duration":10278,"startTime":"2022-10-13T12:18:27.448-04:00[America/New_York]","result":"SUCCESS","precondition":false,"level":1}]},{"number":3,"description":"Then Click on OK button for cookie","duration":65431,"startTime":"2022-10-13T12:18:37.729-04:00[America/New_York]","result":"SUCCESS","precondition":false,"level":0,"children":[{"number":4,"description":"Click on cookie step","duration":65423,"startTime":"2022-10-13T12:18:37.735-04:00[America/New_York]","result":"SUCCESS","precondition":false,"level":1}]},{"number":5,"description":"Then Enter New Email \"email\"","duration":444,"startTime":"2022-10-13T12:19:43.161-04:00[America/New_York]","result":"SUCCESS","precondition":false,"level":0,"children":[{"number":6,"description":"Enter email: Automation1665677983169@gmail.com","duration":432,"startTime":"2022-10-13T12:19:43.170-04:00[America/New_York]","result":"SUCCESS","precondition":false,"level":1}]},{"number":7,"description":"Then Enter New Password \"Testing1\"","duration":407,"startTime":"2022-10-13T12:19:43.607-04:00[America/New_York]","result":"SUCCESS","precondition":false,"level":0,"children":[{"number":8,"description":"Enter password: Testing1","duration":404,"startTime":"2022-10-13T12:19:43.609-04:00[America/New_York]","result":"SUCCESS","precondition":false,"level":1}]},{"number":9,"description":"Then Enter First Name \"Automation\"","duration":385,"startTime":"2022-10-13T12:19:44.015-04:00[America/New_York]","result":"SUCCESS","precondition":false,"level":0,"children":[{"number":10,"description":"Enter first name: Automation","duration":381,"startTime":"2022-10-13T12:19:44.017-04:00[America/New_York]","result":"SUCCESS","precondition":false,"level":1}]},{"number":11,"description":"Then Enter Last Name \"qa\"","duration":365,"startTime":"2022-10-13T12:19:44.400-04:00[America/New_York]","result":"SUCCESS","precondition":false,"level":0,"children":[{"number":12,"description":"Enter last name: qa","duration":363,"startTime":"2022-10-13T12:19:44.401-04:00[America/New_York]","result":"SUCCESS","precondition":false,"level":1}]},{"number":13,"description":"Then Click Ceck Term","duration":60307,"startTime":"2022-10-13T12:19:44.766-04:00[America/New_York]","result":"SUCCESS","precondition":false,"level":0,"children":[{"number":14,"description":"Click check term","duration":60304,"startTime":"2022-10-13T12:19:44.767-04:00[America/New_York]","result":"SUCCESS","precondition":false,"level":1}]},{"number":15,"description":"Then Enter Job Title \"QA\"","duration":394,"startTime":"2022-10-13T12:20:45.074-04:00[America/New_York]","result":"SUCCESS","precondition":false,"level":0,"children":[{"number":16,"description":"Enter job title: QA","duration":391,"startTime":"2022-10-13T12:20:45.075-04:00[America/New_York]","result":"SUCCESS","precondition":false,"level":1}]},{"number":17,"description":"Then Click Submit","duration":30235,"startTime":"2022-10-13T12:20:45.469-04:00[America/New_York]","result":"SUCCESS","precondition":false,"level":0,"children":[{"number":18,"description":"Click submit button step","duration":30227,"startTime":"2022-10-13T12:20:45.471-04:00[America/New_York]","result":"SUCCESS","precondition":false,"level":1}]},{"number":19,"description":"Then Click Login Button","duration":9057,"startTime":"2022-10-13T12:21:15.706-04:00[America/New_York]","result":"SUCCESS","precondition":false,"level":0,"children":[{"number":20,"description":"Click log in button","duration":9051,"startTime":"2022-10-13T12:21:15.710-04:00[America/New_York]","result":"SUCCESS","precondition":false,"level":1}]},{"number":21,"description":"Then Enter username \"email\"","duration":415,"startTime":"2022-10-13T12:21:24.764-04:00[America/New_York]","result":"SUCCESS","precondition":false,"level":0,"children":[{"number":22,"description":"Enter user name step: Automation1665677983169@gmail.com","duration":412,"startTime":"2022-10-13T12:21:24.766-04:00[America/New_York]","result":"SUCCESS","precondition":false,"level":1}]},{"number":23,"description":"Then Enter password \"Testing1\"","duration":371,"startTime":"2022-10-13T12:21:25.180-04:00[America/New_York]","result":"SUCCESS","precondition":false,"level":0,"children":[{"number":24,"description":"Enter password step: Testing1","duration":368,"startTime":"2022-10-13T12:21:25.182-04:00[America/New_York]","result":"SUCCESS","precondition":false,"level":1}]},{"number":25,"description":"And Click submit","duration":20042,"startTime":"2022-10-13T12:21:25.552-04:00[America/New_York]","result":"SUCCESS","precondition":false,"level":0,"children":[{"number":26,"description":"Click submit button step","duration":20040,"startTime":"2022-10-13T12:21:25.553-04:00[America/New_York]","result":"SUCCESS","precondition":false,"level":1}]},{"number":27,"description":"Then Click Learning And Development Top Navigation","duration":5178,"startTime":"2022-10-13T12:21:45.595-04:00[America/New_York]","result":"SUCCESS","precondition":false,"level":0,"children":[{"number":28,"description":"Click learning and development top navigation","duration":5167,"startTime":"2022-10-13T12:21:45.603-04:00[America/New_York]","result":"SUCCESS","precondition":false,"level":1}]},{"number":29,"description":"Then Click CLTD","duration":30816,"startTime":"2022-10-13T12:21:50.774-04:00[America/New_York]","result":"SUCCESS","precondition":false,"level":0,"children":[{"number":30,"description":"Click CLTD","duration":30810,"startTime":"2022-10-13T12:21:50.776-04:00[America/New_York]","result":"SUCCESS","precondition":false,"level":1}]},{"number":31,"description":"Then Click Bundle Add To Card","duration":143,"startTime":"2022-10-13T12:22:21.591-04:00[America/New_York]","result":"SUCCESS","precondition":false,"level":0,"children":[{"number":32,"description":"Click bundle add to card exam button","duration":139,"startTime":"2022-10-13T12:22:21.594-04:00[America/New_York]","result":"SUCCESS","precondition":false,"level":1}]},{"number":33,"description":"Then select Country","duration":3349,"startTime":"2022-10-13T12:22:21.735-04:00[America/New_York]","result":"SUCCESS","precondition":false,"level":0,"children":[{"number":34,"description":"Select bundle coutry: United States","duration":3346,"startTime":"2022-10-13T12:22:21.736-04:00[America/New_York]","result":"SUCCESS","precondition":false,"level":1}]},{"number":35,"description":"Then Enter Post Code","duration":381,"startTime":"2022-10-13T12:22:25.085-04:00[America/New_York]","result":"SUCCESS","precondition":false,"level":0,"children":[{"number":36,"description":"Enter bundle post code: 60631","duration":377,"startTime":"2022-10-13T12:22:25.087-04:00[America/New_York]","result":"SUCCESS","precondition":false,"level":1}]},{"number":37,"description":"Then Search Postal Code","duration":3124,"startTime":"2022-10-13T12:22:25.467-04:00[America/New_York]","result":"SUCCESS","precondition":false,"level":0,"children":[{"number":38,"description":"Click search bundle code","duration":3119,"startTime":"2022-10-13T12:22:25.470-04:00[America/New_York]","result":"SUCCESS","precondition":false,"level":1}]},{"number":39,"description":"Then Select Item","duration":6380,"startTime":"2022-10-13T12:22:28.592-04:00[America/New_York]","result":"SUCCESS","precondition":false,"level":0,"children":[{"number":40,"description":"Click search bundle","duration":6374,"startTime":"2022-10-13T12:22:28.594-04:00[America/New_York]","result":"SUCCESS","precondition":false,"level":1}]},{"number":41,"description":"Then Add Selected Item","duration":416,"startTime":"2022-10-13T12:22:34.973-04:00[America/New_York]","result":"SUCCESS","precondition":false,"level":0,"children":[{"number":42,"description":"Click add selected button","duration":411,"startTime":"2022-10-13T12:22:34.976-04:00[America/New_York]","result":"SUCCESS","precondition":false,"level":1}]},{"number":43,"description":"Then Click Bundle Aggress Button","duration":139,"startTime":"2022-10-13T12:22:35.390-04:00[America/New_York]","result":"SUCCESS","precondition":false,"level":0,"children":[{"number":44,"description":"Click aggress button","duration":134,"startTime":"2022-10-13T12:22:35.392-04:00[America/New_York]","result":"SUCCESS","precondition":false,"level":1}]},{"number":45,"description":"Then Enter Promo Code","duration":44079,"startTime":"2022-10-13T12:22:35.530-04:00[America/New_York]","result":"SUCCESS","precondition":false,"level":0,"children":[{"number":46,"description":"Enter promo code step: ACMEDIA10","duration":44017,"startTime":"2022-10-13T12:22:35.587-04:00[America/New_York]","result":"SUCCESS","precondition":false,"level":1}]},{"number":47,"description":"Then Click Promo Code Apply","duration":8,"startTime":"2022-10-13T12:23:19.610-04:00[America/New_York]","result":"SUCCESS","precondition":false,"level":0,"children":[{"number":48,"description":"Click prmo code apply step","duration":3,"startTime":"2022-10-13T12:23:19.613-04:00[America/New_York]","result":"SUCCESS","precondition":false,"level":1}]},{"number":49,"description":"Then Click Proceed to Continue button","duration":25986,"startTime":"2022-10-13T12:23:19.619-04:00[America/New_York]","result":"SUCCESS","precondition":false,"level":0,"children":[{"number":50,"description":"Click proceed to check out button step","duration":25981,"startTime":"2022-10-13T12:23:19.622-04:00[America/New_York]","result":"SUCCESS","precondition":false,"level":1}]},{"number":51,"description":"Then Get Promo Discount Amount","duration":13135,"startTime":"2022-10-13T12:23:45.606-04:00[America/New_York]","result":"SUCCESS","precondition":false,"level":0,"children":[{"number":52,"description":"Get promo discount value step","duration":13131,"startTime":"2022-10-13T12:23:45.608-04:00[America/New_York]","result":"SUCCESS","precondition":false,"level":1}]},{"number":53,"description":"Then click Work Address Radio Button","duration":185008,"startTime":"2022-10-13T12:23:58.741-04:00[America/New_York]","result":"SUCCESS","precondition":false,"level":0,"children":[{"number":54,"description":"Click work address readio button","duration":182003,"startTime":"2022-10-13T12:24:01.744-04:00[America/New_York]","result":"SUCCESS","precondition":false,"level":1}]},{"number":55,"description":"Then Fill in the following For Address\r\n| Field | Value |\r\n| country | USA |\r\n| company | CC |\r\n| streetAddress | 8430 W Bryn Mawr Ave |\r\n| City | Chicago |\r\n| State | IL |\r\n| postalCode | 60631 |\r\n| CountryType | Work |\r\n| Country Code | 1 |\r\n| Area Code | 452 |\r\n| Phone Number | 3667788 |","duration":16749,"startTime":"2022-10-13T12:27:03.750-04:00[America/New_York]","result":"SUCCESS","precondition":false,"level":0,"children":[{"number":56,"description":"Select country step: USA","duration":6247,"startTime":"2022-10-13T12:27:03.754-04:00[America/New_York]","result":"SUCCESS","precondition":false,"level":1},{"number":57,"description":"Enter company: CC","duration":5649,"startTime":"2022-10-13T12:27:10.002-04:00[America/New_York]","result":"SUCCESS","precondition":false,"level":1},{"number":58,"description":"Enter mailing address line1 step: 8430 W Bryn Mawr Ave","duration":2446,"startTime":"2022-10-13T12:27:15.652-04:00[America/New_York]","result":"SUCCESS","precondition":false,"level":1},{"number":59,"description":"Enter mailingcity step: Chicago","duration":403,"startTime":"2022-10-13T12:27:18.099-04:00[America/New_York]","result":"SUCCESS","precondition":false,"level":1},{"number":60,"description":"Enter mailing state step: IL","duration":327,"startTime":"2022-10-13T12:27:18.502-04:00[America/New_York]","result":"SUCCESS","precondition":false,"level":1},{"number":61,"description":"Enter maililing zip code step: 60631","duration":375,"startTime":"2022-10-13T12:27:18.830-04:00[America/New_York]","result":"SUCCESS","precondition":false,"level":1},{"number":62,"description":"Select country type: Work","duration":225,"startTime":"2022-10-13T12:27:19.206-04:00[America/New_York]","result":"SUCCESS","precondition":false,"level":1},{"number":63,"description":"Select country area code: 1","duration":251,"startTime":"2022-10-13T12:27:19.432-04:00[America/New_York]","result":"SUCCESS","precondition":false,"level":1},{"number":64,"description":"Enter area code: 452","duration":415,"startTime":"2022-10-13T12:27:19.685-04:00[America/New_York]","result":"SUCCESS","precondition":false,"level":1},{"number":65,"description":"Enter phone number: 3667788","duration":397,"startTime":"2022-10-13T12:27:20.101-04:00[America/New_York]","result":"SUCCESS","precondition":false,"level":1}]},{"number":66,"description":"Then Click Shipping Method","duration":194,"startTime":"2022-10-13T12:27:20.500-04:00[America/New_York]","result":"SUCCESS","precondition":false,"level":0,"children":[{"number":67,"description":"Click shipping method radio button step","duration":191,"startTime":"2022-10-13T12:27:20.502-04:00[America/New_York]","result":"SUCCESS","precondition":false,"level":1}]},{"number":68,"description":"Then Click Next Payment Information button","duration":138999,"startTime":"2022-10-13T12:27:20.695-04:00[America/New_York]","result":"SUCCESS","precondition":false,"level":0,"children":[{"number":69,"description":"Click continue button step","duration":138995,"startTime":"2022-10-13T12:27:20.697-04:00[America/New_York]","result":"SUCCESS","precondition":false,"level":1}]},{"number":70,"description":"Then Click same as billing button","duration":110,"startTime":"2022-10-13T12:29:39.695-04:00[America/New_York]","result":"SUCCESS","precondition":false,"level":0,"children":[{"number":71,"description":"Click same as billing button step","duration":107,"startTime":"2022-10-13T12:29:39.696-04:00[America/New_York]","result":"SUCCESS","precondition":false,"level":1}]},{"number":72,"description":"Then Choose a \"Card\" brain tree plan to pay","duration":40174,"startTime":"2022-10-13T12:29:39.806-04:00[America/New_York]","result":"SUCCESS","precondition":false,"level":0,"children":[{"number":73,"description":"Chooseawaytopay: Card","duration":40169,"startTime":"2022-10-13T12:29:39.808-04:00[America/New_York]","result":"SUCCESS","precondition":false,"level":1}]},{"number":74,"description":"Then Fill in the following fields for Brain Tree Payment Method section\r\n| Field | Value |\r\n| Card Number | credit_card_no |\r\n| Expiration | credit_card_expiry |\r\n| Security Code | credit_card_security_code |\r\n| Postal Code | credit_card_postal_code |","duration":41796,"startTime":"2022-10-13T12:30:19.981-04:00[America/New_York]","result":"SUCCESS","precondition":false,"level":0,"children":[{"number":75,"description":"Enter brain tree credit card no step: 4111111111111111","duration":413,"startTime":"2022-10-13T12:31:00.073-04:00[America/New_York]","result":"SUCCESS","precondition":false,"level":1},{"number":76,"description":"Enter brain tree credit expiration step: 01/23","duration":427,"startTime":"2022-10-13T12:31:00.486-04:00[America/New_York]","result":"SUCCESS","precondition":false,"level":1},{"number":77,"description":"Enter brain tree credit card CVV step: 123","duration":416,"startTime":"2022-10-13T12:31:00.913-04:00[America/New_York]","result":"SUCCESS","precondition":false,"level":1},{"number":78,"description":"Enter brain tree credit postal code step: 60631","duration":445,"startTime":"2022-10-13T12:31:01.330-04:00[America/New_York]","result":"SUCCESS","precondition":false,"level":1}]},{"number":79,"description":"Then Click Next Review button","duration":125945,"startTime":"2022-10-13T12:31:01.777-04:00[America/New_York]","result":"SUCCESS","precondition":false,"level":0,"children":[{"number":80,"description":"Click next reviw button step","duration":125935,"startTime":"2022-10-13T12:31:01.779-04:00[America/New_York]","result":"SUCCESS","precondition":false,"level":1}]},{"number":81,"description":"Then Click Place Order button","duration":5285,"startTime":"2022-10-13T12:33:07.727-04:00[America/New_York]","result":"SUCCESS","precondition":false,"level":0,"children":[{"number":82,"description":"Click place order button step","duration":5275,"startTime":"2022-10-13T12:33:07.733-04:00[America/New_York]","result":"SUCCESS","precondition":false,"level":1}]},{"number":83,"description":"Then Get ReferenceCode","duration":29797,"startTime":"2022-10-13T12:33:13.014-04:00[America/New_York]","result":"SUCCESS","precondition":false,"level":0,"children":[{"number":84,"description":"Get reference code","duration":29791,"startTime":"2022-10-13T12:33:13.017-04:00[America/New_York]","result":"SUCCESS","reportData":[{"title":"Reference Code","contents":"Reference Code: PO2218713723","isEvidence":false,"id":"report-data-2cf0b093-4a3d-4bf4-839b-0ed526085c27"}],"precondition":false,"level":1}]}],"userStory":{"id":"cltd-bundle-with-login-pc-braintree","storyName":"CLTD-Bundle-with-login-PC-BrainTree","path":"file:///C:/Users/CodeAutomation/Desktop/ACSM/ASCM_Automation/src/test/resources/AllTestCases/BrainTree/BundlePurchase/BundlePurchaseWithBrainTreeWithPromoCode/CLTDBundlePurchaseWithLogin.feature","type":"feature"},"featureTag":{"name":"Bundle purchase with brain tree with promo code/CLTD-Bundle-with-login-PC-BrainTree","type":"feature","displayName":"Bundle purchase with brain tree with promo code/CLTD-Bundle-with-login-PC-BrainTree"},"title":"Cltd- bundle-with-login-pc- brain tree","description":"","startTime":"2022-10-13T12:18:27.375-04:00[America/New_York]","duration":915438,"projectKey":"","sessionId":"dd7e5fe23a4b477eed987d5968ad5b40","driver":"chrome","isManualTestingUpToDate":false,"manual":false,"testSource":"Cucumber","result":"SUCCESS"}