{"name":"Supply-Chain-With-Login","id":"supply-chain-with-login;supply-chain-with-login","testSteps":[{"number":1,"description":"Given Launch Create Account","duration":11767,"startTime":"2022-10-13T17:59:27.486-04:00[America/New_York]","result":"SUCCESS","precondition":false,"level":0,"children":[{"number":2,"description":"Launch create account step","duration":11762,"startTime":"2022-10-13T17:59:27.490-04:00[America/New_York]","result":"SUCCESS","precondition":false,"level":1}]},{"number":3,"description":"Then Click on OK button for cookie","duration":65553,"startTime":"2022-10-13T17:59:39.253-04:00[America/New_York]","result":"SUCCESS","precondition":false,"level":0,"children":[{"number":4,"description":"Click on cookie step","duration":65544,"startTime":"2022-10-13T17:59:39.256-04:00[America/New_York]","result":"SUCCESS","precondition":false,"level":1}]},{"number":5,"description":"Then Enter New Email \"email\"","duration":478,"startTime":"2022-10-13T18:00:44.807-04:00[America/New_York]","result":"SUCCESS","precondition":false,"level":0,"children":[{"number":6,"description":"Enter email: Automation1665698444810@gmail.com","duration":473,"startTime":"2022-10-13T18:00:44.811-04:00[America/New_York]","result":"SUCCESS","precondition":false,"level":1}]},{"number":7,"description":"Then Enter New Password \"Testing1\"","duration":404,"startTime":"2022-10-13T18:00:45.285-04:00[America/New_York]","result":"SUCCESS","precondition":false,"level":0,"children":[{"number":8,"description":"Enter password: Testing1","duration":401,"startTime":"2022-10-13T18:00:45.286-04:00[America/New_York]","result":"SUCCESS","precondition":false,"level":1}]},{"number":9,"description":"Then Enter First Name \"Automation\"","duration":390,"startTime":"2022-10-13T18:00:45.689-04:00[America/New_York]","result":"SUCCESS","precondition":false,"level":0,"children":[{"number":10,"description":"Enter first name: Automation","duration":388,"startTime":"2022-10-13T18:00:45.690-04:00[America/New_York]","result":"SUCCESS","precondition":false,"level":1}]},{"number":11,"description":"Then Enter Last Name \"qa\"","duration":395,"startTime":"2022-10-13T18:00:46.079-04:00[America/New_York]","result":"SUCCESS","precondition":false,"level":0,"children":[{"number":12,"description":"Enter last name: qa","duration":393,"startTime":"2022-10-13T18:00:46.080-04:00[America/New_York]","result":"SUCCESS","precondition":false,"level":1}]},{"number":13,"description":"Then Click Ceck Term","duration":60202,"startTime":"2022-10-13T18:00:46.475-04:00[America/New_York]","result":"SUCCESS","precondition":false,"level":0,"children":[{"number":14,"description":"Click check term","duration":60199,"startTime":"2022-10-13T18:00:46.475-04:00[America/New_York]","result":"SUCCESS","precondition":false,"level":1}]},{"number":15,"description":"Then Enter Job Title \"QA\"","duration":418,"startTime":"2022-10-13T18:01:46.678-04:00[America/New_York]","result":"SUCCESS","precondition":false,"level":0,"children":[{"number":16,"description":"Enter job title: QA","duration":415,"startTime":"2022-10-13T18:01:46.680-04:00[America/New_York]","result":"SUCCESS","precondition":false,"level":1}]},{"number":17,"description":"Then Click Submit","duration":30403,"startTime":"2022-10-13T18:01:47.096-04:00[America/New_York]","result":"SUCCESS","precondition":false,"level":0,"children":[{"number":18,"description":"Click submit button step","duration":30401,"startTime":"2022-10-13T18:01:47.097-04:00[America/New_York]","result":"SUCCESS","precondition":false,"level":1}]},{"number":19,"description":"Then Click Login Button","duration":8720,"startTime":"2022-10-13T18:02:17.499-04:00[America/New_York]","result":"SUCCESS","precondition":false,"level":0,"children":[{"number":20,"description":"Click log in button","duration":8717,"startTime":"2022-10-13T18:02:17.500-04:00[America/New_York]","result":"SUCCESS","precondition":false,"level":1}]},{"number":21,"description":"Then Enter username \"email\"","duration":434,"startTime":"2022-10-13T18:02:26.219-04:00[America/New_York]","result":"SUCCESS","precondition":false,"level":0,"children":[{"number":22,"description":"Enter user name step: Automation1665698444810@gmail.com","duration":431,"startTime":"2022-10-13T18:02:26.221-04:00[America/New_York]","result":"SUCCESS","precondition":false,"level":1}]},{"number":23,"description":"Then Enter password \"Testing1\"","duration":378,"startTime":"2022-10-13T18:02:26.653-04:00[America/New_York]","result":"SUCCESS","precondition":false,"level":0,"children":[{"number":24,"description":"Enter password step: Testing1","duration":376,"startTime":"2022-10-13T18:02:26.654-04:00[America/New_York]","result":"SUCCESS","precondition":false,"level":1}]},{"number":25,"description":"And Click submit","duration":14424,"startTime":"2022-10-13T18:02:27.032-04:00[America/New_York]","result":"SUCCESS","precondition":false,"level":0,"children":[{"number":26,"description":"Click submit button step","duration":14423,"startTime":"2022-10-13T18:02:27.032-04:00[America/New_York]","result":"SUCCESS","precondition":false,"level":1}]},{"number":27,"description":"Then Go to Cart","duration":2534,"startTime":"2022-10-13T18:02:41.457-04:00[America/New_York]","result":"SUCCESS","precondition":false,"level":0,"children":[{"number":28,"description":"Go cart page step","duration":2527,"startTime":"2022-10-13T18:02:41.463-04:00[America/New_York]","result":"SUCCESS","precondition":false,"level":1}]},{"number":29,"description":"Then Empty The Cart","duration":30046,"startTime":"2022-10-13T18:02:43.991-04:00[America/New_York]","result":"SUCCESS","precondition":false,"level":0,"children":[{"number":30,"description":"Delete all existing orders","duration":30043,"startTime":"2022-10-13T18:02:43.992-04:00[America/New_York]","result":"SUCCESS","precondition":false,"level":1}]},{"number":31,"description":"Then Go To Supply Chain Page","duration":5404,"startTime":"2022-10-13T18:03:14.037-04:00[America/New_York]","result":"SUCCESS","precondition":false,"level":0,"children":[{"number":32,"description":"Go to supply chain page","duration":5395,"startTime":"2022-10-13T18:03:14.044-04:00[America/New_York]","result":"SUCCESS","precondition":false,"level":1}]},{"number":33,"description":"Then Click Add To Cart button","duration":33342,"startTime":"2022-10-13T18:03:19.441-04:00[America/New_York]","result":"SUCCESS","precondition":false,"level":0,"children":[{"number":34,"description":"Click add to cart button step","duration":33338,"startTime":"2022-10-13T18:03:19.443-04:00[America/New_York]","result":"SUCCESS","precondition":false,"level":1}]},{"number":35,"description":"Then Click Proceed to Continue button","duration":15238,"startTime":"2022-10-13T18:03:52.783-04:00[America/New_York]","result":"SUCCESS","precondition":false,"level":0,"children":[{"number":36,"description":"Click proceed to check out button step","duration":15232,"startTime":"2022-10-13T18:03:52.788-04:00[America/New_York]","result":"SUCCESS","precondition":false,"level":1}]},{"number":37,"description":"Then Click Proceed to Continue button","duration":70636,"startTime":"2022-10-13T18:04:08.022-04:00[America/New_York]","result":"SUCCESS","precondition":false,"level":0,"children":[{"number":38,"description":"Click proceed to check out button step","duration":70632,"startTime":"2022-10-13T18:04:08.023-04:00[America/New_York]","result":"SUCCESS","precondition":false,"level":1}]},{"number":39,"description":"Then Fill in the following For Billing Address\r\n| Field | Value |\r\n| country | USA |\r\n| firstName | ambreen |\r\n| lastName | qa |\r\n| streetAddress | 8430 W Bryn Mawr Ave |\r\n| City | Chicago |\r\n| State | IL |\r\n| postalCode | 60631 |","duration":11649,"startTime":"2022-10-13T18:05:18.658-04:00[America/New_York]","result":"SUCCESS","precondition":false,"level":0,"children":[{"number":40,"description":"Select billing company: USA","duration":3278,"startTime":"2022-10-13T18:05:18.662-04:00[America/New_York]","result":"SUCCESS","precondition":false,"level":1},{"number":41,"description":"Enter first name: ambreen","duration":2405,"startTime":"2022-10-13T18:05:21.941-04:00[America/New_York]","result":"SUCCESS","precondition":false,"level":1},{"number":42,"description":"Enter last name: qa","duration":2395,"startTime":"2022-10-13T18:05:24.346-04:00[America/New_York]","result":"SUCCESS","precondition":false,"level":1},{"number":43,"description":"Enter billing address1: 8430 W Bryn Mawr Ave","duration":2441,"startTime":"2022-10-13T18:05:26.742-04:00[America/New_York]","result":"SUCCESS","precondition":false,"level":1},{"number":44,"description":"Enter billing city: Chicago","duration":384,"startTime":"2022-10-13T18:05:29.184-04:00[America/New_York]","result":"SUCCESS","precondition":false,"level":1},{"number":45,"description":"Enter billing state: IL","duration":354,"startTime":"2022-10-13T18:05:29.569-04:00[America/New_York]","result":"SUCCESS","precondition":false,"level":1},{"number":46,"description":"Enter billing zip code step: 60631","duration":382,"startTime":"2022-10-13T18:05:29.924-04:00[America/New_York]","result":"SUCCESS","precondition":false,"level":1}]},{"number":47,"description":"Then Choose a \"Card\" brain tree plan to pay","duration":40164,"startTime":"2022-10-13T18:05:30.308-04:00[America/New_York]","result":"SUCCESS","precondition":false,"level":0,"children":[{"number":48,"description":"Chooseawaytopay: Card","duration":40159,"startTime":"2022-10-13T18:05:30.311-04:00[America/New_York]","result":"SUCCESS","precondition":false,"level":1}]},{"number":49,"description":"Then Fill in the following fields for Brain Tree Payment Method section\r\n| Field | Value |\r\n| Card Number | credit_card_no |\r\n| Expiration | credit_card_expiry |\r\n| Security Code | credit_card_security_code |\r\n| Postal Code | credit_card_postal_code |","duration":41782,"startTime":"2022-10-13T18:06:10.472-04:00[America/New_York]","result":"SUCCESS","precondition":false,"level":0,"children":[{"number":50,"description":"Enter brain tree credit card no step: 4111111111111111","duration":434,"startTime":"2022-10-13T18:06:50.555-04:00[America/New_York]","result":"SUCCESS","precondition":false,"level":1},{"number":51,"description":"Enter brain tree credit expiration step: 01/23","duration":407,"startTime":"2022-10-13T18:06:50.989-04:00[America/New_York]","result":"SUCCESS","precondition":false,"level":1},{"number":52,"description":"Enter brain tree credit card CVV step: 123","duration":418,"startTime":"2022-10-13T18:06:51.397-04:00[America/New_York]","result":"SUCCESS","precondition":false,"level":1},{"number":53,"description":"Enter brain tree credit postal code step: 60631","duration":438,"startTime":"2022-10-13T18:06:51.815-04:00[America/New_York]","result":"SUCCESS","precondition":false,"level":1}]},{"number":54,"description":"Then Click Next Review button","duration":125548,"startTime":"2022-10-13T18:06:52.255-04:00[America/New_York]","result":"SUCCESS","precondition":false,"level":0,"children":[{"number":55,"description":"Click next reviw button step","duration":125541,"startTime":"2022-10-13T18:06:52.256-04:00[America/New_York]","result":"SUCCESS","precondition":false,"level":1}]},{"number":56,"description":"Then Click Place Order button","duration":121155,"startTime":"2022-10-13T18:08:57.805-04:00[America/New_York]","exception":{"errorType":"org.openqa.selenium.ElementNotVisibleException","message":"Timed out after 30 seconds. Element not available\nBuild info: version: \u00273.141.59\u0027, revision: \u0027e82be7d358\u0027, time: \u00272018-11-14T08:17:03\u0027\nSystem info: host: \u0027OK92\u0027, ip: \u0027192.168.1.11\u0027, os.name: \u0027Windows 10\u0027, os.arch: \u0027amd64\u0027, os.version: \u002710.0\u0027, java.version: \u00271.8.0_281\u0027\nDriver info: driver.version: unknown\nBuild info: version: \u00273.141.59\u0027, revision: \u0027e82be7d358\u0027, time: \u00272018-11-14T08:17:03\u0027\nSystem info: host: \u0027OK92\u0027, ip: \u0027192.168.1.11\u0027, os.name: \u0027Windows 10\u0027, os.arch: \u0027amd64\u0027, os.version: \u002710.0\u0027, java.version: \u00271.8.0_281\u0027\nDriver info: driver.version: unknown","stackTrace":[{"declaringClass":"com.ascm.util.SeleniumHelper","methodName":"click","fileName":"SeleniumHelper.java","lineNumber":29},{"declaringClass":"com.ascm.pages.CheckOutPage","methodName":"clickPlaceOrderButton","fileName":"CheckOutPage.java","lineNumber":524},{"declaringClass":"com.test.suite.testSteps.CheckOutSteps","methodName":"clickPlaceOrderButtonStep","fileName":"CheckOutSteps.java","lineNumber":189},{"declaringClass":"com.test.suite.stepDefination.CheckOutStepDefs","methodName":"click_Place_Order_button","fileName":"CheckOutStepDefs.java","lineNumber":147},{"declaringClass":"✽","methodName":"Click Place Order button","fileName":"file:///C:/Users/CodeAutomation/Desktop/ACSM/ASCM_Automation/src/test/resources/AllTestCases/BrainTree/SupplyChain/SupplyChain.feature","lineNumber":41}]},"result":"ERROR","precondition":false,"level":0,"children":[{"number":57,"description":"Click place order button step","duration":121147,"startTime":"2022-10-13T18:08:57.808-04:00[America/New_York]","screenshots":[{"screenshot":"be92fce0d135b4e459a0681217a5159c49e444ddbbd44a278a306e66f5e18f6b.png","htmlSource":"pagesource8070576018303563579.html.txt","timeStamp":1665699058954}],"exception":{"errorType":"org.openqa.selenium.ElementNotVisibleException","message":"Timed out after 30 seconds. Element not available\nBuild info: version: \u00273.141.59\u0027, revision: \u0027e82be7d358\u0027, time: \u00272018-11-14T08:17:03\u0027\nSystem info: host: \u0027OK92\u0027, ip: \u0027192.168.1.11\u0027, os.name: \u0027Windows 10\u0027, os.arch: \u0027amd64\u0027, os.version: \u002710.0\u0027, java.version: \u00271.8.0_281\u0027\nDriver info: driver.version: unknown","stackTrace":[{"declaringClass":"com.ascm.util.SeleniumHelper","methodName":"click","fileName":"SeleniumHelper.java","lineNumber":29},{"declaringClass":"com.ascm.pages.CheckOutPage","methodName":"clickPlaceOrderButton","fileName":"CheckOutPage.java","lineNumber":524},{"declaringClass":"com.test.suite.testSteps.CheckOutSteps","methodName":"clickPlaceOrderButtonStep","fileName":"CheckOutSteps.java","lineNumber":189},{"declaringClass":"com.test.suite.stepDefination.CheckOutStepDefs","methodName":"click_Place_Order_button","fileName":"CheckOutStepDefs.java","lineNumber":147},{"declaringClass":"io.cucumber.java.Invoker","methodName":"doInvoke","fileName":"Invoker.java","lineNumber":66},{"declaringClass":"io.cucumber.java.Invoker","methodName":"invoke","fileName":"Invoker.java","lineNumber":24},{"declaringClass":"io.cucumber.java.AbstractGlueDefinition","methodName":"invokeMethod","fileName":"AbstractGlueDefinition.java","lineNumber":47},{"declaringClass":"io.cucumber.java.JavaStepDefinition","methodName":"execute","fileName":"JavaStepDefinition.java","lineNumber":29},{"declaringClass":"io.cucumber.core.runner.CoreStepDefinition","methodName":"execute","fileName":"CoreStepDefinition.java","lineNumber":66},{"declaringClass":"io.cucumber.core.runner.PickleStepDefinitionMatch","methodName":"runStep","fileName":"PickleStepDefinitionMatch.java","lineNumber":63},{"declaringClass":"io.cucumber.core.runner.TestStep","methodName":"executeStep","fileName":"TestStep.java","lineNumber":92},{"declaringClass":"io.cucumber.core.runner.TestStep","methodName":"run","fileName":"TestStep.java","lineNumber":64},{"declaringClass":"io.cucumber.core.runner.PickleStepTestStep","methodName":"run","fileName":"PickleStepTestStep.java","lineNumber":51},{"declaringClass":"io.cucumber.core.runner.TestCase","methodName":"run","fileName":"TestCase.java","lineNumber":104},{"declaringClass":"io.cucumber.core.runner.Runner","methodName":"runPickle","fileName":"Runner.java","lineNumber":73},{"declaringClass":"io.cucumber.junit.FeatureRunner","methodName":"runChild","fileName":"FeatureRunner.java","lineNumber":135},{"declaringClass":"io.cucumber.junit.FeatureRunner","methodName":"runChild","fileName":"FeatureRunner.java","lineNumber":27},{"declaringClass":"io.cucumber.junit.CucumberSerenityRunner","methodName":"runChild","fileName":"CucumberSerenityRunner.java","lineNumber":258},{"declaringClass":"io.cucumber.junit.CucumberSerenityRunner","methodName":"runChild","fileName":"CucumberSerenityRunner.java","lineNumber":57}]},"result":"ERROR","precondition":false,"level":1}]},{"number":58,"description":"Then Get OrderNo","duration":2,"startTime":"2022-10-13T18:10:58.960-04:00[America/New_York]","result":"SKIPPED","precondition":false,"level":0},{"number":59,"description":"Then Get ReferenceCode","duration":1,"startTime":"2022-10-13T18:10:58.962-04:00[America/New_York]","result":"SKIPPED","precondition":false,"level":0}],"userStory":{"id":"supply-chain-with-login","storyName":"Supply-Chain-With-Login","path":"file:///C:/Users/CodeAutomation/Desktop/ACSM/ASCM_Automation/src/test/resources/AllTestCases/BrainTree/SupplyChain/SupplyChain.feature","type":"feature"},"featureTag":{"name":"Supply chain/Supply-Chain-With-Login","type":"feature","displayName":"Supply chain/Supply-Chain-With-Login"},"title":"Supply- chain- with- login","description":"","startTime":"2022-10-13T17:59:27.485-04:00[America/New_York]","duration":691480,"testFailureCause":{"errorType":"org.openqa.selenium.ElementNotVisibleException","message":"Timed out after 30 seconds. Element not available\nBuild info: version: \u00273.141.59\u0027, revision: \u0027e82be7d358\u0027, time: \u00272018-11-14T08:17:03\u0027\nSystem info: host: \u0027OK92\u0027, ip: \u0027192.168.1.11\u0027, os.name: \u0027Windows 10\u0027, os.arch: \u0027amd64\u0027, os.version: \u002710.0\u0027, java.version: \u00271.8.0_281\u0027\nDriver info: driver.version: unknown","stackTrace":[{"declaringClass":"com.ascm.util.SeleniumHelper","methodName":"click","fileName":"SeleniumHelper.java","lineNumber":29},{"declaringClass":"com.ascm.pages.CheckOutPage","methodName":"clickPlaceOrderButton","fileName":"CheckOutPage.java","lineNumber":524},{"declaringClass":"com.test.suite.testSteps.CheckOutSteps","methodName":"clickPlaceOrderButtonStep","fileName":"CheckOutSteps.java","lineNumber":189},{"declaringClass":"com.test.suite.stepDefination.CheckOutStepDefs","methodName":"click_Place_Order_button","fileName":"CheckOutStepDefs.java","lineNumber":147},{"declaringClass":"io.cucumber.java.Invoker","methodName":"doInvoke","fileName":"Invoker.java","lineNumber":66},{"declaringClass":"io.cucumber.java.Invoker","methodName":"invoke","fileName":"Invoker.java","lineNumber":24},{"declaringClass":"io.cucumber.java.AbstractGlueDefinition","methodName":"invokeMethod","fileName":"AbstractGlueDefinition.java","lineNumber":47},{"declaringClass":"io.cucumber.java.JavaStepDefinition","methodName":"execute","fileName":"JavaStepDefinition.java","lineNumber":29},{"declaringClass":"io.cucumber.core.runner.CoreStepDefinition","methodName":"execute","fileName":"CoreStepDefinition.java","lineNumber":66},{"declaringClass":"io.cucumber.core.runner.PickleStepDefinitionMatch","methodName":"runStep","fileName":"PickleStepDefinitionMatch.java","lineNumber":63},{"declaringClass":"io.cucumber.core.runner.TestStep","methodName":"executeStep","fileName":"TestStep.java","lineNumber":92},{"declaringClass":"io.cucumber.core.runner.TestStep","methodName":"run","fileName":"TestStep.java","lineNumber":64},{"declaringClass":"io.cucumber.core.runner.PickleStepTestStep","methodName":"run","fileName":"PickleStepTestStep.java","lineNumber":51},{"declaringClass":"io.cucumber.core.runner.TestCase","methodName":"run","fileName":"TestCase.java","lineNumber":104},{"declaringClass":"io.cucumber.core.runner.Runner","methodName":"runPickle","fileName":"Runner.java","lineNumber":73},{"declaringClass":"io.cucumber.junit.FeatureRunner","methodName":"runChild","fileName":"FeatureRunner.java","lineNumber":135},{"declaringClass":"io.cucumber.junit.FeatureRunner","methodName":"runChild","fileName":"FeatureRunner.java","lineNumber":27},{"declaringClass":"io.cucumber.junit.CucumberSerenityRunner","methodName":"runChild","fileName":"CucumberSerenityRunner.java","lineNumber":258},{"declaringClass":"io.cucumber.junit.CucumberSerenityRunner","methodName":"runChild","fileName":"CucumberSerenityRunner.java","lineNumber":57}]},"testFailureClassname":"org.openqa.selenium.ElementNotVisibleException","testFailureMessage":"Timed out after 30 seconds. Element not available\nBuild info: version: \u00273.141.59\u0027, revision: \u0027e82be7d358\u0027, time: \u00272018-11-14T08:17:03\u0027\nSystem info: host: \u0027OK92\u0027, ip: \u0027192.168.1.11\u0027, os.name: \u0027Windows 10\u0027, os.arch: \u0027amd64\u0027, os.version: \u002710.0\u0027, java.version: \u00271.8.0_281\u0027\nDriver info: driver.version: unknown","testFailureSummary":"ERROR;org.openqa.selenium.ElementNotVisibleException;Timed out after 30 seconds. Element not available\nBuild info: version: \u00273.141.59\u0027, revision: \u0027e82be7d358\u0027, time: \u00272018-11-14T08:17:03\u0027\nSystem info: host: \u0027OK92\u0027, ip: \u0027192.168.1.11\u0027, os.name: \u0027Windows 10\u0027, os.arch: \u0027amd64\u0027, os.version: \u002710.0\u0027, java.version: \u00271.8.0_281\u0027\nDriver info: driver.version: unknown;SeleniumHelper.java","projectKey":"","annotatedResult":"ERROR","sessionId":"f3327b8db27617115272d81a9312e7dc","driver":"chrome","isManualTestingUpToDate":false,"manual":false,"testSource":"Cucumber","result":"ERROR"}