{"name":"One-Chap-With-Upgrade-Membership","id":"one-chap-with-upgrade-membership;one-chap-with-upgrade-membership","testSteps":[{"number":1,"description":"Given Launch Create Account","duration":11274,"startTime":"2022-10-13T16:37:43.150-04:00[America/New_York]","result":"SUCCESS","precondition":false,"level":0,"children":[{"number":2,"description":"Launch create account step","duration":11269,"startTime":"2022-10-13T16:37:43.154-04:00[America/New_York]","result":"SUCCESS","precondition":false,"level":1}]},{"number":3,"description":"Then Click on OK button for cookie","duration":65319,"startTime":"2022-10-13T16:37:54.425-04:00[America/New_York]","result":"SUCCESS","precondition":false,"level":0,"children":[{"number":4,"description":"Click on cookie step","duration":65314,"startTime":"2022-10-13T16:37:54.428-04:00[America/New_York]","result":"SUCCESS","precondition":false,"level":1}]},{"number":5,"description":"Then Enter New Email \"email\"","duration":450,"startTime":"2022-10-13T16:38:59.744-04:00[America/New_York]","result":"SUCCESS","precondition":false,"level":0,"children":[{"number":6,"description":"Enter email: Automation1665693539745@gmail.com","duration":448,"startTime":"2022-10-13T16:38:59.745-04:00[America/New_York]","result":"SUCCESS","precondition":false,"level":1}]},{"number":7,"description":"Then Enter New Password \"Testing1\"","duration":426,"startTime":"2022-10-13T16:39:00.195-04:00[America/New_York]","result":"SUCCESS","precondition":false,"level":0,"children":[{"number":8,"description":"Enter password: Testing1","duration":424,"startTime":"2022-10-13T16:39:00.196-04:00[America/New_York]","result":"SUCCESS","precondition":false,"level":1}]},{"number":9,"description":"Then Enter First Name \"Automation\"","duration":393,"startTime":"2022-10-13T16:39:00.621-04:00[America/New_York]","result":"SUCCESS","precondition":false,"level":0,"children":[{"number":10,"description":"Enter first name: Automation","duration":391,"startTime":"2022-10-13T16:39:00.622-04:00[America/New_York]","result":"SUCCESS","precondition":false,"level":1}]},{"number":11,"description":"Then Enter Last Name \"qa\"","duration":385,"startTime":"2022-10-13T16:39:01.014-04:00[America/New_York]","result":"SUCCESS","precondition":false,"level":0,"children":[{"number":12,"description":"Enter last name: qa","duration":383,"startTime":"2022-10-13T16:39:01.015-04:00[America/New_York]","result":"SUCCESS","precondition":false,"level":1}]},{"number":13,"description":"Then Click Ceck Term","duration":60366,"startTime":"2022-10-13T16:39:01.399-04:00[America/New_York]","result":"SUCCESS","precondition":false,"level":0,"children":[{"number":14,"description":"Click check term","duration":60363,"startTime":"2022-10-13T16:39:01.400-04:00[America/New_York]","result":"SUCCESS","precondition":false,"level":1}]},{"number":15,"description":"Then Enter Job Title \"QA\"","duration":392,"startTime":"2022-10-13T16:40:01.765-04:00[America/New_York]","result":"SUCCESS","precondition":false,"level":0,"children":[{"number":16,"description":"Enter job title: QA","duration":389,"startTime":"2022-10-13T16:40:01.766-04:00[America/New_York]","result":"SUCCESS","precondition":false,"level":1}]},{"number":17,"description":"Then Click Submit","duration":30414,"startTime":"2022-10-13T16:40:02.157-04:00[America/New_York]","result":"SUCCESS","precondition":false,"level":0,"children":[{"number":18,"description":"Click submit button step","duration":30412,"startTime":"2022-10-13T16:40:02.158-04:00[America/New_York]","result":"SUCCESS","precondition":false,"level":1}]},{"number":19,"description":"Then Click Login Button","duration":8411,"startTime":"2022-10-13T16:40:32.572-04:00[America/New_York]","result":"SUCCESS","precondition":false,"level":0,"children":[{"number":20,"description":"Click log in button","duration":8409,"startTime":"2022-10-13T16:40:32.573-04:00[America/New_York]","result":"SUCCESS","precondition":false,"level":1}]},{"number":21,"description":"Then Enter username \"email\"","duration":410,"startTime":"2022-10-13T16:40:40.983-04:00[America/New_York]","result":"SUCCESS","precondition":false,"level":0,"children":[{"number":22,"description":"Enter user name step: Automation1665693539745@gmail.com","duration":407,"startTime":"2022-10-13T16:40:40.984-04:00[America/New_York]","result":"SUCCESS","precondition":false,"level":1}]},{"number":23,"description":"Then Enter password \"Testing1\"","duration":393,"startTime":"2022-10-13T16:40:41.393-04:00[America/New_York]","result":"SUCCESS","precondition":false,"level":0,"children":[{"number":24,"description":"Enter password step: Testing1","duration":391,"startTime":"2022-10-13T16:40:41.394-04:00[America/New_York]","result":"SUCCESS","precondition":false,"level":1}]},{"number":25,"description":"And Click submit","duration":13908,"startTime":"2022-10-13T16:40:41.787-04:00[America/New_York]","result":"SUCCESS","precondition":false,"level":0,"children":[{"number":26,"description":"Click submit button step","duration":13906,"startTime":"2022-10-13T16:40:41.788-04:00[America/New_York]","result":"SUCCESS","precondition":false,"level":1}]},{"number":27,"description":"Then Go to Cart","duration":2644,"startTime":"2022-10-13T16:40:55.696-04:00[America/New_York]","result":"SUCCESS","precondition":false,"level":0,"children":[{"number":28,"description":"Go cart page step","duration":2638,"startTime":"2022-10-13T16:40:55.701-04:00[America/New_York]","result":"SUCCESS","precondition":false,"level":1}]},{"number":29,"description":"Then Empty The Cart","duration":30050,"startTime":"2022-10-13T16:40:58.341-04:00[America/New_York]","result":"SUCCESS","precondition":false,"level":0,"children":[{"number":30,"description":"Delete all existing orders","duration":30047,"startTime":"2022-10-13T16:40:58.343-04:00[America/New_York]","result":"SUCCESS","precondition":false,"level":1}]},{"number":31,"description":"Then Go to Membership Page","duration":5098,"startTime":"2022-10-13T16:41:28.392-04:00[America/New_York]","result":"SUCCESS","precondition":false,"level":0,"children":[{"number":32,"description":"Go membership page step","duration":5096,"startTime":"2022-10-13T16:41:28.393-04:00[America/New_York]","result":"SUCCESS","precondition":false,"level":1}]},{"number":33,"description":"Then Click Become a Memeber","duration":5322,"startTime":"2022-10-13T16:41:33.491-04:00[America/New_York]","result":"SUCCESS","precondition":false,"level":0,"children":[{"number":34,"description":"Click on become a member","duration":5318,"startTime":"2022-10-13T16:41:33.492-04:00[America/New_York]","result":"SUCCESS","precondition":false,"level":1}]},{"number":35,"description":"Then Click Certificate Upgrade Checkbox","duration":3121,"startTime":"2022-10-13T16:41:38.814-04:00[America/New_York]","result":"SUCCESS","precondition":false,"level":0,"children":[{"number":36,"description":"Click certificate upgrade checkbox step","duration":3119,"startTime":"2022-10-13T16:41:38.815-04:00[America/New_York]","result":"SUCCESS","precondition":false,"level":1}]},{"number":37,"description":"Then Click Agreement Checkbox","duration":3147,"startTime":"2022-10-13T16:41:41.936-04:00[America/New_York]","result":"SUCCESS","precondition":false,"level":0,"children":[{"number":38,"description":"Click agreement checkbox step","duration":3145,"startTime":"2022-10-13T16:41:41.937-04:00[America/New_York]","result":"SUCCESS","precondition":false,"level":1}]},{"number":39,"description":"Then Click Add To Cart button","duration":3400,"startTime":"2022-10-13T16:41:45.084-04:00[America/New_York]","result":"SUCCESS","precondition":false,"level":0,"children":[{"number":40,"description":"Click add to cart button step","duration":3396,"startTime":"2022-10-13T16:41:45.085-04:00[America/New_York]","result":"SUCCESS","precondition":false,"level":1}]},{"number":41,"description":"Then Select Membership Discount Country","duration":3336,"startTime":"2022-10-13T16:41:48.484-04:00[America/New_York]","result":"SUCCESS","precondition":false,"level":0,"children":[{"number":42,"description":"Select country: United States","duration":3332,"startTime":"2022-10-13T16:41:48.486-04:00[America/New_York]","result":"SUCCESS","precondition":false,"level":1}]},{"number":43,"description":"Then Enter Membership Postal Code","duration":379,"startTime":"2022-10-13T16:41:51.821-04:00[America/New_York]","result":"SUCCESS","precondition":false,"level":0,"children":[{"number":44,"description":"Enter membership postal code","duration":376,"startTime":"2022-10-13T16:41:51.822-04:00[America/New_York]","result":"SUCCESS","precondition":false,"level":1}]},{"number":45,"description":"Then Click On Search Chapter Button","duration":111,"startTime":"2022-10-13T16:41:52.200-04:00[America/New_York]","result":"SUCCESS","precondition":false,"level":0,"children":[{"number":46,"description":"Click on search chapter button","duration":109,"startTime":"2022-10-13T16:41:52.201-04:00[America/New_York]","result":"SUCCESS","precondition":false,"level":1}]},{"number":47,"description":"Then Select Item","duration":6280,"startTime":"2022-10-13T16:41:52.311-04:00[America/New_York]","result":"SUCCESS","precondition":false,"level":0,"children":[{"number":48,"description":"Click search bundle","duration":6274,"startTime":"2022-10-13T16:41:52.315-04:00[America/New_York]","result":"SUCCESS","precondition":false,"level":1}]},{"number":49,"description":"Then Add Selected Item","duration":362,"startTime":"2022-10-13T16:41:58.592-04:00[America/New_York]","result":"SUCCESS","precondition":false,"level":0,"children":[{"number":50,"description":"Click add selected button","duration":359,"startTime":"2022-10-13T16:41:58.594-04:00[America/New_York]","result":"SUCCESS","precondition":false,"level":1}]},{"number":51,"description":"Then Click Proceed to Continue button","duration":16111,"startTime":"2022-10-13T16:41:58.955-04:00[America/New_York]","result":"SUCCESS","precondition":false,"level":0,"children":[{"number":52,"description":"Click proceed to check out button step","duration":16104,"startTime":"2022-10-13T16:41:58.961-04:00[America/New_York]","result":"SUCCESS","precondition":false,"level":1}]},{"number":53,"description":"Then click Work Address Radio Button","duration":184974,"startTime":"2022-10-13T16:42:15.067-04:00[America/New_York]","result":"SUCCESS","precondition":false,"level":0,"children":[{"number":54,"description":"Click work address readio button","duration":181957,"startTime":"2022-10-13T16:42:18.082-04:00[America/New_York]","result":"SUCCESS","precondition":false,"level":1}]},{"number":55,"description":"Then Fill in the following fields for international mailing section\r\n| Field | Value |\r\n| company | mailing_company |\r\n| streetAddress | mailing_address |\r\n| City | mailing_city |\r\n| State | mailing_state |\r\n| postalCode | mailing_postal_code |\r\n| CountryType | mailing_country_type |\r\n| Country Code | mailing_country_code |\r\n| Area Code | mailing_area_code |\r\n| Phone Number | mailing_phone_no |","duration":10569,"startTime":"2022-10-13T16:45:20.042-04:00[America/New_York]","result":"SUCCESS","precondition":false,"level":0,"children":[{"number":56,"description":"Enter company: CC","duration":5682,"startTime":"2022-10-13T16:45:20.043-04:00[America/New_York]","result":"SUCCESS","precondition":false,"level":1},{"number":57,"description":"Enter mailing address line1 step: 8430 W Bryn Mawr Ave","duration":2452,"startTime":"2022-10-13T16:45:25.726-04:00[America/New_York]","result":"SUCCESS","precondition":false,"level":1},{"number":58,"description":"Enter mailingcity step: Chicago","duration":409,"startTime":"2022-10-13T16:45:28.178-04:00[America/New_York]","result":"SUCCESS","precondition":false,"level":1},{"number":59,"description":"Enter mailing state step: IL","duration":337,"startTime":"2022-10-13T16:45:28.588-04:00[America/New_York]","result":"SUCCESS","precondition":false,"level":1},{"number":60,"description":"Enter maililing zip code step: 60631","duration":376,"startTime":"2022-10-13T16:45:28.926-04:00[America/New_York]","result":"SUCCESS","precondition":false,"level":1},{"number":61,"description":"Select country type: Work","duration":223,"startTime":"2022-10-13T16:45:29.302-04:00[America/New_York]","result":"SUCCESS","precondition":false,"level":1},{"number":62,"description":"Select country area code: 1","duration":253,"startTime":"2022-10-13T16:45:29.526-04:00[America/New_York]","result":"SUCCESS","precondition":false,"level":1},{"number":63,"description":"Enter area code: 773","duration":430,"startTime":"2022-10-13T16:45:29.779-04:00[America/New_York]","result":"SUCCESS","precondition":false,"level":1},{"number":64,"description":"Enter phone number: 7647422","duration":401,"startTime":"2022-10-13T16:45:30.209-04:00[America/New_York]","result":"SUCCESS","precondition":false,"level":1}]},{"number":65,"description":"Then Click Next Payment Information button","duration":139834,"startTime":"2022-10-13T16:45:30.612-04:00[America/New_York]","result":"SUCCESS","precondition":false,"level":0,"children":[{"number":66,"description":"Click continue button step","duration":139831,"startTime":"2022-10-13T16:45:30.613-04:00[America/New_York]","result":"SUCCESS","precondition":false,"level":1}]},{"number":67,"description":"Then Click same as billing button","duration":138,"startTime":"2022-10-13T16:47:50.446-04:00[America/New_York]","result":"SUCCESS","precondition":false,"level":0,"children":[{"number":68,"description":"Click same as billing button step","duration":135,"startTime":"2022-10-13T16:47:50.448-04:00[America/New_York]","result":"SUCCESS","precondition":false,"level":1}]},{"number":69,"description":"Then Choose a \"Card\" brain tree plan to pay","duration":40145,"startTime":"2022-10-13T16:47:50.585-04:00[America/New_York]","result":"SUCCESS","precondition":false,"level":0,"children":[{"number":70,"description":"Chooseawaytopay: Card","duration":40142,"startTime":"2022-10-13T16:47:50.586-04:00[America/New_York]","result":"SUCCESS","precondition":false,"level":1}]},{"number":71,"description":"Then Fill in the following fields for Brain Tree Payment Method section\r\n| Field | Value |\r\n| Card Number | credit_card_no |\r\n| Expiration | credit_card_expiry |\r\n| Security Code | credit_card_security_code |\r\n| Postal Code | credit_card_postal_code |","duration":41903,"startTime":"2022-10-13T16:48:30.731-04:00[America/New_York]","result":"SUCCESS","precondition":false,"level":0,"children":[{"number":72,"description":"Enter brain tree credit card no step: 4111111111111111","duration":481,"startTime":"2022-10-13T16:49:10.824-04:00[America/New_York]","result":"SUCCESS","precondition":false,"level":1},{"number":73,"description":"Enter brain tree credit expiration step: 01/23","duration":452,"startTime":"2022-10-13T16:49:11.305-04:00[America/New_York]","result":"SUCCESS","precondition":false,"level":1},{"number":74,"description":"Enter brain tree credit card CVV step: 123","duration":427,"startTime":"2022-10-13T16:49:11.758-04:00[America/New_York]","result":"SUCCESS","precondition":false,"level":1},{"number":75,"description":"Enter brain tree credit postal code step: 60631","duration":446,"startTime":"2022-10-13T16:49:12.186-04:00[America/New_York]","result":"SUCCESS","precondition":false,"level":1}]},{"number":76,"description":"Then Click Next Review button","duration":125850,"startTime":"2022-10-13T16:49:12.634-04:00[America/New_York]","result":"SUCCESS","precondition":false,"level":0,"children":[{"number":77,"description":"Click next reviw button step","duration":125847,"startTime":"2022-10-13T16:49:12.635-04:00[America/New_York]","result":"SUCCESS","precondition":false,"level":1}]},{"number":78,"description":"Then Click Place Order button","duration":5278,"startTime":"2022-10-13T16:51:18.485-04:00[America/New_York]","result":"SUCCESS","precondition":false,"level":0,"children":[{"number":79,"description":"Click place order button step","duration":5273,"startTime":"2022-10-13T16:51:18.486-04:00[America/New_York]","result":"SUCCESS","precondition":false,"level":1}]},{"number":80,"description":"Then Get ReferenceCode","duration":24817,"startTime":"2022-10-13T16:51:23.764-04:00[America/New_York]","result":"SUCCESS","precondition":false,"level":0,"children":[{"number":81,"description":"Get reference code","duration":24808,"startTime":"2022-10-13T16:51:23.767-04:00[America/New_York]","result":"SUCCESS","reportData":[{"title":"Reference Code","contents":"Reference Code: PO2218737972","isEvidence":false,"id":"report-data-f530e68c-e13a-4235-a8c2-45506915401c"}],"precondition":false,"level":1}]}],"userStory":{"id":"one-chap-with-upgrade-membership","storyName":"One-Chap-With-Upgrade-Membership","path":"file:///C:/Users/CodeAutomation/Desktop/ACSM/ASCM_Automation/src/test/resources/AllTestCases/BrainTree/Memberships/RegularMembership/OneChap+MemershipWithUpgrade.feature","type":"feature"},"featureTag":{"name":"Regular membership/One-Chap-With-Upgrade-Membership","type":"feature","displayName":"Regular membership/One-Chap-With-Upgrade-Membership"},"title":"One- chap- with- upgrade- membership","description":"","startTime":"2022-10-13T16:37:43.149-04:00[America/New_York]","duration":845435,"projectKey":"","sessionId":"226b1d37d67c9ea0a4d75bdf790b8977","driver":"chrome","isManualTestingUpToDate":false,"manual":false,"testSource":"Cucumber","result":"SUCCESS"}