{"name":"VerifyUserCanSelect_SkipChapter","id":"verifyusercanselect-skipchapter;verifyusercanselect-skipchapter","testSteps":[{"number":1,"description":"Given Launch Create Account","duration":10485,"startTime":"2022-10-13T15:04:40.259-04:00[America/New_York]","result":"SUCCESS","precondition":false,"level":0,"children":[{"number":2,"description":"Launch create account step","duration":10478,"startTime":"2022-10-13T15:04:40.264-04:00[America/New_York]","result":"SUCCESS","precondition":false,"level":1}]},{"number":3,"description":"Then Click on OK button for cookie","duration":65562,"startTime":"2022-10-13T15:04:50.745-04:00[America/New_York]","result":"SUCCESS","precondition":false,"level":0,"children":[{"number":4,"description":"Click on cookie step","duration":65554,"startTime":"2022-10-13T15:04:50.749-04:00[America/New_York]","result":"SUCCESS","precondition":false,"level":1}]},{"number":5,"description":"Then Enter New Email \"email\"","duration":444,"startTime":"2022-10-13T15:05:56.308-04:00[America/New_York]","result":"SUCCESS","precondition":false,"level":0,"children":[{"number":6,"description":"Enter email: Automation1665687956309@gmail.com","duration":441,"startTime":"2022-10-13T15:05:56.310-04:00[America/New_York]","result":"SUCCESS","precondition":false,"level":1}]},{"number":7,"description":"Then Enter New Password \"Testing1\"","duration":396,"startTime":"2022-10-13T15:05:56.753-04:00[America/New_York]","result":"SUCCESS","precondition":false,"level":0,"children":[{"number":8,"description":"Enter password: Testing1","duration":394,"startTime":"2022-10-13T15:05:56.754-04:00[America/New_York]","result":"SUCCESS","precondition":false,"level":1}]},{"number":9,"description":"Then Enter First Name \"Automation\"","duration":362,"startTime":"2022-10-13T15:05:57.149-04:00[America/New_York]","result":"SUCCESS","precondition":false,"level":0,"children":[{"number":10,"description":"Enter first name: Automation","duration":360,"startTime":"2022-10-13T15:05:57.150-04:00[America/New_York]","result":"SUCCESS","precondition":false,"level":1}]},{"number":11,"description":"Then Enter Last Name \"qa\"","duration":370,"startTime":"2022-10-13T15:05:57.511-04:00[America/New_York]","result":"SUCCESS","precondition":false,"level":0,"children":[{"number":12,"description":"Enter last name: qa","duration":368,"startTime":"2022-10-13T15:05:57.512-04:00[America/New_York]","result":"SUCCESS","precondition":false,"level":1}]},{"number":13,"description":"Then Click Ceck Term","duration":60184,"startTime":"2022-10-13T15:05:57.882-04:00[America/New_York]","result":"SUCCESS","precondition":false,"level":0,"children":[{"number":14,"description":"Click check term","duration":60176,"startTime":"2022-10-13T15:05:57.883-04:00[America/New_York]","result":"SUCCESS","precondition":false,"level":1}]},{"number":15,"description":"Then Enter Job Title \"QA\"","duration":417,"startTime":"2022-10-13T15:06:58.068-04:00[America/New_York]","result":"SUCCESS","precondition":false,"level":0,"children":[{"number":16,"description":"Enter job title: QA","duration":413,"startTime":"2022-10-13T15:06:58.071-04:00[America/New_York]","result":"SUCCESS","precondition":false,"level":1}]},{"number":17,"description":"Then Click Submit","duration":30350,"startTime":"2022-10-13T15:06:58.485-04:00[America/New_York]","result":"SUCCESS","precondition":false,"level":0,"children":[{"number":18,"description":"Click submit button step","duration":30347,"startTime":"2022-10-13T15:06:58.486-04:00[America/New_York]","result":"SUCCESS","precondition":false,"level":1}]},{"number":19,"description":"Then Click Login Button","duration":8236,"startTime":"2022-10-13T15:07:28.836-04:00[America/New_York]","result":"SUCCESS","precondition":false,"level":0,"children":[{"number":20,"description":"Click log in button","duration":8234,"startTime":"2022-10-13T15:07:28.837-04:00[America/New_York]","result":"SUCCESS","precondition":false,"level":1}]},{"number":21,"description":"Then Enter username \"email\"","duration":414,"startTime":"2022-10-13T15:07:37.073-04:00[America/New_York]","result":"SUCCESS","precondition":false,"level":0,"children":[{"number":22,"description":"Enter user name step: Automation1665687956309@gmail.com","duration":411,"startTime":"2022-10-13T15:07:37.074-04:00[America/New_York]","result":"SUCCESS","precondition":false,"level":1}]},{"number":23,"description":"Then Enter password \"Testing1\"","duration":384,"startTime":"2022-10-13T15:07:37.487-04:00[America/New_York]","result":"SUCCESS","precondition":false,"level":0,"children":[{"number":24,"description":"Enter password step: Testing1","duration":382,"startTime":"2022-10-13T15:07:37.488-04:00[America/New_York]","result":"SUCCESS","precondition":false,"level":1}]},{"number":25,"description":"And Click submit","duration":12105,"startTime":"2022-10-13T15:07:37.871-04:00[America/New_York]","result":"SUCCESS","precondition":false,"level":0,"children":[{"number":26,"description":"Click submit button step","duration":12102,"startTime":"2022-10-13T15:07:37.873-04:00[America/New_York]","result":"SUCCESS","precondition":false,"level":1}]},{"number":27,"description":"Then Go to Cart","duration":2872,"startTime":"2022-10-13T15:07:49.976-04:00[America/New_York]","result":"SUCCESS","precondition":false,"level":0,"children":[{"number":28,"description":"Go cart page step","duration":2866,"startTime":"2022-10-13T15:07:49.980-04:00[America/New_York]","result":"SUCCESS","precondition":false,"level":1}]},{"number":29,"description":"Then Empty The Cart","duration":30063,"startTime":"2022-10-13T15:07:52.848-04:00[America/New_York]","result":"SUCCESS","precondition":false,"level":0,"children":[{"number":30,"description":"Delete all existing orders","duration":30059,"startTime":"2022-10-13T15:07:52.849-04:00[America/New_York]","result":"SUCCESS","precondition":false,"level":1}]},{"number":31,"description":"Then Go to Membership Page","duration":4890,"startTime":"2022-10-13T15:08:22.912-04:00[America/New_York]","result":"SUCCESS","precondition":false,"level":0,"children":[{"number":32,"description":"Go membership page step","duration":4888,"startTime":"2022-10-13T15:08:22.913-04:00[America/New_York]","result":"SUCCESS","precondition":false,"level":1}]},{"number":33,"description":"Then Click Become a Memeber","duration":4174,"startTime":"2022-10-13T15:08:27.803-04:00[America/New_York]","result":"SUCCESS","precondition":false,"level":0,"children":[{"number":34,"description":"Click on become a member","duration":4172,"startTime":"2022-10-13T15:08:27.804-04:00[America/New_York]","result":"SUCCESS","precondition":false,"level":1}]},{"number":35,"description":"Then Click Agreement Checkbox","duration":3121,"startTime":"2022-10-13T15:08:31.978-04:00[America/New_York]","result":"SUCCESS","precondition":false,"level":0,"children":[{"number":36,"description":"Click agreement checkbox step","duration":3119,"startTime":"2022-10-13T15:08:31.979-04:00[America/New_York]","result":"SUCCESS","precondition":false,"level":1}]},{"number":37,"description":"Then Click Add To Cart button","duration":3408,"startTime":"2022-10-13T15:08:35.100-04:00[America/New_York]","result":"SUCCESS","precondition":false,"level":0,"children":[{"number":38,"description":"Click add to cart button step","duration":3406,"startTime":"2022-10-13T15:08:35.101-04:00[America/New_York]","result":"SUCCESS","precondition":false,"level":1}]},{"number":39,"description":"Then Click Skip Membership Chapter","duration":3194,"startTime":"2022-10-13T15:08:38.509-04:00[America/New_York]","result":"SUCCESS","precondition":false,"level":0,"children":[{"number":40,"description":"Click skip membership button step","duration":3192,"startTime":"2022-10-13T15:08:38.510-04:00[America/New_York]","result":"SUCCESS","precondition":false,"level":1}]},{"number":41,"description":"Then Go to Cart","duration":2896,"startTime":"2022-10-13T15:08:41.703-04:00[America/New_York]","result":"SUCCESS","precondition":false,"level":0,"children":[{"number":42,"description":"Go cart page step","duration":2888,"startTime":"2022-10-13T15:08:41.709-04:00[America/New_York]","result":"SUCCESS","precondition":false,"level":1}]},{"number":43,"description":"Then Empty The Cart","duration":5510,"startTime":"2022-10-13T15:08:44.600-04:00[America/New_York]","result":"SUCCESS","precondition":false,"level":0,"children":[{"number":44,"description":"Delete all existing orders","duration":5507,"startTime":"2022-10-13T15:08:44.601-04:00[America/New_York]","result":"SUCCESS","precondition":false,"level":1}]},{"number":45,"description":"Then Go to Membership Page","duration":5797,"startTime":"2022-10-13T15:08:50.110-04:00[America/New_York]","result":"SUCCESS","precondition":false,"level":0,"children":[{"number":46,"description":"Go membership page step","duration":5794,"startTime":"2022-10-13T15:08:50.111-04:00[America/New_York]","result":"SUCCESS","precondition":false,"level":1}]},{"number":47,"description":"Then Click Become a Memeber","duration":2896,"startTime":"2022-10-13T15:08:55.907-04:00[America/New_York]","result":"SUCCESS","precondition":false,"level":0,"children":[{"number":48,"description":"Click on become a member","duration":2893,"startTime":"2022-10-13T15:08:55.909-04:00[America/New_York]","result":"SUCCESS","precondition":false,"level":1}]},{"number":49,"description":"Then Click Agreement Checkbox","duration":3127,"startTime":"2022-10-13T15:08:58.803-04:00[America/New_York]","result":"SUCCESS","precondition":false,"level":0,"children":[{"number":50,"description":"Click agreement checkbox step","duration":3125,"startTime":"2022-10-13T15:08:58.804-04:00[America/New_York]","result":"SUCCESS","precondition":false,"level":1}]},{"number":51,"description":"Then Click Add To Cart button","duration":3406,"startTime":"2022-10-13T15:09:01.931-04:00[America/New_York]","result":"SUCCESS","precondition":false,"level":0,"children":[{"number":52,"description":"Click add to cart button step","duration":3402,"startTime":"2022-10-13T15:09:01.932-04:00[America/New_York]","result":"SUCCESS","precondition":false,"level":1}]},{"number":53,"description":"Then Select International Membership Discount Country","duration":3342,"startTime":"2022-10-13T15:09:05.337-04:00[America/New_York]","result":"SUCCESS","precondition":false,"level":0,"children":[{"number":54,"description":"Select country: Asia Pacific","duration":3340,"startTime":"2022-10-13T15:09:05.338-04:00[America/New_York]","result":"SUCCESS","precondition":false,"level":1}]},{"number":55,"description":"Then Click On Search Chapter Button","duration":109,"startTime":"2022-10-13T15:09:08.679-04:00[America/New_York]","result":"SUCCESS","precondition":false,"level":0,"children":[{"number":56,"description":"Click on search chapter button","duration":106,"startTime":"2022-10-13T15:09:08.680-04:00[America/New_York]","result":"SUCCESS","precondition":false,"level":1}]},{"number":57,"description":"Then Select International Item","duration":6281,"startTime":"2022-10-13T15:09:08.788-04:00[America/New_York]","result":"SUCCESS","precondition":false,"level":0,"children":[{"number":58,"description":"Click international chapter","duration":6273,"startTime":"2022-10-13T15:09:08.793-04:00[America/New_York]","result":"SUCCESS","precondition":false,"level":1}]},{"number":59,"description":"Then Add Selected Item","duration":311,"startTime":"2022-10-13T15:09:15.070-04:00[America/New_York]","result":"SUCCESS","precondition":false,"level":0,"children":[{"number":60,"description":"Click add selected button","duration":307,"startTime":"2022-10-13T15:09:15.073-04:00[America/New_York]","result":"SUCCESS","precondition":false,"level":1}]},{"number":61,"description":"Then Click Proceed to Continue button","duration":14727,"startTime":"2022-10-13T15:09:15.382-04:00[America/New_York]","result":"SUCCESS","precondition":false,"level":0,"children":[{"number":62,"description":"Click proceed to check out button step","duration":14720,"startTime":"2022-10-13T15:09:15.387-04:00[America/New_York]","result":"SUCCESS","precondition":false,"level":1}]},{"number":63,"description":"Then click Work Address Radio Button","duration":184862,"startTime":"2022-10-13T15:09:30.110-04:00[America/New_York]","result":"SUCCESS","precondition":false,"level":0,"children":[{"number":64,"description":"Click work address readio button","duration":181847,"startTime":"2022-10-13T15:09:33.123-04:00[America/New_York]","result":"SUCCESS","precondition":false,"level":1}]},{"number":65,"description":"Then Fill in the following fields for international mailing section\r\n| Field | Value |\r\n| company | mailing_company |\r\n| streetAddress | mailing_address |\r\n| City | mailing_city |\r\n| State | mailing_state |\r\n| postalCode | mailing_postal_code |\r\n| CountryType | mailing_country_type |\r\n| Country Code | mailing_country_code |\r\n| Area Code | mailing_area_code |\r\n| Phone Number | mailing_phone_no |","duration":10701,"startTime":"2022-10-13T15:12:34.973-04:00[America/New_York]","result":"SUCCESS","precondition":false,"level":0,"children":[{"number":66,"description":"Enter company: CC","duration":5728,"startTime":"2022-10-13T15:12:34.974-04:00[America/New_York]","result":"SUCCESS","precondition":false,"level":1},{"number":67,"description":"Enter mailing address line1 step: 8430 W Bryn Mawr Ave","duration":2515,"startTime":"2022-10-13T15:12:40.702-04:00[America/New_York]","result":"SUCCESS","precondition":false,"level":1},{"number":68,"description":"Enter mailingcity step: Chicago","duration":395,"startTime":"2022-10-13T15:12:43.217-04:00[America/New_York]","result":"SUCCESS","precondition":false,"level":1},{"number":69,"description":"Enter mailing state step: IL","duration":353,"startTime":"2022-10-13T15:12:43.612-04:00[America/New_York]","result":"SUCCESS","precondition":false,"level":1},{"number":70,"description":"Enter maililing zip code step: 60631","duration":383,"startTime":"2022-10-13T15:12:43.965-04:00[America/New_York]","result":"SUCCESS","precondition":false,"level":1},{"number":71,"description":"Select country type: Work","duration":251,"startTime":"2022-10-13T15:12:44.348-04:00[America/New_York]","result":"SUCCESS","precondition":false,"level":1},{"number":72,"description":"Select country area code: 1","duration":236,"startTime":"2022-10-13T15:12:44.600-04:00[America/New_York]","result":"SUCCESS","precondition":false,"level":1},{"number":73,"description":"Enter area code: 773","duration":439,"startTime":"2022-10-13T15:12:44.837-04:00[America/New_York]","result":"SUCCESS","precondition":false,"level":1},{"number":74,"description":"Enter phone number: 7647422","duration":396,"startTime":"2022-10-13T15:12:45.277-04:00[America/New_York]","result":"SUCCESS","precondition":false,"level":1}]},{"number":75,"description":"Then Click Next Payment Information button","duration":139867,"startTime":"2022-10-13T15:12:45.675-04:00[America/New_York]","result":"SUCCESS","precondition":false,"level":0,"children":[{"number":76,"description":"Click continue button step","duration":139862,"startTime":"2022-10-13T15:12:45.676-04:00[America/New_York]","result":"SUCCESS","precondition":false,"level":1}]},{"number":77,"description":"Then Click same as billing button","duration":138,"startTime":"2022-10-13T15:15:05.543-04:00[America/New_York]","result":"SUCCESS","precondition":false,"level":0,"children":[{"number":78,"description":"Click same as billing button step","duration":134,"startTime":"2022-10-13T15:15:05.546-04:00[America/New_York]","result":"SUCCESS","precondition":false,"level":1}]},{"number":79,"description":"Then Choose a \"Card\" brain tree plan to pay","duration":40143,"startTime":"2022-10-13T15:15:05.681-04:00[America/New_York]","result":"SUCCESS","precondition":false,"level":0,"children":[{"number":80,"description":"Chooseawaytopay: Card","duration":40140,"startTime":"2022-10-13T15:15:05.682-04:00[America/New_York]","result":"SUCCESS","precondition":false,"level":1}]},{"number":81,"description":"Then Fill in the following fields for Brain Tree Payment Method section\r\n| Field | Value |\r\n| Card Number | credit_card_no |\r\n| Expiration | credit_card_expiry |\r\n| Security Code | credit_card_security_code |\r\n| Postal Code | credit_card_postal_code |","duration":41802,"startTime":"2022-10-13T15:15:45.825-04:00[America/New_York]","result":"SUCCESS","precondition":false,"level":0,"children":[{"number":82,"description":"Enter brain tree credit card no step: 4111111111111111","duration":436,"startTime":"2022-10-13T15:16:25.903-04:00[America/New_York]","result":"SUCCESS","precondition":false,"level":1},{"number":83,"description":"Enter brain tree credit expiration step: 01/23","duration":451,"startTime":"2022-10-13T15:16:26.339-04:00[America/New_York]","result":"SUCCESS","precondition":false,"level":1},{"number":84,"description":"Enter brain tree credit card CVV step: 123","duration":419,"startTime":"2022-10-13T15:16:26.791-04:00[America/New_York]","result":"SUCCESS","precondition":false,"level":1},{"number":85,"description":"Enter brain tree credit postal code step: 60631","duration":415,"startTime":"2022-10-13T15:16:27.211-04:00[America/New_York]","result":"SUCCESS","precondition":false,"level":1}]},{"number":86,"description":"Then Click Next Review button","duration":125563,"startTime":"2022-10-13T15:16:27.628-04:00[America/New_York]","result":"SUCCESS","precondition":false,"level":0,"children":[{"number":87,"description":"Click next reviw button step","duration":125561,"startTime":"2022-10-13T15:16:27.629-04:00[America/New_York]","result":"SUCCESS","precondition":false,"level":1}]},{"number":88,"description":"Then Click Place Order button","duration":5252,"startTime":"2022-10-13T15:18:33.192-04:00[America/New_York]","result":"SUCCESS","precondition":false,"level":0,"children":[{"number":89,"description":"Click place order button step","duration":5249,"startTime":"2022-10-13T15:18:33.193-04:00[America/New_York]","result":"SUCCESS","precondition":false,"level":1}]},{"number":90,"description":"Then Get ReferenceCode","duration":52555,"startTime":"2022-10-13T15:18:38.445-04:00[America/New_York]","result":"SUCCESS","precondition":false,"level":0,"children":[{"number":91,"description":"Get reference code","duration":52552,"startTime":"2022-10-13T15:18:38.446-04:00[America/New_York]","result":"SUCCESS","reportData":[{"title":"Reference Code","contents":"Reference Code: PO2218728457","isEvidence":false,"id":"report-data-b9789f85-469e-4a33-99d0-bda58fd4eb80"}],"precondition":false,"level":1}]}],"userStory":{"id":"verifyusercanselect-skipchapter","storyName":"VerifyUserCanSelect_SkipChapter","path":"file:///C:/Users/CodeAutomation/Desktop/ACSM/ASCM_Automation/src/test/resources/AllTestCases/BrainTree/Memberships/VerifyUserCanSelect_SkipChapter.feature","type":"feature"},"featureTag":{"name":"Memberships/VerifyUserCanSelect_SkipChapter","type":"feature","displayName":"Memberships/VerifyUserCanSelect_SkipChapter"},"title":"Verify user can select skip chapter","description":"","startTime":"2022-10-13T15:04:40.257-04:00[America/New_York]","duration":890744,"projectKey":"","sessionId":"b3067cc627f5bafa5bbeb340d4221db5","driver":"chrome","isManualTestingUpToDate":false,"manual":false,"testSource":"Cucumber","result":"SUCCESS"}