{"name":"Without-Chap-Monthly-Membership","id":"without-chap-monthly-membership;without-chap-monthly-membership","testSteps":[{"number":1,"description":"Given Launch Create Account","duration":10575,"startTime":"2022-10-13T15:55:40.472-04:00[America/New_York]","result":"SUCCESS","precondition":false,"level":0,"children":[{"number":2,"description":"Launch create account step","duration":10567,"startTime":"2022-10-13T15:55:40.478-04:00[America/New_York]","result":"SUCCESS","precondition":false,"level":1}]},{"number":3,"description":"Then Click on OK button for cookie","duration":65517,"startTime":"2022-10-13T15:55:51.047-04:00[America/New_York]","result":"SUCCESS","precondition":false,"level":0,"children":[{"number":4,"description":"Click on cookie step","duration":65508,"startTime":"2022-10-13T15:55:51.051-04:00[America/New_York]","result":"SUCCESS","precondition":false,"level":1}]},{"number":5,"description":"Then Enter New Email \"email\"","duration":435,"startTime":"2022-10-13T15:56:56.566-04:00[America/New_York]","result":"SUCCESS","precondition":false,"level":0,"children":[{"number":6,"description":"Enter email: Automation1665691016569@gmail.com","duration":430,"startTime":"2022-10-13T15:56:56.570-04:00[America/New_York]","result":"SUCCESS","precondition":false,"level":1}]},{"number":7,"description":"Then Enter New Password \"Testing1\"","duration":412,"startTime":"2022-10-13T15:56:57.002-04:00[America/New_York]","result":"SUCCESS","precondition":false,"level":0,"children":[{"number":8,"description":"Enter password: Testing1","duration":410,"startTime":"2022-10-13T15:56:57.003-04:00[America/New_York]","result":"SUCCESS","precondition":false,"level":1}]},{"number":9,"description":"Then Enter First Name \"Automation\"","duration":386,"startTime":"2022-10-13T15:56:57.415-04:00[America/New_York]","result":"SUCCESS","precondition":false,"level":0,"children":[{"number":10,"description":"Enter first name: Automation","duration":383,"startTime":"2022-10-13T15:56:57.416-04:00[America/New_York]","result":"SUCCESS","precondition":false,"level":1}]},{"number":11,"description":"Then Enter Last Name \"qa\"","duration":362,"startTime":"2022-10-13T15:56:57.801-04:00[America/New_York]","result":"SUCCESS","precondition":false,"level":0,"children":[{"number":12,"description":"Enter last name: qa","duration":360,"startTime":"2022-10-13T15:56:57.802-04:00[America/New_York]","result":"SUCCESS","precondition":false,"level":1}]},{"number":13,"description":"Then Click Ceck Term","duration":60234,"startTime":"2022-10-13T15:56:58.163-04:00[America/New_York]","result":"SUCCESS","precondition":false,"level":0,"children":[{"number":14,"description":"Click check term","duration":60227,"startTime":"2022-10-13T15:56:58.164-04:00[America/New_York]","result":"SUCCESS","precondition":false,"level":1}]},{"number":15,"description":"Then Enter Job Title \"QA\"","duration":431,"startTime":"2022-10-13T15:57:58.398-04:00[America/New_York]","result":"SUCCESS","precondition":false,"level":0,"children":[{"number":16,"description":"Enter job title: QA","duration":426,"startTime":"2022-10-13T15:57:58.402-04:00[America/New_York]","result":"SUCCESS","precondition":false,"level":1}]},{"number":17,"description":"Then Click Submit","duration":30484,"startTime":"2022-10-13T15:57:58.829-04:00[America/New_York]","result":"SUCCESS","precondition":false,"level":0,"children":[{"number":18,"description":"Click submit button step","duration":30481,"startTime":"2022-10-13T15:57:58.830-04:00[America/New_York]","result":"SUCCESS","precondition":false,"level":1}]},{"number":19,"description":"Then Click Login Button","duration":7607,"startTime":"2022-10-13T15:58:29.314-04:00[America/New_York]","result":"SUCCESS","precondition":false,"level":0,"children":[{"number":20,"description":"Click log in button","duration":7604,"startTime":"2022-10-13T15:58:29.315-04:00[America/New_York]","result":"SUCCESS","precondition":false,"level":1}]},{"number":21,"description":"Then Enter username \"email\"","duration":429,"startTime":"2022-10-13T15:58:36.921-04:00[America/New_York]","result":"SUCCESS","precondition":false,"level":0,"children":[{"number":22,"description":"Enter user name step: Automation1665691016569@gmail.com","duration":427,"startTime":"2022-10-13T15:58:36.922-04:00[America/New_York]","result":"SUCCESS","precondition":false,"level":1}]},{"number":23,"description":"Then Enter password \"Testing1\"","duration":373,"startTime":"2022-10-13T15:58:37.351-04:00[America/New_York]","result":"SUCCESS","precondition":false,"level":0,"children":[{"number":24,"description":"Enter password step: Testing1","duration":370,"startTime":"2022-10-13T15:58:37.352-04:00[America/New_York]","result":"SUCCESS","precondition":false,"level":1}]},{"number":25,"description":"And Click submit","duration":11328,"startTime":"2022-10-13T15:58:37.724-04:00[America/New_York]","result":"SUCCESS","precondition":false,"level":0,"children":[{"number":26,"description":"Click submit button step","duration":11326,"startTime":"2022-10-13T15:58:37.725-04:00[America/New_York]","result":"SUCCESS","precondition":false,"level":1}]},{"number":27,"description":"Then Go to Cart","duration":2042,"startTime":"2022-10-13T15:58:49.052-04:00[America/New_York]","result":"SUCCESS","precondition":false,"level":0,"children":[{"number":28,"description":"Go cart page step","duration":2036,"startTime":"2022-10-13T15:58:49.057-04:00[America/New_York]","result":"SUCCESS","precondition":false,"level":1}]},{"number":29,"description":"Then Empty The Cart","duration":30028,"startTime":"2022-10-13T15:58:51.095-04:00[America/New_York]","result":"SUCCESS","precondition":false,"level":0,"children":[{"number":30,"description":"Delete all existing orders","duration":30026,"startTime":"2022-10-13T15:58:51.096-04:00[America/New_York]","result":"SUCCESS","precondition":false,"level":1}]},{"number":31,"description":"Then Go to Membership Page","duration":4882,"startTime":"2022-10-13T15:59:21.124-04:00[America/New_York]","result":"SUCCESS","precondition":false,"level":0,"children":[{"number":32,"description":"Go membership page step","duration":4880,"startTime":"2022-10-13T15:59:21.125-04:00[America/New_York]","result":"SUCCESS","precondition":false,"level":1}]},{"number":33,"description":"Then Click Become a Memeber","duration":4292,"startTime":"2022-10-13T15:59:26.007-04:00[America/New_York]","result":"SUCCESS","precondition":false,"level":0,"children":[{"number":34,"description":"Click on become a member","duration":4290,"startTime":"2022-10-13T15:59:26.008-04:00[America/New_York]","result":"SUCCESS","precondition":false,"level":1}]},{"number":35,"description":"Then Click Monthly Membership","duration":3151,"startTime":"2022-10-13T15:59:30.300-04:00[America/New_York]","result":"SUCCESS","precondition":false,"level":0,"children":[{"number":36,"description":"Click monthly membership button step","duration":3149,"startTime":"2022-10-13T15:59:30.301-04:00[America/New_York]","result":"SUCCESS","precondition":false,"level":1}]},{"number":37,"description":"Then Click Agreement Checkbox","duration":3118,"startTime":"2022-10-13T15:59:33.451-04:00[America/New_York]","result":"SUCCESS","precondition":false,"level":0,"children":[{"number":38,"description":"Click agreement checkbox step","duration":3116,"startTime":"2022-10-13T15:59:33.452-04:00[America/New_York]","result":"SUCCESS","precondition":false,"level":1}]},{"number":39,"description":"Then Click Add To Cart button","duration":3354,"startTime":"2022-10-13T15:59:36.569-04:00[America/New_York]","result":"SUCCESS","precondition":false,"level":0,"children":[{"number":40,"description":"Click add to cart button step","duration":3350,"startTime":"2022-10-13T15:59:36.571-04:00[America/New_York]","result":"SUCCESS","precondition":false,"level":1}]},{"number":41,"description":"Then Click Skip Membership Chapter","duration":3207,"startTime":"2022-10-13T15:59:39.923-04:00[America/New_York]","result":"SUCCESS","precondition":false,"level":0,"children":[{"number":42,"description":"Click skip membership button step","duration":3204,"startTime":"2022-10-13T15:59:39.924-04:00[America/New_York]","result":"SUCCESS","precondition":false,"level":1}]},{"number":43,"description":"Then Click Proceed to Continue button","duration":14350,"startTime":"2022-10-13T15:59:43.131-04:00[America/New_York]","result":"SUCCESS","precondition":false,"level":0,"children":[{"number":44,"description":"Click proceed to check out button step","duration":14340,"startTime":"2022-10-13T15:59:43.139-04:00[America/New_York]","result":"SUCCESS","precondition":false,"level":1}]},{"number":45,"description":"Then click Work Address Radio Button","duration":184995,"startTime":"2022-10-13T15:59:57.482-04:00[America/New_York]","result":"SUCCESS","precondition":false,"level":0,"children":[{"number":46,"description":"Click work address readio button","duration":181979,"startTime":"2022-10-13T16:00:00.496-04:00[America/New_York]","result":"SUCCESS","precondition":false,"level":1}]},{"number":47,"description":"Then Fill in the following fields for international mailing section\r\n| Field | Value |\r\n| company | mailing_company |\r\n| streetAddress | mailing_address |\r\n| City | mailing_city |\r\n| State | mailing_state |\r\n| postalCode | mailing_postal_code |\r\n| CountryType | mailing_country_type |\r\n| Country Code | mailing_country_code |\r\n| Area Code | mailing_area_code |\r\n| Phone Number | mailing_phone_no |","duration":10598,"startTime":"2022-10-13T16:03:02.478-04:00[America/New_York]","result":"SUCCESS","precondition":false,"level":0,"children":[{"number":48,"description":"Enter company: CC","duration":5675,"startTime":"2022-10-13T16:03:02.479-04:00[America/New_York]","result":"SUCCESS","precondition":false,"level":1},{"number":49,"description":"Enter mailing address line1 step: 8430 W Bryn Mawr Ave","duration":2474,"startTime":"2022-10-13T16:03:08.155-04:00[America/New_York]","result":"SUCCESS","precondition":false,"level":1},{"number":50,"description":"Enter mailingcity step: Chicago","duration":405,"startTime":"2022-10-13T16:03:10.629-04:00[America/New_York]","result":"SUCCESS","precondition":false,"level":1},{"number":51,"description":"Enter mailing state step: IL","duration":347,"startTime":"2022-10-13T16:03:11.035-04:00[America/New_York]","result":"SUCCESS","precondition":false,"level":1},{"number":52,"description":"Enter maililing zip code step: 60631","duration":411,"startTime":"2022-10-13T16:03:11.383-04:00[America/New_York]","result":"SUCCESS","precondition":false,"level":1},{"number":53,"description":"Select country type: Work","duration":225,"startTime":"2022-10-13T16:03:11.794-04:00[America/New_York]","result":"SUCCESS","precondition":false,"level":1},{"number":54,"description":"Select country area code: 1","duration":232,"startTime":"2022-10-13T16:03:12.019-04:00[America/New_York]","result":"SUCCESS","precondition":false,"level":1},{"number":55,"description":"Enter area code: 773","duration":412,"startTime":"2022-10-13T16:03:12.251-04:00[America/New_York]","result":"SUCCESS","precondition":false,"level":1},{"number":56,"description":"Enter phone number: 7647422","duration":410,"startTime":"2022-10-13T16:03:12.664-04:00[America/New_York]","result":"SUCCESS","precondition":false,"level":1}]},{"number":57,"description":"Then Click Next Payment Information button","duration":140261,"startTime":"2022-10-13T16:03:13.076-04:00[America/New_York]","result":"SUCCESS","precondition":false,"level":0,"children":[{"number":58,"description":"Click continue button step","duration":140258,"startTime":"2022-10-13T16:03:13.077-04:00[America/New_York]","result":"SUCCESS","precondition":false,"level":1}]},{"number":59,"description":"Then Click same as billing button","duration":127,"startTime":"2022-10-13T16:05:33.337-04:00[America/New_York]","result":"SUCCESS","precondition":false,"level":0,"children":[{"number":60,"description":"Click same as billing button step","duration":124,"startTime":"2022-10-13T16:05:33.338-04:00[America/New_York]","result":"SUCCESS","precondition":false,"level":1}]},{"number":61,"description":"Then Choose a \"Card\" brain tree plan to pay","duration":40176,"startTime":"2022-10-13T16:05:33.464-04:00[America/New_York]","result":"SUCCESS","precondition":false,"level":0,"children":[{"number":62,"description":"Chooseawaytopay: Card","duration":40173,"startTime":"2022-10-13T16:05:33.465-04:00[America/New_York]","result":"SUCCESS","precondition":false,"level":1}]},{"number":63,"description":"Then Fill in the following fields for Brain Tree Payment Method section\r\n| Field | Value |\r\n| Card Number | credit_card_no |\r\n| Expiration | credit_card_expiry |\r\n| Security Code | credit_card_security_code |\r\n| Postal Code | credit_card_postal_code |","duration":41788,"startTime":"2022-10-13T16:06:13.641-04:00[America/New_York]","result":"SUCCESS","precondition":false,"level":0,"children":[{"number":64,"description":"Enter brain tree credit card no step: 4111111111111111","duration":418,"startTime":"2022-10-13T16:06:53.721-04:00[America/New_York]","result":"SUCCESS","precondition":false,"level":1},{"number":65,"description":"Enter brain tree credit expiration step: 01/23","duration":428,"startTime":"2022-10-13T16:06:54.140-04:00[America/New_York]","result":"SUCCESS","precondition":false,"level":1},{"number":66,"description":"Enter brain tree credit card CVV step: 123","duration":438,"startTime":"2022-10-13T16:06:54.569-04:00[America/New_York]","result":"SUCCESS","precondition":false,"level":1},{"number":67,"description":"Enter brain tree credit postal code step: 60631","duration":420,"startTime":"2022-10-13T16:06:55.007-04:00[America/New_York]","result":"SUCCESS","precondition":false,"level":1}]},{"number":68,"description":"Then Click Next Review button","duration":125633,"startTime":"2022-10-13T16:06:55.429-04:00[America/New_York]","result":"SUCCESS","precondition":false,"level":0,"children":[{"number":69,"description":"Click next reviw button step","duration":125630,"startTime":"2022-10-13T16:06:55.430-04:00[America/New_York]","result":"SUCCESS","precondition":false,"level":1}]},{"number":70,"description":"Then Click Place Order button","duration":5258,"startTime":"2022-10-13T16:09:01.062-04:00[America/New_York]","result":"SUCCESS","precondition":false,"level":0,"children":[{"number":71,"description":"Click place order button step","duration":5256,"startTime":"2022-10-13T16:09:01.063-04:00[America/New_York]","result":"SUCCESS","precondition":false,"level":1}]},{"number":72,"description":"Then Get ReferenceCode","duration":27420,"startTime":"2022-10-13T16:09:06.321-04:00[America/New_York]","result":"SUCCESS","precondition":false,"level":0,"children":[{"number":73,"description":"Get reference code","duration":27417,"startTime":"2022-10-13T16:09:06.322-04:00[America/New_York]","result":"SUCCESS","reportData":[{"title":"Reference Code","contents":"Reference Code: PO2218733132","isEvidence":false,"id":"report-data-ca06aaa3-4570-4fd0-b2c2-a610b9d56ece"}],"precondition":false,"level":1}]}],"userStory":{"id":"without-chap-monthly-membership","storyName":"Without-Chap-Monthly-Membership","path":"file:///C:/Users/CodeAutomation/Desktop/ACSM/ASCM_Automation/src/test/resources/AllTestCases/BrainTree/Memberships/RegularMembership/WithoutChap+MonthlyMembership.feature","type":"feature"},"featureTag":{"name":"Regular membership/Without-Chap-Monthly-Membership","type":"feature","displayName":"Regular membership/Without-Chap-Monthly-Membership"},"title":"Without- chap- monthly- membership","description":"","startTime":"2022-10-13T15:55:40.471-04:00[America/New_York]","duration":833271,"projectKey":"","sessionId":"4feede17c305ceccc92ddf9171afd325","driver":"chrome","isManualTestingUpToDate":false,"manual":false,"testSource":"Cucumber","result":"SUCCESS"}