{"name":"Purchase-CLTD-With-Referral","id":"purchase-cltd-with-referral;purchase-cltd-with-referral","testSteps":[{"number":1,"description":"Given Launch Create Account","duration":9346,"startTime":"2022-10-13T17:45:19.472-04:00[America/New_York]","result":"SUCCESS","precondition":false,"level":0,"children":[{"number":2,"description":"Launch create account step","duration":9337,"startTime":"2022-10-13T17:45:19.479-04:00[America/New_York]","result":"SUCCESS","precondition":false,"level":1}]},{"number":3,"description":"Then Click on OK button for cookie","duration":65431,"startTime":"2022-10-13T17:45:28.818-04:00[America/New_York]","result":"SUCCESS","precondition":false,"level":0,"children":[{"number":4,"description":"Click on cookie step","duration":65425,"startTime":"2022-10-13T17:45:28.822-04:00[America/New_York]","result":"SUCCESS","precondition":false,"level":1}]},{"number":5,"description":"Then Enter New Email \"email\"","duration":440,"startTime":"2022-10-13T17:46:34.249-04:00[America/New_York]","result":"SUCCESS","precondition":false,"level":0,"children":[{"number":6,"description":"Enter email: Automation1665697594250@gmail.com","duration":438,"startTime":"2022-10-13T17:46:34.250-04:00[America/New_York]","result":"SUCCESS","precondition":false,"level":1}]},{"number":7,"description":"Then Enter New Password \"Test1234\"","duration":402,"startTime":"2022-10-13T17:46:34.690-04:00[America/New_York]","result":"SUCCESS","precondition":false,"level":0,"children":[{"number":8,"description":"Enter password: Test1234","duration":400,"startTime":"2022-10-13T17:46:34.691-04:00[America/New_York]","result":"SUCCESS","precondition":false,"level":1}]},{"number":9,"description":"Then Enter First Name \"Automation\"","duration":389,"startTime":"2022-10-13T17:46:35.093-04:00[America/New_York]","result":"SUCCESS","precondition":false,"level":0,"children":[{"number":10,"description":"Enter first name: Automation","duration":387,"startTime":"2022-10-13T17:46:35.094-04:00[America/New_York]","result":"SUCCESS","precondition":false,"level":1}]},{"number":11,"description":"Then Enter Last Name \"qa\"","duration":393,"startTime":"2022-10-13T17:46:35.482-04:00[America/New_York]","result":"SUCCESS","precondition":false,"level":0,"children":[{"number":12,"description":"Enter last name: qa","duration":391,"startTime":"2022-10-13T17:46:35.483-04:00[America/New_York]","result":"SUCCESS","precondition":false,"level":1}]},{"number":13,"description":"Then Click Ceck Term","duration":60414,"startTime":"2022-10-13T17:46:35.875-04:00[America/New_York]","result":"SUCCESS","precondition":false,"level":0,"children":[{"number":14,"description":"Click check term","duration":60411,"startTime":"2022-10-13T17:46:35.876-04:00[America/New_York]","result":"SUCCESS","precondition":false,"level":1}]},{"number":15,"description":"Then Click Submit","duration":30551,"startTime":"2022-10-13T17:47:36.290-04:00[America/New_York]","result":"SUCCESS","precondition":false,"level":0,"children":[{"number":16,"description":"Click submit button step","duration":30549,"startTime":"2022-10-13T17:47:36.291-04:00[America/New_York]","result":"SUCCESS","precondition":false,"level":1}]},{"number":17,"description":"Then Click Login Button","duration":8045,"startTime":"2022-10-13T17:48:06.842-04:00[America/New_York]","result":"SUCCESS","precondition":false,"level":0,"children":[{"number":18,"description":"Click log in button","duration":8042,"startTime":"2022-10-13T17:48:06.843-04:00[America/New_York]","result":"SUCCESS","precondition":false,"level":1}]},{"number":19,"description":"Then Enter username \"email\"","duration":412,"startTime":"2022-10-13T17:48:14.887-04:00[America/New_York]","result":"SUCCESS","precondition":false,"level":0,"children":[{"number":20,"description":"Enter user name step: Automation1665697594250@gmail.com","duration":409,"startTime":"2022-10-13T17:48:14.888-04:00[America/New_York]","result":"SUCCESS","precondition":false,"level":1}]},{"number":21,"description":"Then Enter password \"Test1234\"","duration":379,"startTime":"2022-10-13T17:48:15.299-04:00[America/New_York]","result":"SUCCESS","precondition":false,"level":0,"children":[{"number":22,"description":"Enter password step: Test1234","duration":377,"startTime":"2022-10-13T17:48:15.300-04:00[America/New_York]","result":"SUCCESS","precondition":false,"level":1}]},{"number":23,"description":"And Click submit","duration":11465,"startTime":"2022-10-13T17:48:15.678-04:00[America/New_York]","result":"SUCCESS","precondition":false,"level":0,"children":[{"number":24,"description":"Click submit button step","duration":11463,"startTime":"2022-10-13T17:48:15.679-04:00[America/New_York]","result":"SUCCESS","precondition":false,"level":1}]},{"number":25,"description":"Then Go with Referral Link","duration":11913,"startTime":"2022-10-13T17:48:27.143-04:00[America/New_York]","result":"SUCCESS","precondition":false,"level":0},{"number":26,"description":"Then Go to Cart","duration":2486,"startTime":"2022-10-13T17:48:39.057-04:00[America/New_York]","result":"SUCCESS","precondition":false,"level":0,"children":[{"number":27,"description":"Go cart page step","duration":2476,"startTime":"2022-10-13T17:48:39.065-04:00[America/New_York]","result":"SUCCESS","precondition":false,"level":1}]},{"number":28,"description":"Then Empty The Cart","duration":30027,"startTime":"2022-10-13T17:48:41.544-04:00[America/New_York]","result":"SUCCESS","precondition":false,"level":0,"children":[{"number":29,"description":"Delete all existing orders","duration":30024,"startTime":"2022-10-13T17:48:41.545-04:00[America/New_York]","result":"SUCCESS","precondition":false,"level":1}]},{"number":30,"description":"Then Click Learning And Development Top Navigation","duration":5194,"startTime":"2022-10-13T17:49:11.571-04:00[America/New_York]","result":"SUCCESS","precondition":false,"level":0,"children":[{"number":31,"description":"Click learning and development top navigation","duration":5189,"startTime":"2022-10-13T17:49:11.575-04:00[America/New_York]","result":"SUCCESS","precondition":false,"level":1}]},{"number":32,"description":"Then Click CLTD","duration":28650,"startTime":"2022-10-13T17:49:16.766-04:00[America/New_York]","result":"SUCCESS","precondition":false,"level":0,"children":[{"number":33,"description":"Click CLTD","duration":28645,"startTime":"2022-10-13T17:49:16.767-04:00[America/New_York]","result":"SUCCESS","precondition":false,"level":1}]},{"number":34,"description":"Then Click Bundle Add To Card","duration":160,"startTime":"2022-10-13T17:49:45.417-04:00[America/New_York]","result":"SUCCESS","precondition":false,"level":0,"children":[{"number":35,"description":"Click bundle add to card exam button","duration":156,"startTime":"2022-10-13T17:49:45.420-04:00[America/New_York]","result":"SUCCESS","precondition":false,"level":1}]},{"number":36,"description":"Then select Country","duration":3293,"startTime":"2022-10-13T17:49:45.578-04:00[America/New_York]","result":"SUCCESS","precondition":false,"level":0,"children":[{"number":37,"description":"Select bundle coutry: United States","duration":3290,"startTime":"2022-10-13T17:49:45.579-04:00[America/New_York]","result":"SUCCESS","precondition":false,"level":1}]},{"number":38,"description":"Then Enter Post Code","duration":368,"startTime":"2022-10-13T17:49:48.871-04:00[America/New_York]","result":"SUCCESS","precondition":false,"level":0,"children":[{"number":39,"description":"Enter bundle post code: 60631","duration":366,"startTime":"2022-10-13T17:49:48.872-04:00[America/New_York]","result":"SUCCESS","precondition":false,"level":1}]},{"number":40,"description":"Then Search Postal Code","duration":3133,"startTime":"2022-10-13T17:49:49.239-04:00[America/New_York]","result":"SUCCESS","precondition":false,"level":0,"children":[{"number":41,"description":"Click search bundle code","duration":3131,"startTime":"2022-10-13T17:49:49.240-04:00[America/New_York]","result":"SUCCESS","precondition":false,"level":1}]},{"number":42,"description":"Then Select Item","duration":6319,"startTime":"2022-10-13T17:49:52.372-04:00[America/New_York]","result":"SUCCESS","precondition":false,"level":0,"children":[{"number":43,"description":"Click search bundle","duration":6315,"startTime":"2022-10-13T17:49:52.374-04:00[America/New_York]","result":"SUCCESS","precondition":false,"level":1}]},{"number":44,"description":"Then Add Selected Item","duration":385,"startTime":"2022-10-13T17:49:58.692-04:00[America/New_York]","result":"SUCCESS","precondition":false,"level":0,"children":[{"number":45,"description":"Click add selected button","duration":382,"startTime":"2022-10-13T17:49:58.694-04:00[America/New_York]","result":"SUCCESS","precondition":false,"level":1}]},{"number":46,"description":"Then Click Bundle Aggress Button","duration":137,"startTime":"2022-10-13T17:49:59.078-04:00[America/New_York]","result":"SUCCESS","precondition":false,"level":0,"children":[{"number":47,"description":"Click aggress button","duration":134,"startTime":"2022-10-13T17:49:59.079-04:00[America/New_York]","result":"SUCCESS","precondition":false,"level":1}]},{"number":48,"description":"Then Click Proceed to Continue button","duration":17351,"startTime":"2022-10-13T17:49:59.215-04:00[America/New_York]","result":"SUCCESS","precondition":false,"level":0,"children":[{"number":49,"description":"Click proceed to check out button step","duration":17349,"startTime":"2022-10-13T17:49:59.216-04:00[America/New_York]","result":"SUCCESS","precondition":false,"level":1}]},{"number":50,"description":"Then click Work Address Radio Button","duration":184864,"startTime":"2022-10-13T17:50:16.567-04:00[America/New_York]","result":"SUCCESS","precondition":false,"level":0,"children":[{"number":51,"description":"Click work address readio button","duration":181847,"startTime":"2022-10-13T17:50:19.582-04:00[America/New_York]","result":"SUCCESS","precondition":false,"level":1}]},{"number":52,"description":"Then Fill in the following fields for international mailing section\r\n| Field | Value |\r\n| company | mailing_company |\r\n| streetAddress | mailing_address |\r\n| City | mailing_city |\r\n| State | mailing_state |\r\n| postalCode | mailing_postal_code |\r\n| CountryType | mailing_country_type |\r\n| Country Code | mailing_country_code |\r\n| Area Code | mailing_area_code |\r\n| Phone Number | mailing_phone_no |","duration":10560,"startTime":"2022-10-13T17:53:21.432-04:00[America/New_York]","result":"SUCCESS","precondition":false,"level":0,"children":[{"number":53,"description":"Enter company: CC","duration":5675,"startTime":"2022-10-13T17:53:21.433-04:00[America/New_York]","result":"SUCCESS","precondition":false,"level":1},{"number":54,"description":"Enter mailing address line1 step: 8430 W Bryn Mawr Ave","duration":2438,"startTime":"2022-10-13T17:53:27.109-04:00[America/New_York]","result":"SUCCESS","precondition":false,"level":1},{"number":55,"description":"Enter mailingcity step: Chicago","duration":418,"startTime":"2022-10-13T17:53:29.547-04:00[America/New_York]","result":"SUCCESS","precondition":false,"level":1},{"number":56,"description":"Enter mailing state step: IL","duration":328,"startTime":"2022-10-13T17:53:29.965-04:00[America/New_York]","result":"SUCCESS","precondition":false,"level":1},{"number":57,"description":"Enter maililing zip code step: 60631","duration":394,"startTime":"2022-10-13T17:53:30.293-04:00[America/New_York]","result":"SUCCESS","precondition":false,"level":1},{"number":58,"description":"Select country type: Work","duration":242,"startTime":"2022-10-13T17:53:30.688-04:00[America/New_York]","result":"SUCCESS","precondition":false,"level":1},{"number":59,"description":"Select country area code: 1","duration":235,"startTime":"2022-10-13T17:53:30.930-04:00[America/New_York]","result":"SUCCESS","precondition":false,"level":1},{"number":60,"description":"Enter area code: 773","duration":414,"startTime":"2022-10-13T17:53:31.165-04:00[America/New_York]","result":"SUCCESS","precondition":false,"level":1},{"number":61,"description":"Enter phone number: 7647422","duration":411,"startTime":"2022-10-13T17:53:31.580-04:00[America/New_York]","result":"SUCCESS","precondition":false,"level":1}]},{"number":62,"description":"Then Click Shipping Method","duration":200,"startTime":"2022-10-13T17:53:31.993-04:00[America/New_York]","result":"SUCCESS","precondition":false,"level":0,"children":[{"number":63,"description":"Click shipping method radio button step","duration":198,"startTime":"2022-10-13T17:53:31.994-04:00[America/New_York]","result":"SUCCESS","precondition":false,"level":1}]},{"number":64,"description":"Then Click Next Payment Information button","duration":139109,"startTime":"2022-10-13T17:53:32.193-04:00[America/New_York]","result":"SUCCESS","precondition":false,"level":0,"children":[{"number":65,"description":"Click continue button step","duration":139105,"startTime":"2022-10-13T17:53:32.195-04:00[America/New_York]","result":"SUCCESS","precondition":false,"level":1}]},{"number":66,"description":"Then Click same as billing button","duration":143,"startTime":"2022-10-13T17:55:51.303-04:00[America/New_York]","result":"SUCCESS","precondition":false,"level":0,"children":[{"number":67,"description":"Click same as billing button step","duration":140,"startTime":"2022-10-13T17:55:51.304-04:00[America/New_York]","result":"SUCCESS","precondition":false,"level":1}]},{"number":68,"description":"Then Choose a \"PayPal\" brain tree plan to pay","duration":59300,"startTime":"2022-10-13T17:55:51.446-04:00[America/New_York]","result":"SUCCESS","precondition":false,"level":0,"children":[{"number":69,"description":"Chooseawaytopay: PayPal","duration":59296,"startTime":"2022-10-13T17:55:51.448-04:00[America/New_York]","result":"SUCCESS","precondition":false,"level":1}]},{"number":70,"description":"Then Click Next Review button","duration":125911,"startTime":"2022-10-13T17:56:50.747-04:00[America/New_York]","result":"SUCCESS","precondition":false,"level":0,"children":[{"number":71,"description":"Click next reviw button step","duration":125908,"startTime":"2022-10-13T17:56:50.748-04:00[America/New_York]","result":"SUCCESS","precondition":false,"level":1}]},{"number":72,"description":"Then Click Place Order button","duration":5267,"startTime":"2022-10-13T17:58:56.659-04:00[America/New_York]","result":"SUCCESS","precondition":false,"level":0,"children":[{"number":73,"description":"Click place order button step","duration":5265,"startTime":"2022-10-13T17:58:56.659-04:00[America/New_York]","result":"SUCCESS","precondition":false,"level":1}]},{"number":74,"description":"Then Get ReferenceCode","duration":24797,"startTime":"2022-10-13T17:59:01.927-04:00[America/New_York]","result":"SUCCESS","precondition":false,"level":0,"children":[{"number":75,"description":"Get reference code","duration":24792,"startTime":"2022-10-13T17:59:01.929-04:00[America/New_York]","result":"SUCCESS","reportData":[{"title":"Reference Code","contents":"Reference Code: PO2218741754","isEvidence":false,"id":"report-data-579ca837-91d5-43e2-afbc-896b0f8603ee"}],"precondition":false,"level":1}]}],"userStory":{"id":"purchase-cltd-with-referral","storyName":"Purchase-CLTD-With-Referral","path":"file:///C:/Users/CodeAutomation/Desktop/ACSM/ASCM_Automation/src/test/resources/AllTestCases/BrainTree/PromotionalAndReferalCode/PurchaseCLTDWithReferral.feature","type":"feature"},"featureTag":{"name":"Promotional and referal code/Purchase-CLTD-With-Referral","type":"feature","displayName":"Promotional and referal code/Purchase-CLTD-With-Referral"},"title":"Purchase-cltd- with- referral","description":"","startTime":"2022-10-13T17:45:19.471-04:00[America/New_York]","duration":847254,"projectKey":"","sessionId":"96ad6d5a74ade8c78374c50b17b1ae18","driver":"chrome","isManualTestingUpToDate":false,"manual":false,"testSource":"Cucumber","result":"SUCCESS"}