{"name":"Legacy-Membership-with-auto-renew-with-login-1880880","id":"legacy-membership-with-auto-renew-with-login-1880880;legacy-membership-with-auto-renew-with-login-1880880","testSteps":[{"number":1,"description":"Given Go To Login Page","duration":8036,"startTime":"2022-10-13T15:26:26.033-04:00[America/New_York]","result":"SUCCESS","precondition":false,"level":0,"children":[{"number":2,"description":"Go to login page","duration":8030,"startTime":"2022-10-13T15:26:26.037-04:00[America/New_York]","result":"SUCCESS","precondition":false,"level":1}]},{"number":3,"description":"Then Enter Legacy username \"1880880\"","duration":410,"startTime":"2022-10-13T15:26:34.069-04:00[America/New_York]","result":"SUCCESS","precondition":false,"level":0,"children":[{"number":4,"description":"Enter user name step: 1880880","duration":407,"startTime":"2022-10-13T15:26:34.070-04:00[America/New_York]","result":"SUCCESS","precondition":false,"level":1}]},{"number":5,"description":"Then Enter Legacy password \"Qa1234\"","duration":386,"startTime":"2022-10-13T15:26:34.479-04:00[America/New_York]","result":"SUCCESS","precondition":false,"level":0,"children":[{"number":6,"description":"Enter password step: Qa1234","duration":384,"startTime":"2022-10-13T15:26:34.480-04:00[America/New_York]","result":"SUCCESS","precondition":false,"level":1}]},{"number":7,"description":"And Click submit","duration":1363,"startTime":"2022-10-13T15:26:34.865-04:00[America/New_York]","result":"SUCCESS","precondition":false,"level":0,"children":[{"number":8,"description":"Click submit button step","duration":1360,"startTime":"2022-10-13T15:26:34.866-04:00[America/New_York]","result":"SUCCESS","precondition":false,"level":1}]},{"number":9,"description":"Then Click on OK button for cookie","duration":130602,"startTime":"2022-10-13T15:26:36.228-04:00[America/New_York]","result":"SUCCESS","precondition":false,"level":0,"children":[{"number":10,"description":"Click on cookie step","duration":130599,"startTime":"2022-10-13T15:26:36.229-04:00[America/New_York]","result":"SUCCESS","precondition":false,"level":1}]},{"number":11,"description":"Then Go to Membership Page","duration":5058,"startTime":"2022-10-13T15:28:46.831-04:00[America/New_York]","result":"SUCCESS","precondition":false,"level":0,"children":[{"number":12,"description":"Go membership page step","duration":5052,"startTime":"2022-10-13T15:28:46.836-04:00[America/New_York]","result":"SUCCESS","precondition":false,"level":1}]},{"number":13,"description":"Then Verify \"base membership\" is visible","duration":60495,"startTime":"2022-10-13T15:28:51.889-04:00[America/New_York]","exception":{"errorType":"java.lang.IllegalStateException","message":"assert failed","stackTrace":[{"declaringClass":"com.ibm.icu.impl.Assert","methodName":"assrt","fileName":"Assert.java","lineNumber":20},{"declaringClass":"com.ascm.pages.MembershipPage","methodName":"verifyToggleHeading","fileName":"MembershipPage.java","lineNumber":264},{"declaringClass":"com.test.suite.testSteps.MembershipSteps","methodName":"verifyToggleHeading","fileName":"MembershipSteps.java","lineNumber":73},{"declaringClass":"com.test.suite.stepDefination.MembershipStepDefs","methodName":"verifyToggleHeading","fileName":"MembershipStepDefs.java","lineNumber":73},{"declaringClass":"✽","methodName":"Verify \"base membership\" is visible","fileName":"file:///C:/Users/CodeAutomation/Desktop/ACSM/ASCM_Automation/src/test/resources/AllTestCases/BrainTree/Memberships/legacyMembership/MemershipLegacy_WithAutoRenew(1880880).feature","lineNumber":9}]},"result":"ERROR","precondition":false,"level":0,"children":[{"number":14,"description":"Verify toggle heading: base membership","duration":60489,"startTime":"2022-10-13T15:28:51.890-04:00[America/New_York]","screenshots":[{"screenshot":"2ec4216e527cfb7eb65d3bd2f63dfba66b22d0f62fed6aaaff72d94244c1e02e.png","htmlSource":"pagesource4198833937251346850.html.txt","timeStamp":1665689392378}],"exception":{"errorType":"java.lang.IllegalStateException","message":"assert failed","stackTrace":[{"declaringClass":"com.ibm.icu.impl.Assert","methodName":"assrt","fileName":"Assert.java","lineNumber":20},{"declaringClass":"com.ascm.pages.MembershipPage","methodName":"verifyToggleHeading","fileName":"MembershipPage.java","lineNumber":264},{"declaringClass":"com.test.suite.testSteps.MembershipSteps","methodName":"verifyToggleHeading","fileName":"MembershipSteps.java","lineNumber":73},{"declaringClass":"com.test.suite.stepDefination.MembershipStepDefs","methodName":"verifyToggleHeading","fileName":"MembershipStepDefs.java","lineNumber":73},{"declaringClass":"io.cucumber.java.Invoker","methodName":"doInvoke","fileName":"Invoker.java","lineNumber":66},{"declaringClass":"io.cucumber.java.Invoker","methodName":"invoke","fileName":"Invoker.java","lineNumber":24},{"declaringClass":"io.cucumber.java.AbstractGlueDefinition","methodName":"invokeMethod","fileName":"AbstractGlueDefinition.java","lineNumber":47},{"declaringClass":"io.cucumber.java.JavaStepDefinition","methodName":"execute","fileName":"JavaStepDefinition.java","lineNumber":29},{"declaringClass":"io.cucumber.core.runner.CoreStepDefinition","methodName":"execute","fileName":"CoreStepDefinition.java","lineNumber":66},{"declaringClass":"io.cucumber.core.runner.PickleStepDefinitionMatch","methodName":"runStep","fileName":"PickleStepDefinitionMatch.java","lineNumber":63},{"declaringClass":"io.cucumber.core.runner.TestStep","methodName":"executeStep","fileName":"TestStep.java","lineNumber":92},{"declaringClass":"io.cucumber.core.runner.TestStep","methodName":"run","fileName":"TestStep.java","lineNumber":64},{"declaringClass":"io.cucumber.core.runner.PickleStepTestStep","methodName":"run","fileName":"PickleStepTestStep.java","lineNumber":51},{"declaringClass":"io.cucumber.core.runner.TestCase","methodName":"run","fileName":"TestCase.java","lineNumber":104},{"declaringClass":"io.cucumber.core.runner.Runner","methodName":"runPickle","fileName":"Runner.java","lineNumber":73},{"declaringClass":"io.cucumber.junit.FeatureRunner","methodName":"runChild","fileName":"FeatureRunner.java","lineNumber":135},{"declaringClass":"io.cucumber.junit.FeatureRunner","methodName":"runChild","fileName":"FeatureRunner.java","lineNumber":27},{"declaringClass":"io.cucumber.junit.CucumberSerenityRunner","methodName":"runChild","fileName":"CucumberSerenityRunner.java","lineNumber":258},{"declaringClass":"io.cucumber.junit.CucumberSerenityRunner","methodName":"runChild","fileName":"CucumberSerenityRunner.java","lineNumber":57}]},"result":"ERROR","precondition":false,"level":1}]},{"number":15,"description":"Then Verify \"base membership\" Toggle \"on\"","duration":1,"startTime":"2022-10-13T15:29:52.385-04:00[America/New_York]","result":"SKIPPED","precondition":false,"level":0},{"number":16,"description":"Then Verify \"chapter\" is visible","duration":1,"startTime":"2022-10-13T15:29:52.387-04:00[America/New_York]","result":"SKIPPED","precondition":false,"level":0},{"number":17,"description":"Then Verify \"chapter\" Toggle \"on\"","duration":2,"startTime":"2022-10-13T15:29:52.388-04:00[America/New_York]","result":"SKIPPED","precondition":false,"level":0}],"userStory":{"id":"legacy-membership-with-auto-renew-with-login-1880880","storyName":"Legacy-Membership-with-auto-renew-with-login-1880880","path":"file:///C:/Users/CodeAutomation/Desktop/ACSM/ASCM_Automation/src/test/resources/AllTestCases/BrainTree/Memberships/legacyMembership/MemershipLegacy_WithAutoRenew(1880880).feature","type":"feature"},"featureTag":{"name":"Legacy membership/Legacy-Membership-with-auto-renew-with-login-1880880","type":"feature","displayName":"Legacy membership/Legacy-Membership-with-auto-renew-with-login-1880880"},"title":"Legacy- membership-with-auto-renew-with-login-1880880","description":"","startTime":"2022-10-13T15:26:26.031-04:00[America/New_York]","duration":206360,"testFailureCause":{"errorType":"java.lang.IllegalStateException","message":"assert failed","stackTrace":[{"declaringClass":"com.ibm.icu.impl.Assert","methodName":"assrt","fileName":"Assert.java","lineNumber":20},{"declaringClass":"com.ascm.pages.MembershipPage","methodName":"verifyToggleHeading","fileName":"MembershipPage.java","lineNumber":264},{"declaringClass":"com.test.suite.testSteps.MembershipSteps","methodName":"verifyToggleHeading","fileName":"MembershipSteps.java","lineNumber":73},{"declaringClass":"com.test.suite.stepDefination.MembershipStepDefs","methodName":"verifyToggleHeading","fileName":"MembershipStepDefs.java","lineNumber":73},{"declaringClass":"io.cucumber.java.Invoker","methodName":"doInvoke","fileName":"Invoker.java","lineNumber":66},{"declaringClass":"io.cucumber.java.Invoker","methodName":"invoke","fileName":"Invoker.java","lineNumber":24},{"declaringClass":"io.cucumber.java.AbstractGlueDefinition","methodName":"invokeMethod","fileName":"AbstractGlueDefinition.java","lineNumber":47},{"declaringClass":"io.cucumber.java.JavaStepDefinition","methodName":"execute","fileName":"JavaStepDefinition.java","lineNumber":29},{"declaringClass":"io.cucumber.core.runner.CoreStepDefinition","methodName":"execute","fileName":"CoreStepDefinition.java","lineNumber":66},{"declaringClass":"io.cucumber.core.runner.PickleStepDefinitionMatch","methodName":"runStep","fileName":"PickleStepDefinitionMatch.java","lineNumber":63},{"declaringClass":"io.cucumber.core.runner.TestStep","methodName":"executeStep","fileName":"TestStep.java","lineNumber":92},{"declaringClass":"io.cucumber.core.runner.TestStep","methodName":"run","fileName":"TestStep.java","lineNumber":64},{"declaringClass":"io.cucumber.core.runner.PickleStepTestStep","methodName":"run","fileName":"PickleStepTestStep.java","lineNumber":51},{"declaringClass":"io.cucumber.core.runner.TestCase","methodName":"run","fileName":"TestCase.java","lineNumber":104},{"declaringClass":"io.cucumber.core.runner.Runner","methodName":"runPickle","fileName":"Runner.java","lineNumber":73},{"declaringClass":"io.cucumber.junit.FeatureRunner","methodName":"runChild","fileName":"FeatureRunner.java","lineNumber":135},{"declaringClass":"io.cucumber.junit.FeatureRunner","methodName":"runChild","fileName":"FeatureRunner.java","lineNumber":27},{"declaringClass":"io.cucumber.junit.CucumberSerenityRunner","methodName":"runChild","fileName":"CucumberSerenityRunner.java","lineNumber":258},{"declaringClass":"io.cucumber.junit.CucumberSerenityRunner","methodName":"runChild","fileName":"CucumberSerenityRunner.java","lineNumber":57}]},"testFailureClassname":"java.lang.IllegalStateException","testFailureMessage":"assert failed","testFailureSummary":"ERROR;java.lang.IllegalStateException;assert failed;Assert.java","projectKey":"","annotatedResult":"ERROR","sessionId":"55ec40a75f918f7b755b039e7fe01765","driver":"chrome","isManualTestingUpToDate":false,"manual":false,"testSource":"Cucumber","result":"ERROR"}