{"name":"Verify-Certificate-Upgrade-Modal","id":"verify-certificate-upgrade-modal;verify-certificate-upgrade-modal","testSteps":[{"number":1,"description":"Given Launch Create Account","duration":9857,"startTime":"2022-10-13T18:35:19.636-04:00[America/New_York]","result":"SUCCESS","precondition":false,"level":0,"children":[{"number":2,"description":"Launch create account step","duration":9852,"startTime":"2022-10-13T18:35:19.640-04:00[America/New_York]","result":"SUCCESS","precondition":false,"level":1}]},{"number":3,"description":"Then Click on OK button for cookie","duration":65639,"startTime":"2022-10-13T18:35:29.494-04:00[America/New_York]","result":"SUCCESS","precondition":false,"level":0,"children":[{"number":4,"description":"Click on cookie step","duration":65633,"startTime":"2022-10-13T18:35:29.498-04:00[America/New_York]","result":"SUCCESS","precondition":false,"level":1}]},{"number":5,"description":"Then Enter New Email \"email\"","duration":415,"startTime":"2022-10-13T18:36:35.134-04:00[America/New_York]","result":"SUCCESS","precondition":false,"level":0,"children":[{"number":6,"description":"Enter email: Automation1665700595135@gmail.com","duration":413,"startTime":"2022-10-13T18:36:35.135-04:00[America/New_York]","result":"SUCCESS","precondition":false,"level":1}]},{"number":7,"description":"Then Enter New Password \"Testing1\"","duration":422,"startTime":"2022-10-13T18:36:35.549-04:00[America/New_York]","result":"SUCCESS","precondition":false,"level":0,"children":[{"number":8,"description":"Enter password: Testing1","duration":419,"startTime":"2022-10-13T18:36:35.550-04:00[America/New_York]","result":"SUCCESS","precondition":false,"level":1}]},{"number":9,"description":"Then Enter First Name \"Automation\"","duration":411,"startTime":"2022-10-13T18:36:35.971-04:00[America/New_York]","result":"SUCCESS","precondition":false,"level":0,"children":[{"number":10,"description":"Enter first name: Automation","duration":408,"startTime":"2022-10-13T18:36:35.972-04:00[America/New_York]","result":"SUCCESS","precondition":false,"level":1}]},{"number":11,"description":"Then Enter Last Name \"qa\"","duration":384,"startTime":"2022-10-13T18:36:36.382-04:00[America/New_York]","result":"SUCCESS","precondition":false,"level":0,"children":[{"number":12,"description":"Enter last name: qa","duration":381,"startTime":"2022-10-13T18:36:36.383-04:00[America/New_York]","result":"SUCCESS","precondition":false,"level":1}]},{"number":13,"description":"Then Click Ceck Term","duration":60382,"startTime":"2022-10-13T18:36:36.766-04:00[America/New_York]","result":"SUCCESS","precondition":false,"level":0,"children":[{"number":14,"description":"Click check term","duration":60379,"startTime":"2022-10-13T18:36:36.767-04:00[America/New_York]","result":"SUCCESS","precondition":false,"level":1}]},{"number":15,"description":"Then Enter Job Title \"QA\"","duration":405,"startTime":"2022-10-13T18:37:37.148-04:00[America/New_York]","result":"SUCCESS","precondition":false,"level":0,"children":[{"number":16,"description":"Enter job title: QA","duration":402,"startTime":"2022-10-13T18:37:37.149-04:00[America/New_York]","result":"SUCCESS","precondition":false,"level":1}]},{"number":17,"description":"Then Click Submit","duration":30544,"startTime":"2022-10-13T18:37:37.553-04:00[America/New_York]","result":"SUCCESS","precondition":false,"level":0,"children":[{"number":18,"description":"Click submit button step","duration":30541,"startTime":"2022-10-13T18:37:37.555-04:00[America/New_York]","result":"SUCCESS","precondition":false,"level":1}]},{"number":19,"description":"Then Click Login Button","duration":7957,"startTime":"2022-10-13T18:38:08.098-04:00[America/New_York]","result":"SUCCESS","precondition":false,"level":0,"children":[{"number":20,"description":"Click log in button","duration":7956,"startTime":"2022-10-13T18:38:08.098-04:00[America/New_York]","result":"SUCCESS","precondition":false,"level":1}]},{"number":21,"description":"Then Enter username \"email\"","duration":416,"startTime":"2022-10-13T18:38:16.056-04:00[America/New_York]","result":"SUCCESS","precondition":false,"level":0,"children":[{"number":22,"description":"Enter user name step: Automation1665700595135@gmail.com","duration":413,"startTime":"2022-10-13T18:38:16.057-04:00[America/New_York]","result":"SUCCESS","precondition":false,"level":1}]},{"number":23,"description":"Then Enter password \"Testing1\"","duration":382,"startTime":"2022-10-13T18:38:16.472-04:00[America/New_York]","result":"SUCCESS","precondition":false,"level":0,"children":[{"number":24,"description":"Enter password step: Testing1","duration":380,"startTime":"2022-10-13T18:38:16.473-04:00[America/New_York]","result":"SUCCESS","precondition":false,"level":1}]},{"number":25,"description":"And Click submit","duration":12875,"startTime":"2022-10-13T18:38:16.855-04:00[America/New_York]","result":"SUCCESS","precondition":false,"level":0,"children":[{"number":26,"description":"Click submit button step","duration":12872,"startTime":"2022-10-13T18:38:16.856-04:00[America/New_York]","result":"SUCCESS","precondition":false,"level":1}]},{"number":27,"description":"Then Go to Cart","duration":2702,"startTime":"2022-10-13T18:38:29.730-04:00[America/New_York]","result":"SUCCESS","precondition":false,"level":0,"children":[{"number":28,"description":"Go cart page step","duration":2696,"startTime":"2022-10-13T18:38:29.735-04:00[America/New_York]","result":"SUCCESS","precondition":false,"level":1}]},{"number":29,"description":"Then Empty The Cart","duration":30092,"startTime":"2022-10-13T18:38:32.432-04:00[America/New_York]","result":"SUCCESS","precondition":false,"level":0,"children":[{"number":30,"description":"Delete all existing orders","duration":30085,"startTime":"2022-10-13T18:38:32.433-04:00[America/New_York]","result":"SUCCESS","precondition":false,"level":1}]},{"number":31,"description":"Then Go to Membership Page","duration":5706,"startTime":"2022-10-13T18:39:02.525-04:00[America/New_York]","result":"SUCCESS","precondition":false,"level":0,"children":[{"number":32,"description":"Go membership page step","duration":5701,"startTime":"2022-10-13T18:39:02.529-04:00[America/New_York]","result":"SUCCESS","precondition":false,"level":1}]},{"number":33,"description":"Then Click Become a Memeber","duration":4417,"startTime":"2022-10-13T18:39:08.232-04:00[America/New_York]","result":"SUCCESS","precondition":false,"level":0,"children":[{"number":34,"description":"Click on become a member","duration":4414,"startTime":"2022-10-13T18:39:08.233-04:00[America/New_York]","result":"SUCCESS","precondition":false,"level":1}]},{"number":35,"description":"Then Click Agreement Checkbox","duration":3132,"startTime":"2022-10-13T18:39:12.650-04:00[America/New_York]","result":"SUCCESS","precondition":false,"level":0,"children":[{"number":36,"description":"Click agreement checkbox step","duration":3129,"startTime":"2022-10-13T18:39:12.652-04:00[America/New_York]","result":"SUCCESS","precondition":false,"level":1}]},{"number":37,"description":"Then Click Add To Cart button","duration":3344,"startTime":"2022-10-13T18:39:15.783-04:00[America/New_York]","result":"SUCCESS","precondition":false,"level":0,"children":[{"number":38,"description":"Click add to cart button step","duration":3341,"startTime":"2022-10-13T18:39:15.784-04:00[America/New_York]","result":"SUCCESS","precondition":false,"level":1}]},{"number":39,"description":"Then Click Skip Membership Chapter","duration":3176,"startTime":"2022-10-13T18:39:19.128-04:00[America/New_York]","result":"SUCCESS","precondition":false,"level":0,"children":[{"number":40,"description":"Click skip membership button step","duration":3173,"startTime":"2022-10-13T18:39:19.130-04:00[America/New_York]","result":"SUCCESS","precondition":false,"level":1}]},{"number":41,"description":"Then Click Learning And Development Top Navigation","duration":5152,"startTime":"2022-10-13T18:39:22.304-04:00[America/New_York]","result":"SUCCESS","precondition":false,"level":0,"children":[{"number":42,"description":"Click learning and development top navigation","duration":5147,"startTime":"2022-10-13T18:39:22.308-04:00[America/New_York]","result":"SUCCESS","precondition":false,"level":1}]},{"number":43,"description":"Then Click CLTD","duration":145255,"startTime":"2022-10-13T18:39:27.457-04:00[America/New_York]","result":"SUCCESS","precondition":false,"level":0,"children":[{"number":44,"description":"Click CLTD","duration":145250,"startTime":"2022-10-13T18:39:27.458-04:00[America/New_York]","result":"SUCCESS","precondition":false,"level":1}]},{"number":45,"description":"Then Click LS Exam Pre Add To Card","duration":2355,"startTime":"2022-10-13T18:41:52.713-04:00[America/New_York]","result":"SUCCESS","precondition":false,"level":0,"children":[{"number":46,"description":"Click LS exam pre add to card button step","duration":2344,"startTime":"2022-10-13T18:41:52.722-04:00[America/New_York]","result":"SUCCESS","precondition":false,"level":1}]},{"number":47,"description":"Then Verify Membership Upcell CTA Text","duration":7523,"startTime":"2022-10-13T18:41:55.068-04:00[America/New_York]","result":"SUCCESS","precondition":false,"level":0,"children":[{"number":48,"description":"Verify membership upcell CTA","duration":7520,"startTime":"2022-10-13T18:41:55.069-04:00[America/New_York]","result":"SUCCESS","precondition":false,"level":1}]},{"number":49,"description":"Then Click On Upgrade Now","duration":3502,"startTime":"2022-10-13T18:42:02.591-04:00[America/New_York]","result":"SUCCESS","precondition":false,"level":0,"children":[{"number":50,"description":"Click on upgrade now button","duration":3499,"startTime":"2022-10-13T18:42:02.592-04:00[America/New_York]","result":"SUCCESS","precondition":false,"level":1}]},{"number":51,"description":"Then Verify Upgrade Certificate Modal","duration":5073,"startTime":"2022-10-13T18:42:06.093-04:00[America/New_York]","result":"SUCCESS","precondition":false,"level":0,"children":[{"number":52,"description":"Verify upgrade certificate modal","duration":5070,"startTime":"2022-10-13T18:42:06.094-04:00[America/New_York]","result":"SUCCESS","precondition":false,"level":1}]}],"userStory":{"id":"verify-certificate-upgrade-modal","storyName":"Verify-Certificate-Upgrade-Modal","path":"file:///C:/Users/CodeAutomation/Desktop/ACSM/ASCM_Automation/src/test/resources/AllTestCases/BrainTree/VerifyUpSell/VerifyCertificateUpgradeModal.feature","type":"feature"},"featureTag":{"name":"Verify up sell/Verify-Certificate-Upgrade-Modal","type":"feature","displayName":"Verify up sell/Verify-Certificate-Upgrade-Modal"},"title":"Verify- certificate- upgrade- modal","description":"","startTime":"2022-10-13T18:35:19.635-04:00[America/New_York]","duration":411532,"projectKey":"","sessionId":"8103d308f38e1d0ce297b71f6855cc16","driver":"chrome","isManualTestingUpToDate":false,"manual":false,"testSource":"Cucumber","result":"SUCCESS"}