{"name":"InternationalChapMembership","id":"internationalchapmembership;internationalchapmembership","testSteps":[{"number":1,"description":"Given Launch Create Account","duration":11493,"startTime":"2022-10-13T13:51:50.568-04:00[America/New_York]","result":"SUCCESS","precondition":false,"level":0,"children":[{"number":2,"description":"Launch create account step","duration":11485,"startTime":"2022-10-13T13:51:50.574-04:00[America/New_York]","result":"SUCCESS","precondition":false,"level":1}]},{"number":3,"description":"Then Click on OK button for cookie","duration":65542,"startTime":"2022-10-13T13:52:02.062-04:00[America/New_York]","result":"SUCCESS","precondition":false,"level":0,"children":[{"number":4,"description":"Click on cookie step","duration":65533,"startTime":"2022-10-13T13:52:02.069-04:00[America/New_York]","result":"SUCCESS","precondition":false,"level":1}]},{"number":5,"description":"Then Enter New Email \"email\"","duration":421,"startTime":"2022-10-13T13:53:07.605-04:00[America/New_York]","result":"SUCCESS","precondition":false,"level":0,"children":[{"number":6,"description":"Enter email: Automation1665683587605@gmail.com","duration":419,"startTime":"2022-10-13T13:53:07.606-04:00[America/New_York]","result":"SUCCESS","precondition":false,"level":1}]},{"number":7,"description":"Then Enter New Password \"Testing1\"","duration":397,"startTime":"2022-10-13T13:53:08.027-04:00[America/New_York]","result":"SUCCESS","precondition":false,"level":0,"children":[{"number":8,"description":"Enter password: Testing1","duration":394,"startTime":"2022-10-13T13:53:08.028-04:00[America/New_York]","result":"SUCCESS","precondition":false,"level":1}]},{"number":9,"description":"Then Enter First Name \"Automation\"","duration":377,"startTime":"2022-10-13T13:53:08.424-04:00[America/New_York]","result":"SUCCESS","precondition":false,"level":0,"children":[{"number":10,"description":"Enter first name: Automation","duration":374,"startTime":"2022-10-13T13:53:08.426-04:00[America/New_York]","result":"SUCCESS","precondition":false,"level":1}]},{"number":11,"description":"Then Enter Last Name \"qa\"","duration":368,"startTime":"2022-10-13T13:53:08.802-04:00[America/New_York]","result":"SUCCESS","precondition":false,"level":0,"children":[{"number":12,"description":"Enter last name: qa","duration":365,"startTime":"2022-10-13T13:53:08.803-04:00[America/New_York]","result":"SUCCESS","precondition":false,"level":1}]},{"number":13,"description":"Then Click Ceck Term","duration":60247,"startTime":"2022-10-13T13:53:09.170-04:00[America/New_York]","result":"SUCCESS","precondition":false,"level":0,"children":[{"number":14,"description":"Click check term","duration":60240,"startTime":"2022-10-13T13:53:09.171-04:00[America/New_York]","result":"SUCCESS","precondition":false,"level":1}]},{"number":15,"description":"Then Enter Job Title \"QA\"","duration":396,"startTime":"2022-10-13T13:54:09.419-04:00[America/New_York]","result":"SUCCESS","precondition":false,"level":0,"children":[{"number":16,"description":"Enter job title: QA","duration":391,"startTime":"2022-10-13T13:54:09.423-04:00[America/New_York]","result":"SUCCESS","precondition":false,"level":1}]},{"number":17,"description":"Then Click Submit","duration":30348,"startTime":"2022-10-13T13:54:09.816-04:00[America/New_York]","result":"SUCCESS","precondition":false,"level":0,"children":[{"number":18,"description":"Click submit button step","duration":30345,"startTime":"2022-10-13T13:54:09.816-04:00[America/New_York]","result":"SUCCESS","precondition":false,"level":1}]},{"number":19,"description":"Then Click Login Button","duration":8767,"startTime":"2022-10-13T13:54:40.165-04:00[America/New_York]","result":"SUCCESS","precondition":false,"level":0,"children":[{"number":20,"description":"Click log in button","duration":8764,"startTime":"2022-10-13T13:54:40.167-04:00[America/New_York]","result":"SUCCESS","precondition":false,"level":1}]},{"number":21,"description":"Then Enter username \"email\"","duration":404,"startTime":"2022-10-13T13:54:48.933-04:00[America/New_York]","result":"SUCCESS","precondition":false,"level":0,"children":[{"number":22,"description":"Enter user name step: Automation1665683587605@gmail.com","duration":401,"startTime":"2022-10-13T13:54:48.934-04:00[America/New_York]","result":"SUCCESS","precondition":false,"level":1}]},{"number":23,"description":"Then Enter password \"Testing1\"","duration":380,"startTime":"2022-10-13T13:54:49.337-04:00[America/New_York]","result":"SUCCESS","precondition":false,"level":0,"children":[{"number":24,"description":"Enter password step: Testing1","duration":378,"startTime":"2022-10-13T13:54:49.338-04:00[America/New_York]","result":"SUCCESS","precondition":false,"level":1}]},{"number":25,"description":"And Click submit","duration":11747,"startTime":"2022-10-13T13:54:49.718-04:00[America/New_York]","result":"SUCCESS","precondition":false,"level":0,"children":[{"number":26,"description":"Click submit button step","duration":11744,"startTime":"2022-10-13T13:54:49.719-04:00[America/New_York]","result":"SUCCESS","precondition":false,"level":1}]},{"number":27,"description":"Then Go to Cart","duration":2543,"startTime":"2022-10-13T13:55:01.466-04:00[America/New_York]","result":"SUCCESS","precondition":false,"level":0,"children":[{"number":28,"description":"Go cart page step","duration":2534,"startTime":"2022-10-13T13:55:01.474-04:00[America/New_York]","result":"SUCCESS","precondition":false,"level":1}]},{"number":29,"description":"Then Empty The Cart","duration":30023,"startTime":"2022-10-13T13:55:04.009-04:00[America/New_York]","result":"SUCCESS","precondition":false,"level":0,"children":[{"number":30,"description":"Delete all existing orders","duration":30019,"startTime":"2022-10-13T13:55:04.011-04:00[America/New_York]","result":"SUCCESS","precondition":false,"level":1}]},{"number":31,"description":"Then Go to Membership Page","duration":5831,"startTime":"2022-10-13T13:55:34.033-04:00[America/New_York]","result":"SUCCESS","precondition":false,"level":0,"children":[{"number":32,"description":"Go membership page step","duration":5829,"startTime":"2022-10-13T13:55:34.034-04:00[America/New_York]","result":"SUCCESS","precondition":false,"level":1}]},{"number":33,"description":"Then Click Become a Memeber","duration":5616,"startTime":"2022-10-13T13:55:39.865-04:00[America/New_York]","result":"SUCCESS","precondition":false,"level":0,"children":[{"number":34,"description":"Click on become a member","duration":5612,"startTime":"2022-10-13T13:55:39.866-04:00[America/New_York]","result":"SUCCESS","precondition":false,"level":1}]},{"number":35,"description":"Then Click Agreement Checkbox","duration":3147,"startTime":"2022-10-13T13:55:45.482-04:00[America/New_York]","result":"SUCCESS","precondition":false,"level":0,"children":[{"number":36,"description":"Click agreement checkbox step","duration":3144,"startTime":"2022-10-13T13:55:45.484-04:00[America/New_York]","result":"SUCCESS","precondition":false,"level":1}]},{"number":37,"description":"Then Click Add To Cart button","duration":3357,"startTime":"2022-10-13T13:55:48.630-04:00[America/New_York]","result":"SUCCESS","precondition":false,"level":0,"children":[{"number":38,"description":"Click add to cart button step","duration":3354,"startTime":"2022-10-13T13:55:48.631-04:00[America/New_York]","result":"SUCCESS","precondition":false,"level":1}]},{"number":39,"description":"Then Select International Membership Discount Country","duration":3323,"startTime":"2022-10-13T13:55:51.987-04:00[America/New_York]","result":"SUCCESS","precondition":false,"level":0,"children":[{"number":40,"description":"Select country: Asia Pacific","duration":3320,"startTime":"2022-10-13T13:55:51.989-04:00[America/New_York]","result":"SUCCESS","precondition":false,"level":1}]},{"number":41,"description":"Then Click On Search Chapter Button","duration":116,"startTime":"2022-10-13T13:55:55.311-04:00[America/New_York]","result":"SUCCESS","precondition":false,"level":0,"children":[{"number":42,"description":"Click on search chapter button","duration":114,"startTime":"2022-10-13T13:55:55.312-04:00[America/New_York]","result":"SUCCESS","precondition":false,"level":1}]},{"number":43,"description":"Then Select International Item","duration":6309,"startTime":"2022-10-13T13:55:55.427-04:00[America/New_York]","result":"SUCCESS","precondition":false,"level":0,"children":[{"number":44,"description":"Click international chapter","duration":6303,"startTime":"2022-10-13T13:55:55.432-04:00[America/New_York]","result":"SUCCESS","precondition":false,"level":1}]},{"number":45,"description":"Then Add Selected Item","duration":340,"startTime":"2022-10-13T13:56:01.737-04:00[America/New_York]","result":"SUCCESS","precondition":false,"level":0,"children":[{"number":46,"description":"Click add selected button","duration":338,"startTime":"2022-10-13T13:56:01.738-04:00[America/New_York]","result":"SUCCESS","precondition":false,"level":1}]},{"number":47,"description":"Then Click Proceed to Continue button","duration":15180,"startTime":"2022-10-13T13:56:02.078-04:00[America/New_York]","result":"SUCCESS","precondition":false,"level":0,"children":[{"number":48,"description":"Click proceed to check out button step","duration":15172,"startTime":"2022-10-13T13:56:02.084-04:00[America/New_York]","result":"SUCCESS","precondition":false,"level":1}]},{"number":49,"description":"Then click Work Address Radio Button","duration":184768,"startTime":"2022-10-13T13:56:17.258-04:00[America/New_York]","result":"SUCCESS","precondition":false,"level":0,"children":[{"number":50,"description":"Click work address readio button","duration":181752,"startTime":"2022-10-13T13:56:20.270-04:00[America/New_York]","result":"SUCCESS","precondition":false,"level":1}]},{"number":51,"description":"Then Fill in the following fields for international mailing section\r\n| Field | Value |\r\n| company | mailing_company |\r\n| streetAddress | mailing_address |\r\n| City | mailing_city |\r\n| State | mailing_state |\r\n| postalCode | mailing_postal_code |\r\n| CountryType | mailing_country_type |\r\n| Country Code | mailing_country_code |\r\n| Area Code | mailing_area_code |\r\n| Phone Number | mailing_phone_no |","duration":10513,"startTime":"2022-10-13T13:59:22.027-04:00[America/New_York]","result":"SUCCESS","precondition":false,"level":0,"children":[{"number":52,"description":"Enter company: CC","duration":5676,"startTime":"2022-10-13T13:59:22.028-04:00[America/New_York]","result":"SUCCESS","precondition":false,"level":1},{"number":53,"description":"Enter mailing address line1 step: 8430 W Bryn Mawr Ave","duration":2421,"startTime":"2022-10-13T13:59:27.705-04:00[America/New_York]","result":"SUCCESS","precondition":false,"level":1},{"number":54,"description":"Enter mailingcity step: Chicago","duration":420,"startTime":"2022-10-13T13:59:30.127-04:00[America/New_York]","result":"SUCCESS","precondition":false,"level":1},{"number":55,"description":"Enter mailing state step: IL","duration":339,"startTime":"2022-10-13T13:59:30.547-04:00[America/New_York]","result":"SUCCESS","precondition":false,"level":1},{"number":56,"description":"Enter maililing zip code step: 60631","duration":392,"startTime":"2022-10-13T13:59:30.887-04:00[America/New_York]","result":"SUCCESS","precondition":false,"level":1},{"number":57,"description":"Select country type: Work","duration":226,"startTime":"2022-10-13T13:59:31.280-04:00[America/New_York]","result":"SUCCESS","precondition":false,"level":1},{"number":58,"description":"Select country area code: 1","duration":237,"startTime":"2022-10-13T13:59:31.506-04:00[America/New_York]","result":"SUCCESS","precondition":false,"level":1},{"number":59,"description":"Enter area code: 773","duration":399,"startTime":"2022-10-13T13:59:31.743-04:00[America/New_York]","result":"SUCCESS","precondition":false,"level":1},{"number":60,"description":"Enter phone number: 7647422","duration":396,"startTime":"2022-10-13T13:59:32.143-04:00[America/New_York]","result":"SUCCESS","precondition":false,"level":1}]},{"number":61,"description":"Then Click Next Payment Information button","duration":139554,"startTime":"2022-10-13T13:59:32.543-04:00[America/New_York]","result":"SUCCESS","precondition":false,"level":0,"children":[{"number":62,"description":"Click continue button step","duration":139551,"startTime":"2022-10-13T13:59:32.544-04:00[America/New_York]","result":"SUCCESS","precondition":false,"level":1}]},{"number":63,"description":"Then Click same as billing button","duration":111,"startTime":"2022-10-13T14:01:52.097-04:00[America/New_York]","result":"SUCCESS","precondition":false,"level":0,"children":[{"number":64,"description":"Click same as billing button step","duration":108,"startTime":"2022-10-13T14:01:52.098-04:00[America/New_York]","result":"SUCCESS","precondition":false,"level":1}]},{"number":65,"description":"Then Choose a \"Card\" brain tree plan to pay","duration":40123,"startTime":"2022-10-13T14:01:52.208-04:00[America/New_York]","result":"SUCCESS","precondition":false,"level":0,"children":[{"number":66,"description":"Chooseawaytopay: Card","duration":40118,"startTime":"2022-10-13T14:01:52.210-04:00[America/New_York]","result":"SUCCESS","precondition":false,"level":1}]},{"number":67,"description":"Then Fill in the following fields for Brain Tree Payment Method section\r\n| Field | Value |\r\n| Card Number | credit_card_no |\r\n| Expiration | credit_card_expiry |\r\n| Security Code | credit_card_security_code |\r\n| Postal Code | credit_card_postal_code |","duration":41843,"startTime":"2022-10-13T14:02:32.332-04:00[America/New_York]","result":"SUCCESS","precondition":false,"level":0,"children":[{"number":68,"description":"Enter brain tree credit card no step: 4111111111111111","duration":480,"startTime":"2022-10-13T14:03:12.374-04:00[America/New_York]","result":"SUCCESS","precondition":false,"level":1},{"number":69,"description":"Enter brain tree credit expiration step: 01/23","duration":419,"startTime":"2022-10-13T14:03:12.855-04:00[America/New_York]","result":"SUCCESS","precondition":false,"level":1},{"number":70,"description":"Enter brain tree credit card CVV step: 123","duration":437,"startTime":"2022-10-13T14:03:13.274-04:00[America/New_York]","result":"SUCCESS","precondition":false,"level":1},{"number":71,"description":"Enter brain tree credit postal code step: 60631","duration":462,"startTime":"2022-10-13T14:03:13.711-04:00[America/New_York]","result":"SUCCESS","precondition":false,"level":1}]},{"number":72,"description":"Then Click Next Review button","duration":125802,"startTime":"2022-10-13T14:03:14.175-04:00[America/New_York]","result":"SUCCESS","precondition":false,"level":0,"children":[{"number":73,"description":"Click next reviw button step","duration":125797,"startTime":"2022-10-13T14:03:14.177-04:00[America/New_York]","result":"SUCCESS","precondition":false,"level":1}]},{"number":74,"description":"Then Click Place Order button","duration":5263,"startTime":"2022-10-13T14:05:19.978-04:00[America/New_York]","result":"SUCCESS","precondition":false,"level":0,"children":[{"number":75,"description":"Click place order button step","duration":5255,"startTime":"2022-10-13T14:05:19.981-04:00[America/New_York]","result":"SUCCESS","precondition":false,"level":1}]},{"number":76,"description":"Then Get ReferenceCode","duration":55135,"startTime":"2022-10-13T14:05:25.242-04:00[America/New_York]","result":"SUCCESS","precondition":false,"level":0,"children":[{"number":77,"description":"Get reference code","duration":55128,"startTime":"2022-10-13T14:05:25.246-04:00[America/New_York]","result":"SUCCESS","reportData":[{"title":"Reference Code","contents":"Reference Code: PO2218720242","isEvidence":false,"id":"report-data-fb58166b-f3ed-48b0-8d5d-999b8ae71be5"}],"precondition":false,"level":1}]}],"userStory":{"id":"internationalchapmembership","storyName":"InternationalChapMembership","path":"file:///C:/Users/CodeAutomation/Desktop/ACSM/ASCM_Automation/src/test/resources/AllTestCases/BrainTree/Memberships/RegularMembership/InternationalChap+Membership.feature","type":"feature"},"featureTag":{"name":"Regular membership/InternationalChapMembership","type":"feature","displayName":"Regular membership/InternationalChapMembership"},"title":"International chap membership","description":"","startTime":"2022-10-13T13:51:50.567-04:00[America/New_York]","duration":869811,"projectKey":"","sessionId":"92938c9367d833251a57477de687486c","driver":"chrome","isManualTestingUpToDate":false,"manual":false,"testSource":"Cucumber","result":"SUCCESS"}