{"name":"Verify-the-membership-shows-correct-expire-date","id":"verify-the-membership-shows-correct-expire-date;verify-the-membership-shows-correct-expire-date","testSteps":[{"number":1,"description":"Given Go To Login Page","duration":8773,"startTime":"2022-10-13T18:53:25.418-04:00[America/New_York]","result":"SUCCESS","precondition":false,"level":0,"children":[{"number":2,"description":"Go to login page","duration":8769,"startTime":"2022-10-13T18:53:25.421-04:00[America/New_York]","result":"SUCCESS","precondition":false,"level":1}]},{"number":3,"description":"Then Enter Legacy username \"ambreeninfo2022@email.com\"","duration":465,"startTime":"2022-10-13T18:53:34.191-04:00[America/New_York]","result":"SUCCESS","precondition":false,"level":0,"children":[{"number":4,"description":"Enter user name step: ambreeninfo2022@email.com","duration":462,"startTime":"2022-10-13T18:53:34.192-04:00[America/New_York]","result":"SUCCESS","precondition":false,"level":1}]},{"number":5,"description":"Then Enter Legacy password \"Test1234\"","duration":388,"startTime":"2022-10-13T18:53:34.656-04:00[America/New_York]","result":"SUCCESS","precondition":false,"level":0,"children":[{"number":6,"description":"Enter password step: Test1234","duration":385,"startTime":"2022-10-13T18:53:34.657-04:00[America/New_York]","result":"SUCCESS","precondition":false,"level":1}]},{"number":7,"description":"And Click submit","duration":1340,"startTime":"2022-10-13T18:53:35.044-04:00[America/New_York]","result":"SUCCESS","precondition":false,"level":0,"children":[{"number":8,"description":"Click submit button step","duration":1337,"startTime":"2022-10-13T18:53:35.045-04:00[America/New_York]","result":"SUCCESS","precondition":false,"level":1}]},{"number":9,"description":"Then Click on OK button for cookie","duration":130232,"startTime":"2022-10-13T18:53:36.384-04:00[America/New_York]","result":"SUCCESS","precondition":false,"level":0,"children":[{"number":10,"description":"Click on cookie step","duration":130229,"startTime":"2022-10-13T18:53:36.385-04:00[America/New_York]","result":"SUCCESS","precondition":false,"level":1}]},{"number":11,"description":"Then Go to Membership Page","duration":5233,"startTime":"2022-10-13T18:55:46.616-04:00[America/New_York]","result":"SUCCESS","precondition":false,"level":0,"children":[{"number":12,"description":"Go membership page step","duration":5228,"startTime":"2022-10-13T18:55:46.620-04:00[America/New_York]","result":"SUCCESS","precondition":false,"level":1}]},{"number":13,"description":"Then Verify Membership \"type\" \"Annual\" is visible","duration":30256,"startTime":"2022-10-13T18:55:51.849-04:00[America/New_York]","exception":{"errorType":"org.openqa.selenium.NoSuchElementException","message":"no such element: Unable to locate element: {\"method\":\"xpath\",\"selector\":\"//h3[text()\u003d\u0027Membership Info\u0027]//parent::div//div[contains(text(),\u0027Annual\u0027)]\"}\n  (Session info: chrome\u003d106.0.5249.119)\nFor documentation on this error, please visit: https://www.seleniumhq.org/exceptions/no_such_element.html\nBuild info: version: \u00273.141.59\u0027, revision: \u0027e82be7d358\u0027, time: \u00272018-11-14T08:17:03\u0027\nSystem info: host: \u0027OK92\u0027, ip: \u0027192.168.1.11\u0027, os.name: \u0027Windows 10\u0027, os.arch: \u0027amd64\u0027, os.version: \u002710.0\u0027, java.version: \u00271.8.0_281\u0027\nDriver info: org.openqa.selenium.chrome.ChromeDriver\nCapabilities {acceptInsecureCerts: false, browserName: chrome, browserVersion: 106.0.5249.119, chrome: {chromedriverVersion: 106.0.5249.61 (511755355844..., userDataDir: C:\\Users\\CODEAU~1\\AppData\\L...}, goog:chromeOptions: {debuggerAddress: localhost:61404}, javascriptEnabled: true, networkConnectionEnabled: false, pageLoadStrategy: normal, platform: WINDOWS, platformName: WINDOWS, proxy: Proxy(), setWindowRect: true, strictFileInteractability: false, timeouts: {implicit: 0, pageLoad: 300000, script: 30000}, unhandledPromptBehavior: dismiss and notify, webauthn:extension:credBlob: true, webauthn:extension:largeBlob: true, webauthn:virtualAuthenticators: true}\nSession ID: b2d528902e4b59599397be85467354d7\n*** Element info: {Using\u003dxpath, value\u003d//h3[text()\u003d\u0027Membership Info\u0027]//parent::div//div[contains(text(),\u0027Annual\u0027)]}\nFor documentation on this error, please visit: https://www.seleniumhq.org/exceptions/no_such_element.html\nBuild info: version: \u00273.141.59\u0027, revision: \u0027e82be7d358\u0027, time: \u00272018-11-14T08:17:03\u0027\nSystem info: host: \u0027OK92\u0027, ip: \u0027192.168.1.11\u0027, os.name: \u0027Windows 10\u0027, os.arch: \u0027amd64\u0027, os.version: \u002710.0\u0027, java.version: \u00271.8.0_281\u0027\nDriver info: driver.version: unknown","stackTrace":[{"declaringClass":"com.ascm.pages.MembershipPage","methodName":"verifyMembershipVisible","fileName":"MembershipPage.java","lineNumber":295},{"declaringClass":"com.test.suite.testSteps.MembershipSteps","methodName":"verifyMembershipVisible","fileName":"MembershipSteps.java","lineNumber":88},{"declaringClass":"com.test.suite.stepDefination.MembershipStepDefs","methodName":"verifyMembershipVisible","fileName":"MembershipStepDefs.java","lineNumber":88},{"declaringClass":"✽","methodName":"Verify Membership \"type\" \"Annual\" is visible","fileName":"file:///C:/Users/CodeAutomation/Desktop/ACSM/ASCM_Automation/src/test/resources/AllTestCases/BrainTree/Memberships/AnnualMembership/VerifyMembershipShowsCorrectExpiryDate.feature","lineNumber":9}]},"result":"ERROR","precondition":false,"level":0,"children":[{"number":14,"description":"Verify membership visible: type, Annual","duration":30249,"startTime":"2022-10-13T18:55:51.850-04:00[America/New_York]","screenshots":[{"screenshot":"2ec4216e527cfb7eb65d3bd2f63dfba66b22d0f62fed6aaaff72d94244c1e02e.png","htmlSource":"pagesource2809811550186962778.html.txt","timeStamp":1665701782098}],"exception":{"errorType":"org.openqa.selenium.NoSuchElementException","message":"no such element: Unable to locate element: {\"method\":\"xpath\",\"selector\":\"//h3[text()\u003d\u0027Membership Info\u0027]//parent::div//div[contains(text(),\u0027Annual\u0027)]\"}\n  (Session info: chrome\u003d106.0.5249.119)\nFor documentation on this error, please visit: https://www.seleniumhq.org/exceptions/no_such_element.html\nBuild info: version: \u00273.141.59\u0027, revision: \u0027e82be7d358\u0027, time: \u00272018-11-14T08:17:03\u0027\nSystem info: host: \u0027OK92\u0027, ip: \u0027192.168.1.11\u0027, os.name: \u0027Windows 10\u0027, os.arch: \u0027amd64\u0027, os.version: \u002710.0\u0027, java.version: \u00271.8.0_281\u0027\nDriver info: org.openqa.selenium.chrome.ChromeDriver\nCapabilities {acceptInsecureCerts: false, browserName: chrome, browserVersion: 106.0.5249.119, chrome: {chromedriverVersion: 106.0.5249.61 (511755355844..., userDataDir: C:\\Users\\CODEAU~1\\AppData\\L...}, goog:chromeOptions: {debuggerAddress: localhost:61404}, javascriptEnabled: true, networkConnectionEnabled: false, pageLoadStrategy: normal, platform: WINDOWS, platformName: WINDOWS, proxy: Proxy(), setWindowRect: true, strictFileInteractability: false, timeouts: {implicit: 0, pageLoad: 300000, script: 30000}, unhandledPromptBehavior: dismiss and notify, webauthn:extension:credBlob: true, webauthn:extension:largeBlob: true, webauthn:virtualAuthenticators: true}\nSession ID: b2d528902e4b59599397be85467354d7\n*** Element info: {Using\u003dxpath, value\u003d//h3[text()\u003d\u0027Membership Info\u0027]//parent::div//div[contains(text(),\u0027Annual\u0027)]}","stackTrace":[{"declaringClass":"com.ascm.pages.MembershipPage","methodName":"verifyMembershipVisible","fileName":"MembershipPage.java","lineNumber":295},{"declaringClass":"com.test.suite.testSteps.MembershipSteps","methodName":"verifyMembershipVisible","fileName":"MembershipSteps.java","lineNumber":88},{"declaringClass":"com.test.suite.stepDefination.MembershipStepDefs","methodName":"verifyMembershipVisible","fileName":"MembershipStepDefs.java","lineNumber":88},{"declaringClass":"io.cucumber.java.Invoker","methodName":"doInvoke","fileName":"Invoker.java","lineNumber":66},{"declaringClass":"io.cucumber.java.Invoker","methodName":"invoke","fileName":"Invoker.java","lineNumber":24},{"declaringClass":"io.cucumber.java.AbstractGlueDefinition","methodName":"invokeMethod","fileName":"AbstractGlueDefinition.java","lineNumber":47},{"declaringClass":"io.cucumber.java.JavaStepDefinition","methodName":"execute","fileName":"JavaStepDefinition.java","lineNumber":29},{"declaringClass":"io.cucumber.core.runner.CoreStepDefinition","methodName":"execute","fileName":"CoreStepDefinition.java","lineNumber":66},{"declaringClass":"io.cucumber.core.runner.PickleStepDefinitionMatch","methodName":"runStep","fileName":"PickleStepDefinitionMatch.java","lineNumber":63},{"declaringClass":"io.cucumber.core.runner.TestStep","methodName":"executeStep","fileName":"TestStep.java","lineNumber":92},{"declaringClass":"io.cucumber.core.runner.TestStep","methodName":"run","fileName":"TestStep.java","lineNumber":64},{"declaringClass":"io.cucumber.core.runner.PickleStepTestStep","methodName":"run","fileName":"PickleStepTestStep.java","lineNumber":51},{"declaringClass":"io.cucumber.core.runner.TestCase","methodName":"run","fileName":"TestCase.java","lineNumber":104},{"declaringClass":"io.cucumber.core.runner.Runner","methodName":"runPickle","fileName":"Runner.java","lineNumber":73},{"declaringClass":"io.cucumber.junit.FeatureRunner","methodName":"runChild","fileName":"FeatureRunner.java","lineNumber":135},{"declaringClass":"io.cucumber.junit.FeatureRunner","methodName":"runChild","fileName":"FeatureRunner.java","lineNumber":27},{"declaringClass":"io.cucumber.junit.CucumberSerenityRunner","methodName":"runChild","fileName":"CucumberSerenityRunner.java","lineNumber":258},{"declaringClass":"io.cucumber.junit.CucumberSerenityRunner","methodName":"runChild","fileName":"CucumberSerenityRunner.java","lineNumber":57}]},"result":"ERROR","precondition":false,"level":1}]},{"number":15,"description":"Then Verify Membership \"expires\" \"9/11/2023\" is visible","duration":1,"startTime":"2022-10-13T18:56:22.106-04:00[America/New_York]","result":"SKIPPED","precondition":false,"level":0}],"userStory":{"id":"verify-the-membership-shows-correct-expire-date","storyName":"Verify-the-membership-shows-correct-expire-date","path":"file:///C:/Users/CodeAutomation/Desktop/ACSM/ASCM_Automation/src/test/resources/AllTestCases/BrainTree/Memberships/AnnualMembership/VerifyMembershipShowsCorrectExpiryDate.feature","type":"feature"},"featureTag":{"name":"Annual membership/Verify-the-membership-shows-correct-expire-date","type":"feature","displayName":"Annual membership/Verify-the-membership-shows-correct-expire-date"},"title":"Verify-the-membership-shows-correct-expire-date","description":"","startTime":"2022-10-13T18:53:25.417-04:00[America/New_York]","duration":176692,"testFailureCause":{"errorType":"org.openqa.selenium.NoSuchElementException","message":"no such element: Unable to locate element: {\"method\":\"xpath\",\"selector\":\"//h3[text()\u003d\u0027Membership Info\u0027]//parent::div//div[contains(text(),\u0027Annual\u0027)]\"}\n  (Session info: chrome\u003d106.0.5249.119)\nFor documentation on this error, please visit: https://www.seleniumhq.org/exceptions/no_such_element.html\nBuild info: version: \u00273.141.59\u0027, revision: \u0027e82be7d358\u0027, time: \u00272018-11-14T08:17:03\u0027\nSystem info: host: \u0027OK92\u0027, ip: \u0027192.168.1.11\u0027, os.name: \u0027Windows 10\u0027, os.arch: \u0027amd64\u0027, os.version: \u002710.0\u0027, java.version: \u00271.8.0_281\u0027\nDriver info: org.openqa.selenium.chrome.ChromeDriver\nCapabilities {acceptInsecureCerts: false, browserName: chrome, browserVersion: 106.0.5249.119, chrome: {chromedriverVersion: 106.0.5249.61 (511755355844..., userDataDir: C:\\Users\\CODEAU~1\\AppData\\L...}, goog:chromeOptions: {debuggerAddress: localhost:61404}, javascriptEnabled: true, networkConnectionEnabled: false, pageLoadStrategy: normal, platform: WINDOWS, platformName: WINDOWS, proxy: Proxy(), setWindowRect: true, strictFileInteractability: false, timeouts: {implicit: 0, pageLoad: 300000, script: 30000}, unhandledPromptBehavior: dismiss and notify, webauthn:extension:credBlob: true, webauthn:extension:largeBlob: true, webauthn:virtualAuthenticators: true}\nSession ID: b2d528902e4b59599397be85467354d7\n*** Element info: {Using\u003dxpath, value\u003d//h3[text()\u003d\u0027Membership Info\u0027]//parent::div//div[contains(text(),\u0027Annual\u0027)]}","stackTrace":[{"declaringClass":"com.ascm.pages.MembershipPage","methodName":"verifyMembershipVisible","fileName":"MembershipPage.java","lineNumber":295},{"declaringClass":"com.test.suite.testSteps.MembershipSteps","methodName":"verifyMembershipVisible","fileName":"MembershipSteps.java","lineNumber":88},{"declaringClass":"com.test.suite.stepDefination.MembershipStepDefs","methodName":"verifyMembershipVisible","fileName":"MembershipStepDefs.java","lineNumber":88},{"declaringClass":"io.cucumber.java.Invoker","methodName":"doInvoke","fileName":"Invoker.java","lineNumber":66},{"declaringClass":"io.cucumber.java.Invoker","methodName":"invoke","fileName":"Invoker.java","lineNumber":24},{"declaringClass":"io.cucumber.java.AbstractGlueDefinition","methodName":"invokeMethod","fileName":"AbstractGlueDefinition.java","lineNumber":47},{"declaringClass":"io.cucumber.java.JavaStepDefinition","methodName":"execute","fileName":"JavaStepDefinition.java","lineNumber":29},{"declaringClass":"io.cucumber.core.runner.CoreStepDefinition","methodName":"execute","fileName":"CoreStepDefinition.java","lineNumber":66},{"declaringClass":"io.cucumber.core.runner.PickleStepDefinitionMatch","methodName":"runStep","fileName":"PickleStepDefinitionMatch.java","lineNumber":63},{"declaringClass":"io.cucumber.core.runner.TestStep","methodName":"executeStep","fileName":"TestStep.java","lineNumber":92},{"declaringClass":"io.cucumber.core.runner.TestStep","methodName":"run","fileName":"TestStep.java","lineNumber":64},{"declaringClass":"io.cucumber.core.runner.PickleStepTestStep","methodName":"run","fileName":"PickleStepTestStep.java","lineNumber":51},{"declaringClass":"io.cucumber.core.runner.TestCase","methodName":"run","fileName":"TestCase.java","lineNumber":104},{"declaringClass":"io.cucumber.core.runner.Runner","methodName":"runPickle","fileName":"Runner.java","lineNumber":73},{"declaringClass":"io.cucumber.junit.FeatureRunner","methodName":"runChild","fileName":"FeatureRunner.java","lineNumber":135},{"declaringClass":"io.cucumber.junit.FeatureRunner","methodName":"runChild","fileName":"FeatureRunner.java","lineNumber":27},{"declaringClass":"io.cucumber.junit.CucumberSerenityRunner","methodName":"runChild","fileName":"CucumberSerenityRunner.java","lineNumber":258},{"declaringClass":"io.cucumber.junit.CucumberSerenityRunner","methodName":"runChild","fileName":"CucumberSerenityRunner.java","lineNumber":57}]},"testFailureClassname":"org.openqa.selenium.NoSuchElementException","testFailureMessage":"no such element: Unable to locate element: {\"method\":\"xpath\",\"selector\":\"//h3[text()\u003d\u0027Membership Info\u0027]//parent::div//div[contains(text(),\u0027Annual\u0027)]\"}\n  (Session info: chrome\u003d106.0.5249.119)\nFor documentation on this error, please visit: https://www.seleniumhq.org/exceptions/no_such_element.html\nBuild info: version: \u00273.141.59\u0027, revision: \u0027e82be7d358\u0027, time: \u00272018-11-14T08:17:03\u0027\nSystem info: host: \u0027OK92\u0027, ip: \u0027192.168.1.11\u0027, os.name: \u0027Windows 10\u0027, os.arch: \u0027amd64\u0027, os.version: \u002710.0\u0027, java.version: \u00271.8.0_281\u0027\nDriver info: org.openqa.selenium.chrome.ChromeDriver\nCapabilities {acceptInsecureCerts: false, browserName: chrome, browserVersion: 106.0.5249.119, chrome: {chromedriverVersion: 106.0.5249.61 (511755355844..., userDataDir: C:\\Users\\CODEAU~1\\AppData\\L...}, goog:chromeOptions: {debuggerAddress: localhost:61404}, javascriptEnabled: true, networkConnectionEnabled: false, pageLoadStrategy: normal, platform: WINDOWS, platformName: WINDOWS, proxy: Proxy(), setWindowRect: true, strictFileInteractability: false, timeouts: {implicit: 0, pageLoad: 300000, script: 30000}, unhandledPromptBehavior: dismiss and notify, webauthn:extension:credBlob: true, webauthn:extension:largeBlob: true, webauthn:virtualAuthenticators: true}\nSession ID: b2d528902e4b59599397be85467354d7\n*** Element info: {Using\u003dxpath, value\u003d//h3[text()\u003d\u0027Membership Info\u0027]//parent::div//div[contains(text(),\u0027Annual\u0027)]}","testFailureSummary":"ERROR;org.openqa.selenium.NoSuchElementException;no such element: Unable to locate element: {\"method\":\"xpath\",\"selector\":\"//h3[text()\u003d\u0027Membership Info\u0027]//parent::div//div[contains(text(),\u0027Annual\u0027)]\"}\n  (Session info: chrome\u003d106.0.5249.119)\nFor documentation on this error, please visit: https://www.seleniumhq.org/exceptions/no_such_element.html\nBuild info: version: \u00273.141.59\u0027, revision: \u0027e82be7d358\u0027, time: \u00272018-11-14T08:17:03\u0027\nSystem info: host: \u0027OK92\u0027, ip: \u0027192.168.1.11\u0027, os.name: \u0027Windows 10\u0027, os.arch: \u0027amd64\u0027, os.version: \u002710.0\u0027, java.version: \u00271.8.0_281\u0027\nDriver info: org.openqa.selenium.chrome.ChromeDriver\nCapabilities {acceptInsecureCerts: false, browserName: chrome, browserVersion: 106.0.5249.119, chrome: {chromedriverVersion: 106.0.5249.61 (511755355844..., userDataDir: C:\\Users\\CODEAU~1\\AppData\\L...}, goog:chromeOptions: {debuggerAddress: localhost:61404}, javascriptEnabled: true, networkConnectionEnabled: false, pageLoadStrategy: normal, platform: WINDOWS, platformName: WINDOWS, proxy: Proxy(), setWindowRect: true, strictFileInteractability: false, timeouts: {implicit: 0, pageLoad: 300000, script: 30000}, unhandledPromptBehavior: dismiss and notify, webauthn:extension:credBlob: true, webauthn:extension:largeBlob: true, webauthn:virtualAuthenticators: true}\nSession ID: b2d528902e4b59599397be85467354d7\n*** Element info: {Using\u003dxpath, value\u003d//h3[text()\u003d\u0027Membership Info\u0027]//parent::div//div[contains(text(),\u0027Annual\u0027)]};MembershipPage.java","projectKey":"","annotatedResult":"ERROR","sessionId":"b2d528902e4b59599397be85467354d7","driver":"chrome","isManualTestingUpToDate":false,"manual":false,"testSource":"Cucumber","result":"ERROR"}