{"name":"CLTD-Bundle-with-login-BrainTree-PP","id":"cltd-bundle-with-login-braintree-pp;cltd-bundle-with-login-braintree-pp","testSteps":[{"number":1,"description":"Given Launch Create Account","duration":11397,"startTime":"2022-10-13T12:33:43.655-04:00[America/New_York]","result":"SUCCESS","precondition":false,"level":0,"children":[{"number":2,"description":"Launch create account step","duration":11388,"startTime":"2022-10-13T12:33:43.663-04:00[America/New_York]","result":"SUCCESS","precondition":false,"level":1}]},{"number":3,"description":"Then Click on OK button for cookie","duration":65609,"startTime":"2022-10-13T12:33:55.053-04:00[America/New_York]","result":"SUCCESS","precondition":false,"level":0,"children":[{"number":4,"description":"Click on cookie step","duration":65602,"startTime":"2022-10-13T12:33:55.058-04:00[America/New_York]","result":"SUCCESS","precondition":false,"level":1}]},{"number":5,"description":"Then Enter New Email \"email\"","duration":458,"startTime":"2022-10-13T12:35:00.663-04:00[America/New_York]","result":"SUCCESS","precondition":false,"level":0,"children":[{"number":6,"description":"Enter email: Automation1665678900664@gmail.com","duration":456,"startTime":"2022-10-13T12:35:00.664-04:00[America/New_York]","result":"SUCCESS","precondition":false,"level":1}]},{"number":7,"description":"Then Enter New Password \"Testing1\"","duration":405,"startTime":"2022-10-13T12:35:01.122-04:00[America/New_York]","result":"SUCCESS","precondition":false,"level":0,"children":[{"number":8,"description":"Enter password: Testing1","duration":402,"startTime":"2022-10-13T12:35:01.123-04:00[America/New_York]","result":"SUCCESS","precondition":false,"level":1}]},{"number":9,"description":"Then Enter First Name \"Automation\"","duration":373,"startTime":"2022-10-13T12:35:01.528-04:00[America/New_York]","result":"SUCCESS","precondition":false,"level":0,"children":[{"number":10,"description":"Enter first name: Automation","duration":371,"startTime":"2022-10-13T12:35:01.529-04:00[America/New_York]","result":"SUCCESS","precondition":false,"level":1}]},{"number":11,"description":"Then Enter Last Name \"qa\"","duration":382,"startTime":"2022-10-13T12:35:01.902-04:00[America/New_York]","result":"SUCCESS","precondition":false,"level":0,"children":[{"number":12,"description":"Enter last name: qa","duration":379,"startTime":"2022-10-13T12:35:01.903-04:00[America/New_York]","result":"SUCCESS","precondition":false,"level":1}]},{"number":13,"description":"Then Click Ceck Term","duration":60312,"startTime":"2022-10-13T12:35:02.285-04:00[America/New_York]","result":"SUCCESS","precondition":false,"level":0,"children":[{"number":14,"description":"Click check term","duration":60308,"startTime":"2022-10-13T12:35:02.286-04:00[America/New_York]","result":"SUCCESS","precondition":false,"level":1}]},{"number":15,"description":"Then Enter Job Title \"QA\"","duration":422,"startTime":"2022-10-13T12:36:02.598-04:00[America/New_York]","result":"SUCCESS","precondition":false,"level":0,"children":[{"number":16,"description":"Enter job title: QA","duration":419,"startTime":"2022-10-13T12:36:02.600-04:00[America/New_York]","result":"SUCCESS","precondition":false,"level":1}]},{"number":17,"description":"Then Click Submit","duration":30430,"startTime":"2022-10-13T12:36:03.020-04:00[America/New_York]","result":"SUCCESS","precondition":false,"level":0,"children":[{"number":18,"description":"Click submit button step","duration":30426,"startTime":"2022-10-13T12:36:03.022-04:00[America/New_York]","result":"SUCCESS","precondition":false,"level":1}]},{"number":19,"description":"Then Click Login Button","duration":9055,"startTime":"2022-10-13T12:36:33.451-04:00[America/New_York]","result":"SUCCESS","precondition":false,"level":0,"children":[{"number":20,"description":"Click log in button","duration":9052,"startTime":"2022-10-13T12:36:33.452-04:00[America/New_York]","result":"SUCCESS","precondition":false,"level":1}]},{"number":21,"description":"Then Enter username \"email\"","duration":407,"startTime":"2022-10-13T12:36:42.507-04:00[America/New_York]","result":"SUCCESS","precondition":false,"level":0,"children":[{"number":22,"description":"Enter user name step: Automation1665678900664@gmail.com","duration":404,"startTime":"2022-10-13T12:36:42.509-04:00[America/New_York]","result":"SUCCESS","precondition":false,"level":1}]},{"number":23,"description":"Then Enter password \"Testing1\"","duration":363,"startTime":"2022-10-13T12:36:42.915-04:00[America/New_York]","result":"SUCCESS","precondition":false,"level":0,"children":[{"number":24,"description":"Enter password step: Testing1","duration":358,"startTime":"2022-10-13T12:36:42.918-04:00[America/New_York]","result":"SUCCESS","precondition":false,"level":1}]},{"number":25,"description":"And Click submit","duration":14257,"startTime":"2022-10-13T12:36:43.279-04:00[America/New_York]","result":"SUCCESS","precondition":false,"level":0,"children":[{"number":26,"description":"Click submit button step","duration":14255,"startTime":"2022-10-13T12:36:43.280-04:00[America/New_York]","result":"SUCCESS","precondition":false,"level":1}]},{"number":27,"description":"Then Click Learning And Development Top Navigation","duration":5171,"startTime":"2022-10-13T12:36:57.537-04:00[America/New_York]","result":"SUCCESS","precondition":false,"level":0,"children":[{"number":28,"description":"Click learning and development top navigation","duration":5164,"startTime":"2022-10-13T12:36:57.542-04:00[America/New_York]","result":"SUCCESS","precondition":false,"level":1}]},{"number":29,"description":"Then Click CLTD","duration":31520,"startTime":"2022-10-13T12:37:02.709-04:00[America/New_York]","result":"SUCCESS","precondition":false,"level":0,"children":[{"number":30,"description":"Click CLTD","duration":31517,"startTime":"2022-10-13T12:37:02.710-04:00[America/New_York]","result":"SUCCESS","precondition":false,"level":1}]},{"number":31,"description":"Then Click Bundle Add To Card","duration":136,"startTime":"2022-10-13T12:37:34.230-04:00[America/New_York]","result":"SUCCESS","precondition":false,"level":0,"children":[{"number":32,"description":"Click bundle add to card exam button","duration":134,"startTime":"2022-10-13T12:37:34.231-04:00[America/New_York]","result":"SUCCESS","precondition":false,"level":1}]},{"number":33,"description":"Then select Country","duration":3317,"startTime":"2022-10-13T12:37:34.366-04:00[America/New_York]","result":"SUCCESS","precondition":false,"level":0,"children":[{"number":34,"description":"Select bundle coutry: United States","duration":3315,"startTime":"2022-10-13T12:37:34.367-04:00[America/New_York]","result":"SUCCESS","precondition":false,"level":1}]},{"number":35,"description":"Then Enter Post Code","duration":404,"startTime":"2022-10-13T12:37:37.684-04:00[America/New_York]","result":"SUCCESS","precondition":false,"level":0,"children":[{"number":36,"description":"Enter bundle post code: 60631","duration":401,"startTime":"2022-10-13T12:37:37.685-04:00[America/New_York]","result":"SUCCESS","precondition":false,"level":1}]},{"number":37,"description":"Then Search Postal Code","duration":3117,"startTime":"2022-10-13T12:37:38.089-04:00[America/New_York]","result":"SUCCESS","precondition":false,"level":0,"children":[{"number":38,"description":"Click search bundle code","duration":3114,"startTime":"2022-10-13T12:37:38.091-04:00[America/New_York]","result":"SUCCESS","precondition":false,"level":1}]},{"number":39,"description":"Then Select Item","duration":6363,"startTime":"2022-10-13T12:37:41.207-04:00[America/New_York]","result":"SUCCESS","precondition":false,"level":0,"children":[{"number":40,"description":"Click search bundle","duration":6358,"startTime":"2022-10-13T12:37:41.209-04:00[America/New_York]","result":"SUCCESS","precondition":false,"level":1}]},{"number":41,"description":"Then Add Selected Item","duration":454,"startTime":"2022-10-13T12:37:47.571-04:00[America/New_York]","result":"SUCCESS","precondition":false,"level":0,"children":[{"number":42,"description":"Click add selected button","duration":451,"startTime":"2022-10-13T12:37:47.573-04:00[America/New_York]","result":"SUCCESS","precondition":false,"level":1}]},{"number":43,"description":"Then Click Bundle Aggress Button","duration":108,"startTime":"2022-10-13T12:37:48.026-04:00[America/New_York]","result":"SUCCESS","precondition":false,"level":0,"children":[{"number":44,"description":"Click aggress button","duration":106,"startTime":"2022-10-13T12:37:48.027-04:00[America/New_York]","result":"SUCCESS","precondition":false,"level":1}]},{"number":45,"description":"Then Click Proceed to Continue button","duration":24333,"startTime":"2022-10-13T12:37:48.135-04:00[America/New_York]","result":"SUCCESS","precondition":false,"level":0,"children":[{"number":46,"description":"Click proceed to check out button step","duration":24325,"startTime":"2022-10-13T12:37:48.141-04:00[America/New_York]","result":"SUCCESS","precondition":false,"level":1}]},{"number":47,"description":"Then click Work Address Radio Button","duration":184876,"startTime":"2022-10-13T12:38:12.469-04:00[America/New_York]","result":"SUCCESS","precondition":false,"level":0,"children":[{"number":48,"description":"Click work address readio button","duration":181862,"startTime":"2022-10-13T12:38:15.480-04:00[America/New_York]","result":"SUCCESS","precondition":false,"level":1}]},{"number":49,"description":"Then Fill in the following For Address\r\n| Field | Value |\r\n| country | USA |\r\n| company | CC |\r\n| streetAddress | 8430 W Bryn Mawr Ave |\r\n| City | Chicago |\r\n| State | IL |\r\n| postalCode | 60631 |\r\n| CountryType | Work |\r\n| Country Code | 1 |\r\n| Area Code | 452 |\r\n| Phone Number | 3667788 |","duration":16996,"startTime":"2022-10-13T12:41:17.346-04:00[America/New_York]","result":"SUCCESS","precondition":false,"level":0,"children":[{"number":50,"description":"Select country step: USA","duration":6292,"startTime":"2022-10-13T12:41:17.346-04:00[America/New_York]","result":"SUCCESS","precondition":false,"level":1},{"number":51,"description":"Enter company: CC","duration":5762,"startTime":"2022-10-13T12:41:23.639-04:00[America/New_York]","result":"SUCCESS","precondition":false,"level":1},{"number":52,"description":"Enter mailing address line1 step: 8430 W Bryn Mawr Ave","duration":2475,"startTime":"2022-10-13T12:41:29.401-04:00[America/New_York]","result":"SUCCESS","precondition":false,"level":1},{"number":53,"description":"Enter mailingcity step: Chicago","duration":421,"startTime":"2022-10-13T12:41:31.876-04:00[America/New_York]","result":"SUCCESS","precondition":false,"level":1},{"number":54,"description":"Enter mailing state step: IL","duration":367,"startTime":"2022-10-13T12:41:32.297-04:00[America/New_York]","result":"SUCCESS","precondition":false,"level":1},{"number":55,"description":"Enter maililing zip code step: 60631","duration":393,"startTime":"2022-10-13T12:41:32.664-04:00[America/New_York]","result":"SUCCESS","precondition":false,"level":1},{"number":56,"description":"Select country type: Work","duration":228,"startTime":"2022-10-13T12:41:33.057-04:00[America/New_York]","result":"SUCCESS","precondition":false,"level":1},{"number":57,"description":"Select country area code: 1","duration":233,"startTime":"2022-10-13T12:41:33.286-04:00[America/New_York]","result":"SUCCESS","precondition":false,"level":1},{"number":58,"description":"Enter area code: 452","duration":411,"startTime":"2022-10-13T12:41:33.520-04:00[America/New_York]","result":"SUCCESS","precondition":false,"level":1},{"number":59,"description":"Enter phone number: 3667788","duration":410,"startTime":"2022-10-13T12:41:33.931-04:00[America/New_York]","result":"SUCCESS","precondition":false,"level":1}]},{"number":60,"description":"Then Click Shipping Method","duration":197,"startTime":"2022-10-13T12:41:34.343-04:00[America/New_York]","result":"SUCCESS","precondition":false,"level":0,"children":[{"number":61,"description":"Click shipping method radio button step","duration":194,"startTime":"2022-10-13T12:41:34.344-04:00[America/New_York]","result":"SUCCESS","precondition":false,"level":1}]},{"number":62,"description":"Then Click Next Payment Information button","duration":138466,"startTime":"2022-10-13T12:41:34.540-04:00[America/New_York]","result":"SUCCESS","precondition":false,"level":0,"children":[{"number":63,"description":"Click continue button step","duration":138464,"startTime":"2022-10-13T12:41:34.541-04:00[America/New_York]","result":"SUCCESS","precondition":false,"level":1}]},{"number":64,"description":"Then Click same as billing button","duration":122,"startTime":"2022-10-13T12:43:53.007-04:00[America/New_York]","result":"SUCCESS","precondition":false,"level":0,"children":[{"number":65,"description":"Click same as billing button step","duration":119,"startTime":"2022-10-13T12:43:53.008-04:00[America/New_York]","result":"SUCCESS","precondition":false,"level":1}]},{"number":66,"description":"Then Choose a \"PayPal\" brain tree plan to pay","duration":57634,"startTime":"2022-10-13T12:43:53.129-04:00[America/New_York]","result":"SUCCESS","precondition":false,"level":0,"children":[{"number":67,"description":"Chooseawaytopay: PayPal","duration":57630,"startTime":"2022-10-13T12:43:53.131-04:00[America/New_York]","result":"SUCCESS","precondition":false,"level":1}]},{"number":68,"description":"Then Click Next Review button","duration":125792,"startTime":"2022-10-13T12:44:50.763-04:00[America/New_York]","result":"SUCCESS","precondition":false,"level":0,"children":[{"number":69,"description":"Click next reviw button step","duration":125787,"startTime":"2022-10-13T12:44:50.765-04:00[America/New_York]","result":"SUCCESS","precondition":false,"level":1}]},{"number":70,"description":"Then Click Place Order button","duration":5231,"startTime":"2022-10-13T12:46:56.555-04:00[America/New_York]","result":"SUCCESS","precondition":false,"level":0,"children":[{"number":71,"description":"Click place order button step","duration":5226,"startTime":"2022-10-13T12:46:56.557-04:00[America/New_York]","result":"SUCCESS","precondition":false,"level":1}]},{"number":72,"description":"Then Get ReferenceCode","duration":29580,"startTime":"2022-10-13T12:47:01.787-04:00[America/New_York]","result":"SUCCESS","precondition":false,"level":0,"children":[{"number":73,"description":"Get reference code","duration":29574,"startTime":"2022-10-13T12:47:01.789-04:00[America/New_York]","result":"SUCCESS","reportData":[{"title":"Reference Code","contents":"Reference Code: PO2218714666","isEvidence":false,"id":"report-data-065ba692-9fe4-4879-8e69-46fdd8ef1ba0"}],"precondition":false,"level":1}]}],"userStory":{"id":"cltd-bundle-with-login-braintree-pp","storyName":"CLTD-Bundle-with-login-BrainTree-PP","path":"file:///C:/Users/CodeAutomation/Desktop/ACSM/ASCM_Automation/src/test/resources/AllTestCases/BrainTree/BundlePurchase/BundlePurchaseWithLoginWithBrainTreePaypal/CLTDBundlePurchaseWithLoginBTPP.feature","type":"feature"},"featureTag":{"name":"Bundle purchase with login with brain tree paypal/CLTD-Bundle-with-login-BrainTree-PP","type":"feature","displayName":"Bundle purchase with login with brain tree paypal/CLTD-Bundle-with-login-BrainTree-PP"},"title":"Cltd- bundle-with-login- brain Tree-PP","description":"","startTime":"2022-10-13T12:33:43.653-04:00[America/New_York]","duration":827716,"projectKey":"","sessionId":"360bed0472ddff41dc5749aaf79bc94b","driver":"chrome","isManualTestingUpToDate":false,"manual":false,"testSource":"Cucumber","result":"SUCCESS"}