{"name":"Regular-Membership-with-login","id":"regular-membership-with-login;regular-membership-with-login","testSteps":[{"number":1,"description":"Given Launch Create Account","duration":11629,"startTime":"2022-10-13T14:45:47.910-04:00[America/New_York]","result":"SUCCESS","precondition":false,"level":0,"children":[{"number":2,"description":"Launch create account step","duration":11623,"startTime":"2022-10-13T14:45:47.915-04:00[America/New_York]","result":"SUCCESS","precondition":false,"level":1}]},{"number":3,"description":"Then Click on OK button for cookie","duration":65309,"startTime":"2022-10-13T14:45:59.540-04:00[America/New_York]","result":"SUCCESS","precondition":false,"level":0,"children":[{"number":4,"description":"Click on cookie step","duration":65303,"startTime":"2022-10-13T14:45:59.544-04:00[America/New_York]","result":"SUCCESS","precondition":false,"level":1}]},{"number":5,"description":"Then Enter New Email \"email\"","duration":409,"startTime":"2022-10-13T14:47:04.849-04:00[America/New_York]","result":"SUCCESS","precondition":false,"level":0,"children":[{"number":6,"description":"Enter email: Automation1665686824850@gmail.com","duration":407,"startTime":"2022-10-13T14:47:04.850-04:00[America/New_York]","result":"SUCCESS","precondition":false,"level":1}]},{"number":7,"description":"Then Enter New Password \"Testing1\"","duration":394,"startTime":"2022-10-13T14:47:05.258-04:00[America/New_York]","result":"SUCCESS","precondition":false,"level":0,"children":[{"number":8,"description":"Enter password: Testing1","duration":391,"startTime":"2022-10-13T14:47:05.259-04:00[America/New_York]","result":"SUCCESS","precondition":false,"level":1}]},{"number":9,"description":"Then Enter First Name \"Automation\"","duration":375,"startTime":"2022-10-13T14:47:05.652-04:00[America/New_York]","result":"SUCCESS","precondition":false,"level":0,"children":[{"number":10,"description":"Enter first name: Automation","duration":373,"startTime":"2022-10-13T14:47:05.653-04:00[America/New_York]","result":"SUCCESS","precondition":false,"level":1}]},{"number":11,"description":"Then Enter Last Name \"qa\"","duration":364,"startTime":"2022-10-13T14:47:06.028-04:00[America/New_York]","result":"SUCCESS","precondition":false,"level":0,"children":[{"number":12,"description":"Enter last name: qa","duration":362,"startTime":"2022-10-13T14:47:06.029-04:00[America/New_York]","result":"SUCCESS","precondition":false,"level":1}]},{"number":13,"description":"Then Click Ceck Term","duration":60332,"startTime":"2022-10-13T14:47:06.393-04:00[America/New_York]","result":"SUCCESS","precondition":false,"level":0,"children":[{"number":14,"description":"Click check term","duration":60324,"startTime":"2022-10-13T14:47:06.394-04:00[America/New_York]","result":"SUCCESS","precondition":false,"level":1}]},{"number":15,"description":"Then Enter Job Title \"QA\"","duration":416,"startTime":"2022-10-13T14:48:06.726-04:00[America/New_York]","result":"SUCCESS","precondition":false,"level":0,"children":[{"number":16,"description":"Enter job title: QA","duration":412,"startTime":"2022-10-13T14:48:06.729-04:00[America/New_York]","result":"SUCCESS","precondition":false,"level":1}]},{"number":17,"description":"Then Click Submit","duration":30261,"startTime":"2022-10-13T14:48:07.143-04:00[America/New_York]","result":"SUCCESS","precondition":false,"level":0,"children":[{"number":18,"description":"Click submit button step","duration":30259,"startTime":"2022-10-13T14:48:07.143-04:00[America/New_York]","result":"SUCCESS","precondition":false,"level":1}]},{"number":19,"description":"Then Click Login Button","duration":9240,"startTime":"2022-10-13T14:48:37.405-04:00[America/New_York]","result":"SUCCESS","precondition":false,"level":0,"children":[{"number":20,"description":"Click log in button","duration":9237,"startTime":"2022-10-13T14:48:37.406-04:00[America/New_York]","result":"SUCCESS","precondition":false,"level":1}]},{"number":21,"description":"Then Enter username \"email\"","duration":418,"startTime":"2022-10-13T14:48:46.646-04:00[America/New_York]","result":"SUCCESS","precondition":false,"level":0,"children":[{"number":22,"description":"Enter user name step: Automation1665686824850@gmail.com","duration":416,"startTime":"2022-10-13T14:48:46.647-04:00[America/New_York]","result":"SUCCESS","precondition":false,"level":1}]},{"number":23,"description":"Then Enter password \"Testing1\"","duration":371,"startTime":"2022-10-13T14:48:47.064-04:00[America/New_York]","result":"SUCCESS","precondition":false,"level":0,"children":[{"number":24,"description":"Enter password step: Testing1","duration":369,"startTime":"2022-10-13T14:48:47.065-04:00[America/New_York]","result":"SUCCESS","precondition":false,"level":1}]},{"number":25,"description":"And Click submit","duration":17130,"startTime":"2022-10-13T14:48:47.435-04:00[America/New_York]","result":"SUCCESS","precondition":false,"level":0,"children":[{"number":26,"description":"Click submit button step","duration":17127,"startTime":"2022-10-13T14:48:47.436-04:00[America/New_York]","result":"SUCCESS","precondition":false,"level":1}]},{"number":27,"description":"Then Go to Cart","duration":2599,"startTime":"2022-10-13T14:49:04.565-04:00[America/New_York]","result":"SUCCESS","precondition":false,"level":0,"children":[{"number":28,"description":"Go cart page step","duration":2594,"startTime":"2022-10-13T14:49:04.569-04:00[America/New_York]","result":"SUCCESS","precondition":false,"level":1}]},{"number":29,"description":"Then Empty The Cart","duration":30039,"startTime":"2022-10-13T14:49:07.165-04:00[America/New_York]","result":"SUCCESS","precondition":false,"level":0,"children":[{"number":30,"description":"Delete all existing orders","duration":30036,"startTime":"2022-10-13T14:49:07.166-04:00[America/New_York]","result":"SUCCESS","precondition":false,"level":1}]},{"number":31,"description":"Then Go to Membership Page","duration":5300,"startTime":"2022-10-13T14:49:37.204-04:00[America/New_York]","result":"SUCCESS","precondition":false,"level":0,"children":[{"number":32,"description":"Go membership page step","duration":5298,"startTime":"2022-10-13T14:49:37.205-04:00[America/New_York]","result":"SUCCESS","precondition":false,"level":1}]},{"number":33,"description":"Then Click Become a Memeber","duration":5128,"startTime":"2022-10-13T14:49:42.504-04:00[America/New_York]","result":"SUCCESS","precondition":false,"level":0,"children":[{"number":34,"description":"Click on become a member","duration":5126,"startTime":"2022-10-13T14:49:42.505-04:00[America/New_York]","result":"SUCCESS","precondition":false,"level":1}]},{"number":35,"description":"Then Click Agreement Checkbox","duration":3113,"startTime":"2022-10-13T14:49:47.633-04:00[America/New_York]","result":"SUCCESS","precondition":false,"level":0,"children":[{"number":36,"description":"Click agreement checkbox step","duration":3110,"startTime":"2022-10-13T14:49:47.634-04:00[America/New_York]","result":"SUCCESS","precondition":false,"level":1}]},{"number":37,"description":"Then Click Add To Cart button","duration":3404,"startTime":"2022-10-13T14:49:50.746-04:00[America/New_York]","result":"SUCCESS","precondition":false,"level":0,"children":[{"number":38,"description":"Click add to cart button step","duration":3402,"startTime":"2022-10-13T14:49:50.747-04:00[America/New_York]","result":"SUCCESS","precondition":false,"level":1}]},{"number":39,"description":"Then Select Membership Discount Country","duration":3382,"startTime":"2022-10-13T14:49:54.151-04:00[America/New_York]","result":"SUCCESS","precondition":false,"level":0,"children":[{"number":40,"description":"Select country: United States","duration":3379,"startTime":"2022-10-13T14:49:54.152-04:00[America/New_York]","result":"SUCCESS","precondition":false,"level":1}]},{"number":41,"description":"Then Enter Membership Postal Code","duration":413,"startTime":"2022-10-13T14:49:57.533-04:00[America/New_York]","result":"SUCCESS","precondition":false,"level":0,"children":[{"number":42,"description":"Enter membership postal code","duration":410,"startTime":"2022-10-13T14:49:57.535-04:00[America/New_York]","result":"SUCCESS","precondition":false,"level":1}]},{"number":43,"description":"Then Click On Search Chapter Button","duration":114,"startTime":"2022-10-13T14:49:57.946-04:00[America/New_York]","result":"SUCCESS","precondition":false,"level":0,"children":[{"number":44,"description":"Click on search chapter button","duration":111,"startTime":"2022-10-13T14:49:57.947-04:00[America/New_York]","result":"SUCCESS","precondition":false,"level":1}]},{"number":45,"description":"Then Select Item","duration":6299,"startTime":"2022-10-13T14:49:58.061-04:00[America/New_York]","result":"SUCCESS","precondition":false,"level":0,"children":[{"number":46,"description":"Click search bundle","duration":6292,"startTime":"2022-10-13T14:49:58.066-04:00[America/New_York]","result":"SUCCESS","precondition":false,"level":1}]},{"number":47,"description":"Then Add Selected Item","duration":364,"startTime":"2022-10-13T14:50:04.361-04:00[America/New_York]","result":"SUCCESS","precondition":false,"level":0,"children":[{"number":48,"description":"Click add selected button","duration":361,"startTime":"2022-10-13T14:50:04.363-04:00[America/New_York]","result":"SUCCESS","precondition":false,"level":1}]},{"number":49,"description":"Then Click Proceed to Continue button","duration":14641,"startTime":"2022-10-13T14:50:04.726-04:00[America/New_York]","result":"SUCCESS","precondition":false,"level":0,"children":[{"number":50,"description":"Click proceed to check out button step","duration":14634,"startTime":"2022-10-13T14:50:04.731-04:00[America/New_York]","result":"SUCCESS","precondition":false,"level":1}]},{"number":51,"description":"Then click Work Address Radio Button","duration":184674,"startTime":"2022-10-13T14:50:19.368-04:00[America/New_York]","result":"SUCCESS","precondition":false,"level":0,"children":[{"number":52,"description":"Click work address readio button","duration":181667,"startTime":"2022-10-13T14:50:22.373-04:00[America/New_York]","result":"SUCCESS","precondition":false,"level":1}]},{"number":53,"description":"Then Fill in the following fields for international mailing section\r\n| Field | Value |\r\n| company | mailing_company |\r\n| streetAddress | mailing_address |\r\n| City | mailing_city |\r\n| State | mailing_state |\r\n| postalCode | mailing_postal_code |\r\n| CountryType | mailing_country_type |\r\n| Country Code | mailing_country_code |\r\n| Area Code | mailing_area_code |\r\n| Phone Number | mailing_phone_no |","duration":10604,"startTime":"2022-10-13T14:53:24.043-04:00[America/New_York]","result":"SUCCESS","precondition":false,"level":0,"children":[{"number":54,"description":"Enter company: CC","duration":5680,"startTime":"2022-10-13T14:53:24.044-04:00[America/New_York]","result":"SUCCESS","precondition":false,"level":1},{"number":55,"description":"Enter mailing address line1 step: 8430 W Bryn Mawr Ave","duration":2425,"startTime":"2022-10-13T14:53:29.724-04:00[America/New_York]","result":"SUCCESS","precondition":false,"level":1},{"number":56,"description":"Enter mailingcity step: Chicago","duration":386,"startTime":"2022-10-13T14:53:32.150-04:00[America/New_York]","result":"SUCCESS","precondition":false,"level":1},{"number":57,"description":"Enter mailing state step: IL","duration":366,"startTime":"2022-10-13T14:53:32.536-04:00[America/New_York]","result":"SUCCESS","precondition":false,"level":1},{"number":58,"description":"Enter maililing zip code step: 60631","duration":399,"startTime":"2022-10-13T14:53:32.902-04:00[America/New_York]","result":"SUCCESS","precondition":false,"level":1},{"number":59,"description":"Select country type: Work","duration":256,"startTime":"2022-10-13T14:53:33.301-04:00[America/New_York]","result":"SUCCESS","precondition":false,"level":1},{"number":60,"description":"Select country area code: 1","duration":248,"startTime":"2022-10-13T14:53:33.557-04:00[America/New_York]","result":"SUCCESS","precondition":false,"level":1},{"number":61,"description":"Enter area code: 773","duration":404,"startTime":"2022-10-13T14:53:33.806-04:00[America/New_York]","result":"SUCCESS","precondition":false,"level":1},{"number":62,"description":"Enter phone number: 7647422","duration":435,"startTime":"2022-10-13T14:53:34.210-04:00[America/New_York]","result":"SUCCESS","precondition":false,"level":1}]},{"number":63,"description":"Then Click Next Payment Information button","duration":139747,"startTime":"2022-10-13T14:53:34.647-04:00[America/New_York]","result":"SUCCESS","precondition":false,"level":0,"children":[{"number":64,"description":"Click continue button step","duration":139740,"startTime":"2022-10-13T14:53:34.648-04:00[America/New_York]","result":"SUCCESS","precondition":false,"level":1}]},{"number":65,"description":"Then Click same as billing button","duration":177,"startTime":"2022-10-13T14:55:54.396-04:00[America/New_York]","result":"SUCCESS","precondition":false,"level":0,"children":[{"number":66,"description":"Click same as billing button step","duration":174,"startTime":"2022-10-13T14:55:54.398-04:00[America/New_York]","result":"SUCCESS","precondition":false,"level":1}]},{"number":67,"description":"Then Choose a \"Card\" brain tree plan to pay","duration":40215,"startTime":"2022-10-13T14:55:54.574-04:00[America/New_York]","result":"SUCCESS","precondition":false,"level":0,"children":[{"number":68,"description":"Chooseawaytopay: Card","duration":40211,"startTime":"2022-10-13T14:55:54.575-04:00[America/New_York]","result":"SUCCESS","precondition":false,"level":1}]},{"number":69,"description":"Then Fill in the following fields for Brain Tree Payment Method section\r\n| Field | Value |\r\n| Card Number | credit_card_no |\r\n| Expiration | credit_card_expiry |\r\n| Security Code | credit_card_security_code |\r\n| Postal Code | credit_card_postal_code |","duration":41922,"startTime":"2022-10-13T14:56:34.789-04:00[America/New_York]","result":"SUCCESS","precondition":false,"level":0,"children":[{"number":70,"description":"Enter brain tree credit card no step: 4111111111111111","duration":477,"startTime":"2022-10-13T14:57:14.854-04:00[America/New_York]","result":"SUCCESS","precondition":false,"level":1},{"number":71,"description":"Enter brain tree credit expiration step: 01/23","duration":442,"startTime":"2022-10-13T14:57:15.331-04:00[America/New_York]","result":"SUCCESS","precondition":false,"level":1},{"number":72,"description":"Enter brain tree credit card CVV step: 123","duration":462,"startTime":"2022-10-13T14:57:15.774-04:00[America/New_York]","result":"SUCCESS","precondition":false,"level":1},{"number":73,"description":"Enter brain tree credit postal code step: 60631","duration":472,"startTime":"2022-10-13T14:57:16.237-04:00[America/New_York]","result":"SUCCESS","precondition":false,"level":1}]},{"number":74,"description":"Then Click Next Review button","duration":125901,"startTime":"2022-10-13T14:57:16.711-04:00[America/New_York]","result":"SUCCESS","precondition":false,"level":0,"children":[{"number":75,"description":"Click next reviw button step","duration":125898,"startTime":"2022-10-13T14:57:16.712-04:00[America/New_York]","result":"SUCCESS","precondition":false,"level":1}]},{"number":76,"description":"Then Click Place Order button","duration":5258,"startTime":"2022-10-13T14:59:22.613-04:00[America/New_York]","result":"SUCCESS","precondition":false,"level":0,"children":[{"number":77,"description":"Click place order button step","duration":5253,"startTime":"2022-10-13T14:59:22.614-04:00[America/New_York]","result":"SUCCESS","precondition":false,"level":1}]},{"number":78,"description":"Then Get ReferenceCode","duration":52787,"startTime":"2022-10-13T14:59:27.873-04:00[America/New_York]","result":"SUCCESS","precondition":false,"level":0,"children":[{"number":79,"description":"Get reference code","duration":52781,"startTime":"2022-10-13T14:59:27.877-04:00[America/New_York]","result":"SUCCESS","reportData":[{"title":"Reference Code","contents":"Reference Code: PO2218723620","isEvidence":false,"id":"report-data-5518dc3e-0b80-49c6-a142-15d3a12e2a0d"}],"precondition":false,"level":1}]}],"userStory":{"id":"regular-membership-with-login","storyName":"Regular-Membership-with-login","path":"file:///C:/Users/CodeAutomation/Desktop/ACSM/ASCM_Automation/src/test/resources/AllTestCases/BrainTree/Memberships/MemershipRegular.feature","type":"feature"},"featureTag":{"name":"Memberships/Regular-Membership-with-login","type":"feature","displayName":"Memberships/Regular-Membership-with-login"},"title":"Regular- membership-with-login","description":"","startTime":"2022-10-13T14:45:47.909-04:00[America/New_York]","duration":872752,"projectKey":"","sessionId":"f76119f89fd47e0bbf06dd652a9031bb","driver":"chrome","isManualTestingUpToDate":false,"manual":false,"testSource":"Cucumber","result":"SUCCESS"}