{"name":"Discount-Membership-with-login","id":"discount-membership-with-login;discount-membership-with-login","testSteps":[{"number":1,"description":"Given Launch Create Account","duration":10657,"startTime":"2022-10-13T14:24:18.061-04:00[America/New_York]","result":"SUCCESS","precondition":false,"level":0,"children":[{"number":2,"description":"Launch create account step","duration":10650,"startTime":"2022-10-13T14:24:18.067-04:00[America/New_York]","result":"SUCCESS","precondition":false,"level":1}]},{"number":3,"description":"Then Click on OK button for cookie","duration":65418,"startTime":"2022-10-13T14:24:28.719-04:00[America/New_York]","result":"SUCCESS","precondition":false,"level":0,"children":[{"number":4,"description":"Click on cookie step","duration":65410,"startTime":"2022-10-13T14:24:28.723-04:00[America/New_York]","result":"SUCCESS","precondition":false,"level":1}]},{"number":5,"description":"Then Enter New Email \"email\"","duration":448,"startTime":"2022-10-13T14:25:34.138-04:00[America/New_York]","result":"SUCCESS","precondition":false,"level":0,"children":[{"number":6,"description":"Enter email: Automation1665685534139@gmail.com","duration":445,"startTime":"2022-10-13T14:25:34.140-04:00[America/New_York]","result":"SUCCESS","precondition":false,"level":1}]},{"number":7,"description":"Then Enter New Password \"Testing1\"","duration":395,"startTime":"2022-10-13T14:25:34.586-04:00[America/New_York]","result":"SUCCESS","precondition":false,"level":0,"children":[{"number":8,"description":"Enter password: Testing1","duration":392,"startTime":"2022-10-13T14:25:34.587-04:00[America/New_York]","result":"SUCCESS","precondition":false,"level":1}]},{"number":9,"description":"Then Enter First Name \"Automation\"","duration":390,"startTime":"2022-10-13T14:25:34.981-04:00[America/New_York]","result":"SUCCESS","precondition":false,"level":0,"children":[{"number":10,"description":"Enter first name: Automation","duration":388,"startTime":"2022-10-13T14:25:34.982-04:00[America/New_York]","result":"SUCCESS","precondition":false,"level":1}]},{"number":11,"description":"Then Enter Last Name \"qa\"","duration":383,"startTime":"2022-10-13T14:25:35.372-04:00[America/New_York]","result":"SUCCESS","precondition":false,"level":0,"children":[{"number":12,"description":"Enter last name: qa","duration":380,"startTime":"2022-10-13T14:25:35.373-04:00[America/New_York]","result":"SUCCESS","precondition":false,"level":1}]},{"number":13,"description":"Then Click Ceck Term","duration":60196,"startTime":"2022-10-13T14:25:35.755-04:00[America/New_York]","result":"SUCCESS","precondition":false,"level":0,"children":[{"number":14,"description":"Click check term","duration":60193,"startTime":"2022-10-13T14:25:35.756-04:00[America/New_York]","result":"SUCCESS","precondition":false,"level":1}]},{"number":15,"description":"Then Enter Job Title \"QA\"","duration":380,"startTime":"2022-10-13T14:26:35.952-04:00[America/New_York]","result":"SUCCESS","precondition":false,"level":0,"children":[{"number":16,"description":"Enter job title: QA","duration":378,"startTime":"2022-10-13T14:26:35.953-04:00[America/New_York]","result":"SUCCESS","precondition":false,"level":1}]},{"number":17,"description":"Then Click Submit","duration":30351,"startTime":"2022-10-13T14:26:36.333-04:00[America/New_York]","result":"SUCCESS","precondition":false,"level":0,"children":[{"number":18,"description":"Click submit button step","duration":30345,"startTime":"2022-10-13T14:26:36.334-04:00[America/New_York]","result":"SUCCESS","precondition":false,"level":1}]},{"number":19,"description":"Then Click Login Button","duration":8864,"startTime":"2022-10-13T14:27:06.685-04:00[America/New_York]","result":"SUCCESS","precondition":false,"level":0,"children":[{"number":20,"description":"Click log in button","duration":8859,"startTime":"2022-10-13T14:27:06.688-04:00[America/New_York]","result":"SUCCESS","precondition":false,"level":1}]},{"number":21,"description":"Then Enter username \"email\"","duration":405,"startTime":"2022-10-13T14:27:15.549-04:00[America/New_York]","result":"SUCCESS","precondition":false,"level":0,"children":[{"number":22,"description":"Enter user name step: Automation1665685534139@gmail.com","duration":402,"startTime":"2022-10-13T14:27:15.550-04:00[America/New_York]","result":"SUCCESS","precondition":false,"level":1}]},{"number":23,"description":"Then Enter password \"Testing1\"","duration":362,"startTime":"2022-10-13T14:27:15.954-04:00[America/New_York]","result":"SUCCESS","precondition":false,"level":0,"children":[{"number":24,"description":"Enter password step: Testing1","duration":360,"startTime":"2022-10-13T14:27:15.955-04:00[America/New_York]","result":"SUCCESS","precondition":false,"level":1}]},{"number":25,"description":"And Click submit","duration":13340,"startTime":"2022-10-13T14:27:16.317-04:00[America/New_York]","result":"SUCCESS","precondition":false,"level":0,"children":[{"number":26,"description":"Click submit button step","duration":13339,"startTime":"2022-10-13T14:27:16.317-04:00[America/New_York]","result":"SUCCESS","precondition":false,"level":1}]},{"number":27,"description":"Then Go to Cart","duration":3009,"startTime":"2022-10-13T14:27:29.658-04:00[America/New_York]","result":"SUCCESS","precondition":false,"level":0,"children":[{"number":28,"description":"Go cart page step","duration":3000,"startTime":"2022-10-13T14:27:29.664-04:00[America/New_York]","result":"SUCCESS","precondition":false,"level":1}]},{"number":29,"description":"Then Empty The Cart","duration":30023,"startTime":"2022-10-13T14:27:32.668-04:00[America/New_York]","result":"SUCCESS","precondition":false,"level":0,"children":[{"number":30,"description":"Delete all existing orders","duration":30019,"startTime":"2022-10-13T14:27:32.670-04:00[America/New_York]","result":"SUCCESS","precondition":false,"level":1}]},{"number":31,"description":"Then Go to Membership Page","duration":5443,"startTime":"2022-10-13T14:28:02.692-04:00[America/New_York]","result":"SUCCESS","precondition":false,"level":0,"children":[{"number":32,"description":"Go membership page step","duration":5441,"startTime":"2022-10-13T14:28:02.693-04:00[America/New_York]","result":"SUCCESS","precondition":false,"level":1}]},{"number":33,"description":"Then Click Become a Memeber","duration":5460,"startTime":"2022-10-13T14:28:08.135-04:00[America/New_York]","result":"SUCCESS","precondition":false,"level":0,"children":[{"number":34,"description":"Click on become a member","duration":5457,"startTime":"2022-10-13T14:28:08.136-04:00[America/New_York]","result":"SUCCESS","precondition":false,"level":1}]},{"number":35,"description":"Then Click On Student Discount Type","duration":5819,"startTime":"2022-10-13T14:28:13.595-04:00[America/New_York]","result":"SUCCESS","precondition":false,"level":0,"children":[{"number":36,"description":"Click on student discount type","duration":5815,"startTime":"2022-10-13T14:28:13.597-04:00[America/New_York]","result":"SUCCESS","precondition":false,"level":1}]},{"number":37,"description":"Then Click Agreement Checkbox","duration":3132,"startTime":"2022-10-13T14:28:19.415-04:00[America/New_York]","result":"SUCCESS","precondition":false,"level":0,"children":[{"number":38,"description":"Click agreement checkbox step","duration":3128,"startTime":"2022-10-13T14:28:19.417-04:00[America/New_York]","result":"SUCCESS","precondition":false,"level":1}]},{"number":39,"description":"Then Click Add To Cart button","duration":3356,"startTime":"2022-10-13T14:28:22.547-04:00[America/New_York]","result":"SUCCESS","precondition":false,"level":0,"children":[{"number":40,"description":"Click add to cart button step","duration":3354,"startTime":"2022-10-13T14:28:22.548-04:00[America/New_York]","result":"SUCCESS","precondition":false,"level":1}]},{"number":41,"description":"Then Select Discount Membership Country","duration":3333,"startTime":"2022-10-13T14:28:25.904-04:00[America/New_York]","result":"SUCCESS","precondition":false,"level":0,"children":[{"number":42,"description":"Select country membership: United States","duration":3331,"startTime":"2022-10-13T14:28:25.905-04:00[America/New_York]","result":"SUCCESS","precondition":false,"level":1}]},{"number":43,"description":"Then Fill in the following fields for MemberShip Discount Form For International\r\n| Field | Value |\r\n| University | mailing_country |\r\n| Graduation Year | mailing_address |\r\n| Graduation Month | mailing_company |\r\n| Enter First Name | mailing_city |\r\n| Enter Last Name | mailing_state |\r\n| Enter Email | mailing_postal_code |\r\n| Dob Month | mailing_country_type |\r\n| Dob Day | mailing_country_code |\r\n| Dob Year | mailing_area_code |","duration":5464,"startTime":"2022-10-13T14:28:29.238-04:00[America/New_York]","result":"SUCCESS","precondition":false,"level":0,"children":[{"number":44,"description":"Enter university: University of Mississippi (University, MS)","duration":2422,"startTime":"2022-10-13T14:28:29.239-04:00[America/New_York]","result":"SUCCESS","precondition":false,"level":1},{"number":45,"description":"Select grad year: 2023","duration":315,"startTime":"2022-10-13T14:28:31.661-04:00[America/New_York]","result":"SUCCESS","precondition":false,"level":1},{"number":46,"description":"Select grad month: 4","duration":294,"startTime":"2022-10-13T14:28:31.977-04:00[America/New_York]","result":"SUCCESS","precondition":false,"level":1},{"number":47,"description":"Enter first name: ambreen","duration":412,"startTime":"2022-10-13T14:28:32.271-04:00[America/New_York]","result":"SUCCESS","precondition":false,"level":1},{"number":48,"description":"Enter last name: qa","duration":382,"startTime":"2022-10-13T14:28:32.684-04:00[America/New_York]","result":"SUCCESS","precondition":false,"level":1},{"number":49,"description":"Enter email: ambreenqa@ascm.org","duration":480,"startTime":"2022-10-13T14:28:33.066-04:00[America/New_York]","result":"SUCCESS","precondition":false,"level":1},{"number":50,"description":"Select dob month: January","duration":390,"startTime":"2022-10-13T14:28:33.547-04:00[America/New_York]","result":"SUCCESS","precondition":false,"level":1},{"number":51,"description":"Select dob day: 01","duration":373,"startTime":"2022-10-13T14:28:33.938-04:00[America/New_York]","result":"SUCCESS","precondition":false,"level":1},{"number":52,"description":"Select dob year: 2000","duration":389,"startTime":"2022-10-13T14:28:34.312-04:00[America/New_York]","result":"SUCCESS","precondition":false,"level":1}]},{"number":53,"description":"Then Click Verify Student Status Button","duration":111,"startTime":"2022-10-13T14:28:34.703-04:00[America/New_York]","result":"SUCCESS","precondition":false,"level":0,"children":[{"number":54,"description":"Click verify student status button","duration":109,"startTime":"2022-10-13T14:28:34.704-04:00[America/New_York]","result":"SUCCESS","precondition":false,"level":1}]},{"number":55,"description":"Then Click Proceed to Continue button","duration":70728,"startTime":"2022-10-13T14:28:34.814-04:00[America/New_York]","result":"SUCCESS","precondition":false,"level":0,"children":[{"number":56,"description":"Click proceed to check out button step","duration":70721,"startTime":"2022-10-13T14:28:34.819-04:00[America/New_York]","result":"SUCCESS","precondition":false,"level":1}]},{"number":57,"description":"Then Select Membership Discount Country","duration":3303,"startTime":"2022-10-13T14:29:45.543-04:00[America/New_York]","result":"SUCCESS","precondition":false,"level":0,"children":[{"number":58,"description":"Select country: United States","duration":3301,"startTime":"2022-10-13T14:29:45.544-04:00[America/New_York]","result":"SUCCESS","precondition":false,"level":1}]},{"number":59,"description":"Then Enter Membership Postal Code","duration":406,"startTime":"2022-10-13T14:29:48.847-04:00[America/New_York]","result":"SUCCESS","precondition":false,"level":0,"children":[{"number":60,"description":"Enter membership postal code","duration":404,"startTime":"2022-10-13T14:29:48.848-04:00[America/New_York]","result":"SUCCESS","precondition":false,"level":1}]},{"number":61,"description":"Then Click On Search Chapter Button","duration":108,"startTime":"2022-10-13T14:29:49.254-04:00[America/New_York]","result":"SUCCESS","precondition":false,"level":0,"children":[{"number":62,"description":"Click on search chapter button","duration":106,"startTime":"2022-10-13T14:29:49.255-04:00[America/New_York]","result":"SUCCESS","precondition":false,"level":1}]},{"number":63,"description":"Then Select Item","duration":7073,"startTime":"2022-10-13T14:29:49.363-04:00[America/New_York]","result":"SUCCESS","precondition":false,"level":0,"children":[{"number":64,"description":"Click search bundle","duration":7067,"startTime":"2022-10-13T14:29:49.367-04:00[America/New_York]","result":"SUCCESS","precondition":false,"level":1}]},{"number":65,"description":"Then Add Selected Item","duration":353,"startTime":"2022-10-13T14:29:56.436-04:00[America/New_York]","result":"SUCCESS","precondition":false,"level":0,"children":[{"number":66,"description":"Click add selected button","duration":349,"startTime":"2022-10-13T14:29:56.438-04:00[America/New_York]","result":"SUCCESS","precondition":false,"level":1}]},{"number":67,"description":"Then Click Proceed to Continue button","duration":16666,"startTime":"2022-10-13T14:29:56.790-04:00[America/New_York]","result":"SUCCESS","precondition":false,"level":0,"children":[{"number":68,"description":"Click proceed to check out button step","duration":16662,"startTime":"2022-10-13T14:29:56.792-04:00[America/New_York]","result":"SUCCESS","precondition":false,"level":1}]},{"number":69,"description":"Then click Work Address Radio Button","duration":184789,"startTime":"2022-10-13T14:30:13.456-04:00[America/New_York]","result":"SUCCESS","precondition":false,"level":0,"children":[{"number":70,"description":"Click work address readio button","duration":181785,"startTime":"2022-10-13T14:30:16.458-04:00[America/New_York]","result":"SUCCESS","precondition":false,"level":1}]},{"number":71,"description":"Then Fill in the following fields for international mailing section\r\n| Field | Value |\r\n| company | mailing_company |\r\n| streetAddress | mailing_address |\r\n| City | mailing_city |\r\n| State | mailing_state |\r\n| postalCode | mailing_postal_code |\r\n| CountryType | mailing_country_type |\r\n| Country Code | mailing_country_code |\r\n| Area Code | mailing_area_code |\r\n| Phone Number | mailing_phone_no |","duration":10420,"startTime":"2022-10-13T14:33:18.246-04:00[America/New_York]","result":"SUCCESS","precondition":false,"level":0,"children":[{"number":72,"description":"Enter company: CC","duration":5621,"startTime":"2022-10-13T14:33:18.247-04:00[America/New_York]","result":"SUCCESS","precondition":false,"level":1},{"number":73,"description":"Enter mailing address line1 step: 8430 W Bryn Mawr Ave","duration":2423,"startTime":"2022-10-13T14:33:23.868-04:00[America/New_York]","result":"SUCCESS","precondition":false,"level":1},{"number":74,"description":"Enter mailingcity step: Chicago","duration":420,"startTime":"2022-10-13T14:33:26.291-04:00[America/New_York]","result":"SUCCESS","precondition":false,"level":1},{"number":75,"description":"Enter mailing state step: IL","duration":321,"startTime":"2022-10-13T14:33:26.711-04:00[America/New_York]","result":"SUCCESS","precondition":false,"level":1},{"number":76,"description":"Enter maililing zip code step: 60631","duration":373,"startTime":"2022-10-13T14:33:27.032-04:00[America/New_York]","result":"SUCCESS","precondition":false,"level":1},{"number":77,"description":"Select country type: Work","duration":231,"startTime":"2022-10-13T14:33:27.405-04:00[America/New_York]","result":"SUCCESS","precondition":false,"level":1},{"number":78,"description":"Select country area code: 1","duration":233,"startTime":"2022-10-13T14:33:27.637-04:00[America/New_York]","result":"SUCCESS","precondition":false,"level":1},{"number":79,"description":"Enter area code: 773","duration":414,"startTime":"2022-10-13T14:33:27.871-04:00[America/New_York]","result":"SUCCESS","precondition":false,"level":1},{"number":80,"description":"Enter phone number: 7647422","duration":379,"startTime":"2022-10-13T14:33:28.286-04:00[America/New_York]","result":"SUCCESS","precondition":false,"level":1}]},{"number":81,"description":"Then Click Next Payment Information button","duration":139643,"startTime":"2022-10-13T14:33:28.667-04:00[America/New_York]","result":"SUCCESS","precondition":false,"level":0,"children":[{"number":82,"description":"Click continue button step","duration":139640,"startTime":"2022-10-13T14:33:28.668-04:00[America/New_York]","result":"SUCCESS","precondition":false,"level":1}]},{"number":83,"description":"Then Click Next Review button","duration":125787,"startTime":"2022-10-13T14:35:48.311-04:00[America/New_York]","result":"SUCCESS","precondition":false,"level":0,"children":[{"number":84,"description":"Click next reviw button step","duration":125784,"startTime":"2022-10-13T14:35:48.312-04:00[America/New_York]","result":"SUCCESS","precondition":false,"level":1}]},{"number":85,"description":"Then Click Place Order button","duration":5234,"startTime":"2022-10-13T14:37:54.099-04:00[America/New_York]","result":"SUCCESS","precondition":false,"level":0,"children":[{"number":86,"description":"Click place order button step","duration":5230,"startTime":"2022-10-13T14:37:54.100-04:00[America/New_York]","result":"SUCCESS","precondition":false,"level":1}]},{"number":87,"description":"Then Get ReferenceCode","duration":52118,"startTime":"2022-10-13T14:37:59.334-04:00[America/New_York]","result":"SUCCESS","precondition":false,"level":0,"children":[{"number":88,"description":"Get reference code","duration":52112,"startTime":"2022-10-13T14:37:59.337-04:00[America/New_York]","result":"SUCCESS","reportData":[{"title":"Reference Code","contents":"Reference Code: PO2218722295","isEvidence":false,"id":"report-data-a5392528-a12f-46c2-ad2f-4d86d8439aa2"}],"precondition":false,"level":1}]}],"userStory":{"id":"discount-membership-with-login","storyName":"Discount-Membership-with-login","path":"file:///C:/Users/CodeAutomation/Desktop/ACSM/ASCM_Automation/src/test/resources/AllTestCases/BrainTree/Memberships/MemershipDiscount.feature","type":"feature"},"featureTag":{"name":"Memberships/Discount-Membership-with-login","type":"feature","displayName":"Memberships/Discount-Membership-with-login"},"title":"Discount- membership-with-login","description":"","startTime":"2022-10-13T14:24:18.059-04:00[America/New_York]","duration":873394,"projectKey":"","sessionId":"c9916f63254b8e17810c8e1cc966cf99","driver":"chrome","isManualTestingUpToDate":false,"manual":false,"testSource":"Cucumber","result":"SUCCESS"}