{"name":"Verify-auto-renew-and-certificate-upgrade-toggle-ON-while-checking-out","id":"verify-auto-renew-and-certificate-upgrade-toggle-on-while-checking-out;verify-auto-renew-and-certificate-upgrade-toggle-on-while-checking-out","testSteps":[{"number":1,"description":"Given Launch Create Account","duration":9668,"startTime":"2022-10-13T19:07:40.439-04:00[America/New_York]","result":"SUCCESS","precondition":false,"level":0,"children":[{"number":2,"description":"Launch create account step","duration":9662,"startTime":"2022-10-13T19:07:40.444-04:00[America/New_York]","result":"SUCCESS","precondition":false,"level":1}]},{"number":3,"description":"Then Click on OK button for cookie","duration":65563,"startTime":"2022-10-13T19:07:50.108-04:00[America/New_York]","result":"SUCCESS","precondition":false,"level":0,"children":[{"number":4,"description":"Click on cookie step","duration":65555,"startTime":"2022-10-13T19:07:50.114-04:00[America/New_York]","result":"SUCCESS","precondition":false,"level":1}]},{"number":5,"description":"Then Enter New Email \"email\"","duration":429,"startTime":"2022-10-13T19:08:55.672-04:00[America/New_York]","result":"SUCCESS","precondition":false,"level":0,"children":[{"number":6,"description":"Enter email: Automation1665702535672@gmail.com","duration":426,"startTime":"2022-10-13T19:08:55.673-04:00[America/New_York]","result":"SUCCESS","precondition":false,"level":1}]},{"number":7,"description":"Then Enter New Password \"Testing1\"","duration":420,"startTime":"2022-10-13T19:08:56.102-04:00[America/New_York]","result":"SUCCESS","precondition":false,"level":0,"children":[{"number":8,"description":"Enter password: Testing1","duration":417,"startTime":"2022-10-13T19:08:56.103-04:00[America/New_York]","result":"SUCCESS","precondition":false,"level":1}]},{"number":9,"description":"Then Enter First Name \"Automation\"","duration":393,"startTime":"2022-10-13T19:08:56.522-04:00[America/New_York]","result":"SUCCESS","precondition":false,"level":0,"children":[{"number":10,"description":"Enter first name: Automation","duration":391,"startTime":"2022-10-13T19:08:56.523-04:00[America/New_York]","result":"SUCCESS","precondition":false,"level":1}]},{"number":11,"description":"Then Enter Last Name \"qa\"","duration":381,"startTime":"2022-10-13T19:08:56.915-04:00[America/New_York]","result":"SUCCESS","precondition":false,"level":0,"children":[{"number":12,"description":"Enter last name: qa","duration":379,"startTime":"2022-10-13T19:08:56.916-04:00[America/New_York]","result":"SUCCESS","precondition":false,"level":1}]},{"number":13,"description":"Then Click Ceck Term","duration":60262,"startTime":"2022-10-13T19:08:57.296-04:00[America/New_York]","result":"SUCCESS","precondition":false,"level":0,"children":[{"number":14,"description":"Click check term","duration":60257,"startTime":"2022-10-13T19:08:57.297-04:00[America/New_York]","result":"SUCCESS","precondition":false,"level":1}]},{"number":15,"description":"Then Enter Job Title \"QA\"","duration":391,"startTime":"2022-10-13T19:09:57.559-04:00[America/New_York]","result":"SUCCESS","precondition":false,"level":0,"children":[{"number":16,"description":"Enter job title: QA","duration":387,"startTime":"2022-10-13T19:09:57.561-04:00[America/New_York]","result":"SUCCESS","precondition":false,"level":1}]},{"number":17,"description":"Then Click Submit","duration":30538,"startTime":"2022-10-13T19:09:57.950-04:00[America/New_York]","result":"SUCCESS","precondition":false,"level":0,"children":[{"number":18,"description":"Click submit button step","duration":30534,"startTime":"2022-10-13T19:09:57.951-04:00[America/New_York]","result":"SUCCESS","precondition":false,"level":1}]},{"number":19,"description":"Then Click Login Button","duration":8094,"startTime":"2022-10-13T19:10:28.489-04:00[America/New_York]","result":"SUCCESS","precondition":false,"level":0,"children":[{"number":20,"description":"Click log in button","duration":8091,"startTime":"2022-10-13T19:10:28.491-04:00[America/New_York]","result":"SUCCESS","precondition":false,"level":1}]},{"number":21,"description":"Then Enter username \"email\"","duration":414,"startTime":"2022-10-13T19:10:36.583-04:00[America/New_York]","result":"SUCCESS","precondition":false,"level":0,"children":[{"number":22,"description":"Enter user name step: Automation1665702535672@gmail.com","duration":412,"startTime":"2022-10-13T19:10:36.584-04:00[America/New_York]","result":"SUCCESS","precondition":false,"level":1}]},{"number":23,"description":"Then Enter password \"Testing1\"","duration":375,"startTime":"2022-10-13T19:10:36.998-04:00[America/New_York]","result":"SUCCESS","precondition":false,"level":0,"children":[{"number":24,"description":"Enter password step: Testing1","duration":372,"startTime":"2022-10-13T19:10:36.999-04:00[America/New_York]","result":"SUCCESS","precondition":false,"level":1}]},{"number":25,"description":"And Click submit","duration":11146,"startTime":"2022-10-13T19:10:37.373-04:00[America/New_York]","result":"SUCCESS","precondition":false,"level":0,"children":[{"number":26,"description":"Click submit button step","duration":11143,"startTime":"2022-10-13T19:10:37.374-04:00[America/New_York]","result":"SUCCESS","precondition":false,"level":1}]},{"number":27,"description":"Then Go to Cart","duration":2017,"startTime":"2022-10-13T19:10:48.520-04:00[America/New_York]","result":"SUCCESS","precondition":false,"level":0,"children":[{"number":28,"description":"Go cart page step","duration":2012,"startTime":"2022-10-13T19:10:48.524-04:00[America/New_York]","result":"SUCCESS","precondition":false,"level":1}]},{"number":29,"description":"Then Empty The Cart","duration":30077,"startTime":"2022-10-13T19:10:50.538-04:00[America/New_York]","result":"SUCCESS","precondition":false,"level":0,"children":[{"number":30,"description":"Delete all existing orders","duration":30073,"startTime":"2022-10-13T19:10:50.539-04:00[America/New_York]","result":"SUCCESS","precondition":false,"level":1}]},{"number":31,"description":"Then Go to Membership Page","duration":4998,"startTime":"2022-10-13T19:11:20.616-04:00[America/New_York]","result":"SUCCESS","precondition":false,"level":0,"children":[{"number":32,"description":"Go membership page step","duration":4995,"startTime":"2022-10-13T19:11:20.618-04:00[America/New_York]","result":"SUCCESS","precondition":false,"level":1}]},{"number":33,"description":"Then Click Become a Memeber","duration":3966,"startTime":"2022-10-13T19:11:25.615-04:00[America/New_York]","result":"SUCCESS","precondition":false,"level":0,"children":[{"number":34,"description":"Click on become a member","duration":3965,"startTime":"2022-10-13T19:11:25.615-04:00[America/New_York]","result":"SUCCESS","precondition":false,"level":1}]},{"number":35,"description":"Then Click Certificate Upgrade Checkbox","duration":3122,"startTime":"2022-10-13T19:11:29.582-04:00[America/New_York]","result":"SUCCESS","precondition":false,"level":0,"children":[{"number":36,"description":"Click certificate upgrade checkbox step","duration":3120,"startTime":"2022-10-13T19:11:29.583-04:00[America/New_York]","result":"SUCCESS","precondition":false,"level":1}]},{"number":37,"description":"Then Click Agreement Checkbox","duration":3119,"startTime":"2022-10-13T19:11:32.705-04:00[America/New_York]","result":"SUCCESS","precondition":false,"level":0,"children":[{"number":38,"description":"Click agreement checkbox step","duration":3117,"startTime":"2022-10-13T19:11:32.706-04:00[America/New_York]","result":"SUCCESS","precondition":false,"level":1}]},{"number":39,"description":"Then Click Add To Cart button","duration":3368,"startTime":"2022-10-13T19:11:35.824-04:00[America/New_York]","result":"SUCCESS","precondition":false,"level":0,"children":[{"number":40,"description":"Click add to cart button step","duration":3366,"startTime":"2022-10-13T19:11:35.825-04:00[America/New_York]","result":"SUCCESS","precondition":false,"level":1}]},{"number":41,"description":"Then Click Skip Membership Chapter","duration":3149,"startTime":"2022-10-13T19:11:39.193-04:00[America/New_York]","result":"SUCCESS","precondition":false,"level":0,"children":[{"number":42,"description":"Click skip membership button step","duration":3146,"startTime":"2022-10-13T19:11:39.194-04:00[America/New_York]","result":"SUCCESS","precondition":false,"level":1}]},{"number":43,"description":"Then Click Proceed to Continue button","duration":14509,"startTime":"2022-10-13T19:11:42.343-04:00[America/New_York]","result":"SUCCESS","precondition":false,"level":0,"children":[{"number":44,"description":"Click proceed to check out button step","duration":14501,"startTime":"2022-10-13T19:11:42.348-04:00[America/New_York]","result":"SUCCESS","precondition":false,"level":1}]},{"number":45,"description":"Then click Work Address Radio Button","duration":184997,"startTime":"2022-10-13T19:11:56.852-04:00[America/New_York]","result":"SUCCESS","precondition":false,"level":0,"children":[{"number":46,"description":"Click work address readio button","duration":181975,"startTime":"2022-10-13T19:11:59.871-04:00[America/New_York]","result":"SUCCESS","precondition":false,"level":1}]},{"number":47,"description":"Then Fill in the following fields for international mailing section\r\n| Field | Value |\r\n| company | mailing_company |\r\n| streetAddress | mailing_address |\r\n| City | mailing_city |\r\n| State | mailing_state |\r\n| postalCode | mailing_postal_code |\r\n| CountryType | mailing_country_type |\r\n| Country Code | mailing_country_code |\r\n| Area Code | mailing_area_code |\r\n| Phone Number | mailing_phone_no |","duration":10613,"startTime":"2022-10-13T19:15:01.849-04:00[America/New_York]","result":"SUCCESS","precondition":false,"level":0,"children":[{"number":48,"description":"Enter company: CC","duration":5677,"startTime":"2022-10-13T19:15:01.851-04:00[America/New_York]","result":"SUCCESS","precondition":false,"level":1},{"number":49,"description":"Enter mailing address line1 step: 8430 W Bryn Mawr Ave","duration":2450,"startTime":"2022-10-13T19:15:07.529-04:00[America/New_York]","result":"SUCCESS","precondition":false,"level":1},{"number":50,"description":"Enter mailingcity step: Chicago","duration":401,"startTime":"2022-10-13T19:15:09.980-04:00[America/New_York]","result":"SUCCESS","precondition":false,"level":1},{"number":51,"description":"Enter mailing state step: IL","duration":346,"startTime":"2022-10-13T19:15:10.382-04:00[America/New_York]","result":"SUCCESS","precondition":false,"level":1},{"number":52,"description":"Enter maililing zip code step: 60631","duration":422,"startTime":"2022-10-13T19:15:10.728-04:00[America/New_York]","result":"SUCCESS","precondition":false,"level":1},{"number":53,"description":"Select country type: Work","duration":227,"startTime":"2022-10-13T19:15:11.150-04:00[America/New_York]","result":"SUCCESS","precondition":false,"level":1},{"number":54,"description":"Select country area code: 1","duration":237,"startTime":"2022-10-13T19:15:11.378-04:00[America/New_York]","result":"SUCCESS","precondition":false,"level":1},{"number":55,"description":"Enter area code: 773","duration":424,"startTime":"2022-10-13T19:15:11.616-04:00[America/New_York]","result":"SUCCESS","precondition":false,"level":1},{"number":56,"description":"Enter phone number: 7647422","duration":420,"startTime":"2022-10-13T19:15:12.041-04:00[America/New_York]","result":"SUCCESS","precondition":false,"level":1}]},{"number":57,"description":"Then Click Next Payment Information button","duration":139953,"startTime":"2022-10-13T19:15:12.463-04:00[America/New_York]","result":"SUCCESS","precondition":false,"level":0,"children":[{"number":58,"description":"Click continue button step","duration":139948,"startTime":"2022-10-13T19:15:12.464-04:00[America/New_York]","result":"SUCCESS","precondition":false,"level":1}]},{"number":59,"description":"Then Click same as billing button","duration":187,"startTime":"2022-10-13T19:17:32.416-04:00[America/New_York]","result":"SUCCESS","precondition":false,"level":0,"children":[{"number":60,"description":"Click same as billing button step","duration":184,"startTime":"2022-10-13T19:17:32.418-04:00[America/New_York]","result":"SUCCESS","precondition":false,"level":1}]},{"number":61,"description":"Then Choose a \"Card\" brain tree plan to pay","duration":40170,"startTime":"2022-10-13T19:17:32.603-04:00[America/New_York]","result":"SUCCESS","precondition":false,"level":0,"children":[{"number":62,"description":"Chooseawaytopay: Card","duration":40166,"startTime":"2022-10-13T19:17:32.605-04:00[America/New_York]","result":"SUCCESS","precondition":false,"level":1}]},{"number":63,"description":"Then Fill in the following fields for Brain Tree Payment Method section\r\n| Field | Value |\r\n| Card Number | credit_card_no |\r\n| Expiration | credit_card_expiry |\r\n| Security Code | credit_card_security_code |\r\n| Postal Code | credit_card_postal_code |","duration":41892,"startTime":"2022-10-13T19:18:12.774-04:00[America/New_York]","result":"SUCCESS","precondition":false,"level":0,"children":[{"number":64,"description":"Enter brain tree credit card no step: 4111111111111111","duration":464,"startTime":"2022-10-13T19:18:52.816-04:00[America/New_York]","result":"SUCCESS","precondition":false,"level":1},{"number":65,"description":"Enter brain tree credit expiration step: 01/23","duration":468,"startTime":"2022-10-13T19:18:53.281-04:00[America/New_York]","result":"SUCCESS","precondition":false,"level":1},{"number":66,"description":"Enter brain tree credit card CVV step: 123","duration":433,"startTime":"2022-10-13T19:18:53.749-04:00[America/New_York]","result":"SUCCESS","precondition":false,"level":1},{"number":67,"description":"Enter brain tree credit postal code step: 60631","duration":482,"startTime":"2022-10-13T19:18:54.183-04:00[America/New_York]","result":"SUCCESS","precondition":false,"level":1}]},{"number":68,"description":"Then Click Next Review button","duration":125571,"startTime":"2022-10-13T19:18:54.667-04:00[America/New_York]","result":"SUCCESS","precondition":false,"level":0,"children":[{"number":69,"description":"Click next reviw button step","duration":125563,"startTime":"2022-10-13T19:18:54.668-04:00[America/New_York]","result":"SUCCESS","precondition":false,"level":1}]},{"number":70,"description":"Then Click Place Order button","duration":5279,"startTime":"2022-10-13T19:21:00.239-04:00[America/New_York]","result":"SUCCESS","precondition":false,"level":0,"children":[{"number":71,"description":"Click place order button step","duration":5273,"startTime":"2022-10-13T19:21:00.243-04:00[America/New_York]","result":"SUCCESS","precondition":false,"level":1}]},{"number":72,"description":"Then Get ReferenceCode","duration":26436,"startTime":"2022-10-13T19:21:05.520-04:00[America/New_York]","result":"SUCCESS","precondition":false,"level":0,"children":[{"number":73,"description":"Get reference code","duration":26430,"startTime":"2022-10-13T19:21:05.522-04:00[America/New_York]","result":"SUCCESS","reportData":[{"title":"Reference Code","contents":"Reference Code: PO2218747548","isEvidence":false,"id":"report-data-5e58d0c8-a45d-4a0b-94fe-351c2f1b58d0"}],"precondition":false,"level":1}]},{"number":74,"description":"Then Go to Membership Page","duration":6725,"startTime":"2022-10-13T19:21:31.956-04:00[America/New_York]","result":"SUCCESS","precondition":false,"level":0,"children":[{"number":75,"description":"Go membership page step","duration":6721,"startTime":"2022-10-13T19:21:31.959-04:00[America/New_York]","result":"SUCCESS","precondition":false,"level":1}]},{"number":76,"description":"Then Verify \"base membership\" is visible","duration":52,"startTime":"2022-10-13T19:21:38.682-04:00[America/New_York]","result":"SUCCESS","precondition":false,"level":0,"children":[{"number":77,"description":"Verify toggle heading: base membership","duration":50,"startTime":"2022-10-13T19:21:38.683-04:00[America/New_York]","result":"SUCCESS","precondition":false,"level":1}]},{"number":78,"description":"Then Verify \"base membership\" Toggle \"on\"","duration":38,"startTime":"2022-10-13T19:21:38.734-04:00[America/New_York]","result":"SUCCESS","precondition":false,"level":0,"children":[{"number":79,"description":"Verify toggle: base membership, on","duration":36,"startTime":"2022-10-13T19:21:38.735-04:00[America/New_York]","result":"SUCCESS","precondition":false,"level":1}]},{"number":80,"description":"Then Verify \"certificate upgrade\" is visible","duration":53,"startTime":"2022-10-13T19:21:38.773-04:00[America/New_York]","result":"SUCCESS","precondition":false,"level":0,"children":[{"number":81,"description":"Verify toggle heading: certificate upgrade","duration":51,"startTime":"2022-10-13T19:21:38.774-04:00[America/New_York]","result":"SUCCESS","precondition":false,"level":1}]},{"number":82,"description":"Then Verify \"certificate upgrade\" Toggle \"on\"","duration":38,"startTime":"2022-10-13T19:21:38.826-04:00[America/New_York]","result":"SUCCESS","precondition":false,"level":0,"children":[{"number":83,"description":"Verify toggle: certificate upgrade, on","duration":36,"startTime":"2022-10-13T19:21:38.827-04:00[America/New_York]","result":"SUCCESS","precondition":false,"level":1}]}],"userStory":{"id":"verify-auto-renew-and-certificate-upgrade-toggle-on-while-checking-out","storyName":"Verify-auto-renew-and-certificate-upgrade-toggle-ON-while-checking-out","path":"file:///C:/Users/CodeAutomation/Desktop/ACSM/ASCM_Automation/src/test/resources/AllTestCases/BrainTree/Memberships/AnnualMembership/VerifyAutoRenewAndCertificateUpgradeToggleONWhileCheckingOut.feature","type":"feature"},"featureTag":{"name":"Annual membership/Verify-auto-renew-and-certificate-upgrade-toggle-ON-while-checking-out","type":"feature","displayName":"Annual membership/Verify-auto-renew-and-certificate-upgrade-toggle-ON-while-checking-out"},"title":"Verify-auto-renew-and-certificate-upgrade-toggle-on-while-checking-out","description":"","startTime":"2022-10-13T19:07:40.438-04:00[America/New_York]","duration":838427,"projectKey":"","sessionId":"1c6d96f6550fb38b06d9d58b60da4129","driver":"chrome","isManualTestingUpToDate":false,"manual":false,"testSource":"Cucumber","result":"SUCCESS"}