{"name":"Legacy-Membership-with-auto-renew-with-login-1602176","id":"legacy-membership-with-auto-renew-with-login-1602176;legacy-membership-with-auto-renew-with-login-1602176","testSteps":[{"number":1,"description":"Given Go To Login Page","duration":7758,"startTime":"2022-10-13T15:22:59.563-04:00[America/New_York]","result":"SUCCESS","precondition":false,"level":0,"children":[{"number":2,"description":"Go to login page","duration":7753,"startTime":"2022-10-13T15:22:59.566-04:00[America/New_York]","result":"SUCCESS","precondition":false,"level":1}]},{"number":3,"description":"Then Enter Legacy username \"1602176\"","duration":427,"startTime":"2022-10-13T15:23:07.322-04:00[America/New_York]","result":"SUCCESS","precondition":false,"level":0,"children":[{"number":4,"description":"Enter user name step: 1602176","duration":425,"startTime":"2022-10-13T15:23:07.323-04:00[America/New_York]","result":"SUCCESS","precondition":false,"level":1}]},{"number":5,"description":"Then Enter Legacy password \"Qa1234\"","duration":379,"startTime":"2022-10-13T15:23:07.749-04:00[America/New_York]","result":"SUCCESS","precondition":false,"level":0,"children":[{"number":6,"description":"Enter password step: Qa1234","duration":377,"startTime":"2022-10-13T15:23:07.750-04:00[America/New_York]","result":"SUCCESS","precondition":false,"level":1}]},{"number":7,"description":"And Click submit","duration":1728,"startTime":"2022-10-13T15:23:08.129-04:00[America/New_York]","result":"SUCCESS","precondition":false,"level":0,"children":[{"number":8,"description":"Click submit button step","duration":1726,"startTime":"2022-10-13T15:23:08.130-04:00[America/New_York]","result":"SUCCESS","precondition":false,"level":1}]},{"number":9,"description":"Then Click on OK button for cookie","duration":130278,"startTime":"2022-10-13T15:23:09.857-04:00[America/New_York]","result":"SUCCESS","precondition":false,"level":0,"children":[{"number":10,"description":"Click on cookie step","duration":130273,"startTime":"2022-10-13T15:23:09.858-04:00[America/New_York]","result":"SUCCESS","precondition":false,"level":1}]},{"number":11,"description":"Then Go to Membership Page","duration":4779,"startTime":"2022-10-13T15:25:20.135-04:00[America/New_York]","result":"SUCCESS","precondition":false,"level":0,"children":[{"number":12,"description":"Go membership page step","duration":4772,"startTime":"2022-10-13T15:25:20.140-04:00[America/New_York]","result":"SUCCESS","precondition":false,"level":1}]},{"number":13,"description":"Then Verify \"base membership\" is visible","duration":60368,"startTime":"2022-10-13T15:25:24.914-04:00[America/New_York]","exception":{"errorType":"java.lang.IllegalStateException","message":"assert failed","stackTrace":[{"declaringClass":"com.ibm.icu.impl.Assert","methodName":"assrt","fileName":"Assert.java","lineNumber":20},{"declaringClass":"com.ascm.pages.MembershipPage","methodName":"verifyToggleHeading","fileName":"MembershipPage.java","lineNumber":264},{"declaringClass":"com.test.suite.testSteps.MembershipSteps","methodName":"verifyToggleHeading","fileName":"MembershipSteps.java","lineNumber":73},{"declaringClass":"com.test.suite.stepDefination.MembershipStepDefs","methodName":"verifyToggleHeading","fileName":"MembershipStepDefs.java","lineNumber":73},{"declaringClass":"✽","methodName":"Verify \"base membership\" is visible","fileName":"file:///C:/Users/CodeAutomation/Desktop/ACSM/ASCM_Automation/src/test/resources/AllTestCases/BrainTree/Memberships/legacyMembership/MemershipLegacy_WithAutoRenew(1602176).feature","lineNumber":9}]},"result":"ERROR","precondition":false,"level":0,"children":[{"number":14,"description":"Verify toggle heading: base membership","duration":60362,"startTime":"2022-10-13T15:25:24.915-04:00[America/New_York]","screenshots":[{"screenshot":"2ec4216e527cfb7eb65d3bd2f63dfba66b22d0f62fed6aaaff72d94244c1e02e.png","htmlSource":"pagesource7534314149880528699.html.txt","timeStamp":1665689185276}],"exception":{"errorType":"java.lang.IllegalStateException","message":"assert failed","stackTrace":[{"declaringClass":"com.ibm.icu.impl.Assert","methodName":"assrt","fileName":"Assert.java","lineNumber":20},{"declaringClass":"com.ascm.pages.MembershipPage","methodName":"verifyToggleHeading","fileName":"MembershipPage.java","lineNumber":264},{"declaringClass":"com.test.suite.testSteps.MembershipSteps","methodName":"verifyToggleHeading","fileName":"MembershipSteps.java","lineNumber":73},{"declaringClass":"com.test.suite.stepDefination.MembershipStepDefs","methodName":"verifyToggleHeading","fileName":"MembershipStepDefs.java","lineNumber":73},{"declaringClass":"io.cucumber.java.Invoker","methodName":"doInvoke","fileName":"Invoker.java","lineNumber":66},{"declaringClass":"io.cucumber.java.Invoker","methodName":"invoke","fileName":"Invoker.java","lineNumber":24},{"declaringClass":"io.cucumber.java.AbstractGlueDefinition","methodName":"invokeMethod","fileName":"AbstractGlueDefinition.java","lineNumber":47},{"declaringClass":"io.cucumber.java.JavaStepDefinition","methodName":"execute","fileName":"JavaStepDefinition.java","lineNumber":29},{"declaringClass":"io.cucumber.core.runner.CoreStepDefinition","methodName":"execute","fileName":"CoreStepDefinition.java","lineNumber":66},{"declaringClass":"io.cucumber.core.runner.PickleStepDefinitionMatch","methodName":"runStep","fileName":"PickleStepDefinitionMatch.java","lineNumber":63},{"declaringClass":"io.cucumber.core.runner.TestStep","methodName":"executeStep","fileName":"TestStep.java","lineNumber":92},{"declaringClass":"io.cucumber.core.runner.TestStep","methodName":"run","fileName":"TestStep.java","lineNumber":64},{"declaringClass":"io.cucumber.core.runner.PickleStepTestStep","methodName":"run","fileName":"PickleStepTestStep.java","lineNumber":51},{"declaringClass":"io.cucumber.core.runner.TestCase","methodName":"run","fileName":"TestCase.java","lineNumber":104},{"declaringClass":"io.cucumber.core.runner.Runner","methodName":"runPickle","fileName":"Runner.java","lineNumber":73},{"declaringClass":"io.cucumber.junit.FeatureRunner","methodName":"runChild","fileName":"FeatureRunner.java","lineNumber":135},{"declaringClass":"io.cucumber.junit.FeatureRunner","methodName":"runChild","fileName":"FeatureRunner.java","lineNumber":27},{"declaringClass":"io.cucumber.junit.CucumberSerenityRunner","methodName":"runChild","fileName":"CucumberSerenityRunner.java","lineNumber":258},{"declaringClass":"io.cucumber.junit.CucumberSerenityRunner","methodName":"runChild","fileName":"CucumberSerenityRunner.java","lineNumber":57}]},"result":"ERROR","precondition":false,"level":1}]},{"number":15,"description":"Then Verify \"base membership\" Toggle \"on\"","duration":1,"startTime":"2022-10-13T15:26:25.282-04:00[America/New_York]","result":"SKIPPED","precondition":false,"level":0},{"number":16,"description":"Then Verify \"certificate upgrade\" is visible","duration":1,"startTime":"2022-10-13T15:26:25.284-04:00[America/New_York]","result":"SKIPPED","precondition":false,"level":0},{"number":17,"description":"Then Verify \"certificate upgrade\" Toggle \"on\"","duration":1,"startTime":"2022-10-13T15:26:25.285-04:00[America/New_York]","result":"SKIPPED","precondition":false,"level":0},{"number":18,"description":"Then Verify \"chapter\" is visible","duration":1,"startTime":"2022-10-13T15:26:25.287-04:00[America/New_York]","result":"SKIPPED","precondition":false,"level":0},{"number":19,"description":"Then Verify \"chapter\" Toggle \"off\"","duration":1,"startTime":"2022-10-13T15:26:25.288-04:00[America/New_York]","result":"SKIPPED","precondition":false,"level":0}],"userStory":{"id":"legacy-membership-with-auto-renew-with-login-1602176","storyName":"Legacy-Membership-with-auto-renew-with-login-1602176","path":"file:///C:/Users/CodeAutomation/Desktop/ACSM/ASCM_Automation/src/test/resources/AllTestCases/BrainTree/Memberships/legacyMembership/MemershipLegacy_WithAutoRenew(1602176).feature","type":"feature"},"featureTag":{"name":"Legacy membership/Legacy-Membership-with-auto-renew-with-login-1602176","type":"feature","displayName":"Legacy membership/Legacy-Membership-with-auto-renew-with-login-1602176"},"title":"Legacy- membership-with-auto-renew-with-login-1602176","description":"","startTime":"2022-10-13T15:22:59.561-04:00[America/New_York]","duration":205730,"testFailureCause":{"errorType":"java.lang.IllegalStateException","message":"assert failed","stackTrace":[{"declaringClass":"com.ibm.icu.impl.Assert","methodName":"assrt","fileName":"Assert.java","lineNumber":20},{"declaringClass":"com.ascm.pages.MembershipPage","methodName":"verifyToggleHeading","fileName":"MembershipPage.java","lineNumber":264},{"declaringClass":"com.test.suite.testSteps.MembershipSteps","methodName":"verifyToggleHeading","fileName":"MembershipSteps.java","lineNumber":73},{"declaringClass":"com.test.suite.stepDefination.MembershipStepDefs","methodName":"verifyToggleHeading","fileName":"MembershipStepDefs.java","lineNumber":73},{"declaringClass":"io.cucumber.java.Invoker","methodName":"doInvoke","fileName":"Invoker.java","lineNumber":66},{"declaringClass":"io.cucumber.java.Invoker","methodName":"invoke","fileName":"Invoker.java","lineNumber":24},{"declaringClass":"io.cucumber.java.AbstractGlueDefinition","methodName":"invokeMethod","fileName":"AbstractGlueDefinition.java","lineNumber":47},{"declaringClass":"io.cucumber.java.JavaStepDefinition","methodName":"execute","fileName":"JavaStepDefinition.java","lineNumber":29},{"declaringClass":"io.cucumber.core.runner.CoreStepDefinition","methodName":"execute","fileName":"CoreStepDefinition.java","lineNumber":66},{"declaringClass":"io.cucumber.core.runner.PickleStepDefinitionMatch","methodName":"runStep","fileName":"PickleStepDefinitionMatch.java","lineNumber":63},{"declaringClass":"io.cucumber.core.runner.TestStep","methodName":"executeStep","fileName":"TestStep.java","lineNumber":92},{"declaringClass":"io.cucumber.core.runner.TestStep","methodName":"run","fileName":"TestStep.java","lineNumber":64},{"declaringClass":"io.cucumber.core.runner.PickleStepTestStep","methodName":"run","fileName":"PickleStepTestStep.java","lineNumber":51},{"declaringClass":"io.cucumber.core.runner.TestCase","methodName":"run","fileName":"TestCase.java","lineNumber":104},{"declaringClass":"io.cucumber.core.runner.Runner","methodName":"runPickle","fileName":"Runner.java","lineNumber":73},{"declaringClass":"io.cucumber.junit.FeatureRunner","methodName":"runChild","fileName":"FeatureRunner.java","lineNumber":135},{"declaringClass":"io.cucumber.junit.FeatureRunner","methodName":"runChild","fileName":"FeatureRunner.java","lineNumber":27},{"declaringClass":"io.cucumber.junit.CucumberSerenityRunner","methodName":"runChild","fileName":"CucumberSerenityRunner.java","lineNumber":258},{"declaringClass":"io.cucumber.junit.CucumberSerenityRunner","methodName":"runChild","fileName":"CucumberSerenityRunner.java","lineNumber":57}]},"testFailureClassname":"java.lang.IllegalStateException","testFailureMessage":"assert failed","testFailureSummary":"ERROR;java.lang.IllegalStateException;assert failed;Assert.java","projectKey":"","annotatedResult":"ERROR","sessionId":"643cbf9641473e87bf1b736e28896703","driver":"chrome","isManualTestingUpToDate":false,"manual":false,"testSource":"Cucumber","result":"ERROR"}