{"name":"Create-Corporate-Account-By-Link","id":"create-corporate-account-by-link;create-corporate-account-by-link","testSteps":[{"number":1,"description":"Given Go To Corporate Login Link","duration":11752,"startTime":"2022-10-13T18:45:27.489-04:00[America/New_York]","result":"SUCCESS","precondition":false,"level":0},{"number":2,"description":"Then Click Create an Account","duration":5652,"startTime":"2022-10-13T18:45:39.241-04:00[America/New_York]","result":"SUCCESS","precondition":false,"level":0,"children":[{"number":3,"description":"Click createan account","duration":5646,"startTime":"2022-10-13T18:45:39.246-04:00[America/New_York]","result":"SUCCESS","precondition":false,"level":1}]},{"number":4,"description":"Then Click on OK button for cookie","duration":65414,"startTime":"2022-10-13T18:45:44.893-04:00[America/New_York]","result":"SUCCESS","precondition":false,"level":0,"children":[{"number":5,"description":"Click on cookie step","duration":65406,"startTime":"2022-10-13T18:45:44.897-04:00[America/New_York]","result":"SUCCESS","precondition":false,"level":1}]},{"number":6,"description":"Then Enter New Email \"email\"","duration":495,"startTime":"2022-10-13T18:46:50.308-04:00[America/New_York]","result":"SUCCESS","precondition":false,"level":0,"children":[{"number":7,"description":"Enter email: Automation1665701210309@gmail.com","duration":492,"startTime":"2022-10-13T18:46:50.310-04:00[America/New_York]","result":"SUCCESS","precondition":false,"level":1}]},{"number":8,"description":"Then Enter New Password \"Test1234\"","duration":417,"startTime":"2022-10-13T18:46:50.803-04:00[America/New_York]","result":"SUCCESS","precondition":false,"level":0,"children":[{"number":9,"description":"Enter password: Test1234","duration":415,"startTime":"2022-10-13T18:46:50.804-04:00[America/New_York]","result":"SUCCESS","precondition":false,"level":1}]},{"number":10,"description":"Then Enter First Name \"Automation\"","duration":390,"startTime":"2022-10-13T18:46:51.220-04:00[America/New_York]","result":"SUCCESS","precondition":false,"level":0,"children":[{"number":11,"description":"Enter first name: Automation","duration":388,"startTime":"2022-10-13T18:46:51.221-04:00[America/New_York]","result":"SUCCESS","precondition":false,"level":1}]},{"number":12,"description":"Then Enter Last Name \"qa\"","duration":383,"startTime":"2022-10-13T18:46:51.610-04:00[America/New_York]","result":"SUCCESS","precondition":false,"level":0,"children":[{"number":13,"description":"Enter last name: qa","duration":380,"startTime":"2022-10-13T18:46:51.611-04:00[America/New_York]","result":"SUCCESS","precondition":false,"level":1}]},{"number":14,"description":"Then Enter Company Name \"CC\"","duration":395,"startTime":"2022-10-13T18:46:51.993-04:00[America/New_York]","result":"SUCCESS","precondition":false,"level":0,"children":[{"number":15,"description":"Enter company name: CC","duration":393,"startTime":"2022-10-13T18:46:51.994-04:00[America/New_York]","result":"SUCCESS","precondition":false,"level":1}]},{"number":16,"description":"Then Enter Job Title \"sqa\"","duration":387,"startTime":"2022-10-13T18:46:52.389-04:00[America/New_York]","result":"SUCCESS","precondition":false,"level":0,"children":[{"number":17,"description":"Enter job title: sqa","duration":386,"startTime":"2022-10-13T18:46:52.389-04:00[America/New_York]","result":"SUCCESS","precondition":false,"level":1}]},{"number":18,"description":"Then click Work Address Radio Button","duration":3263,"startTime":"2022-10-13T18:46:52.777-04:00[America/New_York]","result":"SUCCESS","precondition":false,"level":0,"children":[{"number":19,"description":"Click work address readio button","duration":246,"startTime":"2022-10-13T18:46:55.792-04:00[America/New_York]","result":"SUCCESS","precondition":false,"level":1}]},{"number":20,"description":"Then Fill in the following fields for Corporate Address\r\n| Field | Value |\r\n| Country | mailing_country |\r\n| Address | mailing_address |\r\n| City | mailing_city |\r\n| PostalCode | mailing_postal_code |\r\n| State | mailing_state |","duration":13782,"startTime":"2022-10-13T18:46:56.040-04:00[America/New_York]","result":"SUCCESS","precondition":false,"level":0,"children":[{"number":21,"description":"Select country step: 222","duration":6291,"startTime":"2022-10-13T18:46:56.041-04:00[America/New_York]","result":"SUCCESS","precondition":false,"level":1},{"number":22,"description":"Enter mailing address line1 step: 8430 W Bryn Mawr Ave","duration":409,"startTime":"2022-10-13T18:47:02.332-04:00[America/New_York]","result":"SUCCESS","precondition":false,"level":1},{"number":23,"description":"Enter city step: Chicago","duration":386,"startTime":"2022-10-13T18:47:02.742-04:00[America/New_York]","result":"SUCCESS","precondition":false,"level":1},{"number":24,"description":"Enter postal code step: 60631","duration":376,"startTime":"2022-10-13T18:47:03.129-04:00[America/New_York]","result":"SUCCESS","precondition":false,"level":1},{"number":25,"description":"Enter state step: IL","duration":6315,"startTime":"2022-10-13T18:47:03.506-04:00[America/New_York]","result":"SUCCESS","precondition":false,"level":1}]},{"number":26,"description":"Then Click CheckBox Term And Policy","duration":291,"startTime":"2022-10-13T18:47:09.823-04:00[America/New_York]","result":"SUCCESS","precondition":false,"level":0,"children":[{"number":27,"description":"Then ^Click Ceck Term$","duration":289,"startTime":"2022-10-13T18:47:09.824-04:00[America/New_York]","result":"SUCCESS","precondition":false,"level":1,"children":[{"number":28,"description":"Click check term","duration":287,"startTime":"2022-10-13T18:47:09.825-04:00[America/New_York]","result":"SUCCESS","precondition":false,"level":2}]}]},{"number":29,"description":"Then Click Submit","duration":30432,"startTime":"2022-10-13T18:47:10.114-04:00[America/New_York]","result":"SUCCESS","precondition":false,"level":0,"children":[{"number":30,"description":"Click submit button step","duration":30429,"startTime":"2022-10-13T18:47:10.115-04:00[America/New_York]","result":"SUCCESS","precondition":false,"level":1}]},{"number":31,"description":"Then Enter username \"email\"","duration":422,"startTime":"2022-10-13T18:47:40.546-04:00[America/New_York]","result":"SUCCESS","precondition":false,"level":0,"children":[{"number":32,"description":"Enter user name step: Automation1665701210309@gmail.com","duration":419,"startTime":"2022-10-13T18:47:40.547-04:00[America/New_York]","result":"SUCCESS","precondition":false,"level":1}]},{"number":33,"description":"Then Enter password \"Test1234\"","duration":389,"startTime":"2022-10-13T18:47:40.969-04:00[America/New_York]","result":"SUCCESS","precondition":false,"level":0,"children":[{"number":34,"description":"Enter password step: Test1234","duration":387,"startTime":"2022-10-13T18:47:40.970-04:00[America/New_York]","result":"SUCCESS","precondition":false,"level":1}]},{"number":35,"description":"And Click submit","duration":36836,"startTime":"2022-10-13T18:47:41.359-04:00[America/New_York]","result":"SUCCESS","precondition":false,"level":0,"children":[{"number":36,"description":"Click submit button step","duration":36833,"startTime":"2022-10-13T18:47:41.359-04:00[America/New_York]","result":"SUCCESS","precondition":false,"level":1}]},{"number":37,"description":"Then Verify Message \"Your membership request has been submitted and it is in review. Please contact your administrator with any questions.\"","duration":35260,"startTime":"2022-10-13T18:48:18.196-04:00[America/New_York]","exception":{"errorType":"org.openqa.selenium.NoSuchElementException","message":"no such element: Unable to locate element: {\"method\":\"xpath\",\"selector\":\"//p[text()\u003d\u0027Your membership request has been submitted and it is in review. Please contact your administrator with any questions.\u0027]\"}\n  (Session info: chrome\u003d106.0.5249.119)\nFor documentation on this error, please visit: https://www.seleniumhq.org/exceptions/no_such_element.html\nBuild info: version: \u00273.141.59\u0027, revision: \u0027e82be7d358\u0027, time: \u00272018-11-14T08:17:03\u0027\nSystem info: host: \u0027OK92\u0027, ip: \u0027192.168.1.11\u0027, os.name: \u0027Windows 10\u0027, os.arch: \u0027amd64\u0027, os.version: \u002710.0\u0027, java.version: \u00271.8.0_281\u0027\nDriver info: org.openqa.selenium.chrome.ChromeDriver\nCapabilities {acceptInsecureCerts: false, browserName: chrome, browserVersion: 106.0.5249.119, chrome: {chromedriverVersion: 106.0.5249.61 (511755355844..., userDataDir: C:\\Users\\CODEAU~1\\AppData\\L...}, goog:chromeOptions: {debuggerAddress: localhost:61232}, javascriptEnabled: true, networkConnectionEnabled: false, pageLoadStrategy: normal, platform: WINDOWS, platformName: WINDOWS, proxy: Proxy(), setWindowRect: true, strictFileInteractability: false, timeouts: {implicit: 0, pageLoad: 300000, script: 30000}, unhandledPromptBehavior: dismiss and notify, webauthn:extension:credBlob: true, webauthn:extension:largeBlob: true, webauthn:virtualAuthenticators: true}\nSession ID: 5d516378931ee784dee25c897348be8a\n*** Element info: {Using\u003dxpath, value\u003d//p[text()\u003d\u0027Your membership request has been submitted and it is in review. Please contact your administrator with any questions.\u0027]}\nFor documentation on this error, please visit: https://www.seleniumhq.org/exceptions/no_such_element.html\nBuild info: version: \u00273.141.59\u0027, revision: \u0027e82be7d358\u0027, time: \u00272018-11-14T08:17:03\u0027\nSystem info: host: \u0027OK92\u0027, ip: \u0027192.168.1.11\u0027, os.name: \u0027Windows 10\u0027, os.arch: \u0027amd64\u0027, os.version: \u002710.0\u0027, java.version: \u00271.8.0_281\u0027\nDriver info: driver.version: unknown","stackTrace":[{"declaringClass":"com.ascm.pages.ExamPurchagePage","methodName":"verifyCorporateAccountMessage","fileName":"ExamPurchagePage.java","lineNumber":352},{"declaringClass":"com.test.suite.testSteps.ExamPurchaseSteps","methodName":"verifyCorporateAccountMessage","fileName":"ExamPurchaseSteps.java","lineNumber":31},{"declaringClass":"com.test.suite.stepDefination.CreateStageAccountsStepDefs","methodName":"verifyCorporateAccountMessage","fileName":"CreateStageAccountsStepDefs.java","lineNumber":187},{"declaringClass":"✽","methodName":"Verify Message \"Your membership request has been submitted and it is in review. Please contact your administrator with any questions.\"","fileName":"file:///C:/Users/CodeAutomation/Desktop/ACSM/ASCM_Automation/src/test/resources/AllTestCases/BrainTree/Corporate/CreateCorporateAccountByLink.feature","lineNumber":27}]},"result":"ERROR","precondition":false,"level":0,"children":[{"number":38,"description":"Verify corporate account message: Your membership request has been submitted and it is in review. Please contact your administrator with any questions.","duration":35252,"startTime":"2022-10-13T18:48:18.199-04:00[America/New_York]","screenshots":[{"screenshot":"285d2ede6b36dcb65d256078a97a5e8707ab3d98ce6ce4a9e2e81b7c0c110275.png","htmlSource":"pagesource2798272378526989798.html.txt","timeStamp":1665701333450}],"exception":{"errorType":"org.openqa.selenium.NoSuchElementException","message":"no such element: Unable to locate element: {\"method\":\"xpath\",\"selector\":\"//p[text()\u003d\u0027Your membership request has been submitted and it is in review. Please contact your administrator with any questions.\u0027]\"}\n  (Session info: chrome\u003d106.0.5249.119)\nFor documentation on this error, please visit: https://www.seleniumhq.org/exceptions/no_such_element.html\nBuild info: version: \u00273.141.59\u0027, revision: \u0027e82be7d358\u0027, time: \u00272018-11-14T08:17:03\u0027\nSystem info: host: \u0027OK92\u0027, ip: \u0027192.168.1.11\u0027, os.name: \u0027Windows 10\u0027, os.arch: \u0027amd64\u0027, os.version: \u002710.0\u0027, java.version: \u00271.8.0_281\u0027\nDriver info: org.openqa.selenium.chrome.ChromeDriver\nCapabilities {acceptInsecureCerts: false, browserName: chrome, browserVersion: 106.0.5249.119, chrome: {chromedriverVersion: 106.0.5249.61 (511755355844..., userDataDir: C:\\Users\\CODEAU~1\\AppData\\L...}, goog:chromeOptions: {debuggerAddress: localhost:61232}, javascriptEnabled: true, networkConnectionEnabled: false, pageLoadStrategy: normal, platform: WINDOWS, platformName: WINDOWS, proxy: Proxy(), setWindowRect: true, strictFileInteractability: false, timeouts: {implicit: 0, pageLoad: 300000, script: 30000}, unhandledPromptBehavior: dismiss and notify, webauthn:extension:credBlob: true, webauthn:extension:largeBlob: true, webauthn:virtualAuthenticators: true}\nSession ID: 5d516378931ee784dee25c897348be8a\n*** Element info: {Using\u003dxpath, value\u003d//p[text()\u003d\u0027Your membership request has been submitted and it is in review. Please contact your administrator with any questions.\u0027]}","stackTrace":[{"declaringClass":"com.ascm.pages.ExamPurchagePage","methodName":"verifyCorporateAccountMessage","fileName":"ExamPurchagePage.java","lineNumber":352},{"declaringClass":"com.test.suite.testSteps.ExamPurchaseSteps","methodName":"verifyCorporateAccountMessage","fileName":"ExamPurchaseSteps.java","lineNumber":31},{"declaringClass":"com.test.suite.stepDefination.CreateStageAccountsStepDefs","methodName":"verifyCorporateAccountMessage","fileName":"CreateStageAccountsStepDefs.java","lineNumber":187},{"declaringClass":"io.cucumber.java.Invoker","methodName":"doInvoke","fileName":"Invoker.java","lineNumber":66},{"declaringClass":"io.cucumber.java.Invoker","methodName":"invoke","fileName":"Invoker.java","lineNumber":24},{"declaringClass":"io.cucumber.java.AbstractGlueDefinition","methodName":"invokeMethod","fileName":"AbstractGlueDefinition.java","lineNumber":47},{"declaringClass":"io.cucumber.java.JavaStepDefinition","methodName":"execute","fileName":"JavaStepDefinition.java","lineNumber":29},{"declaringClass":"io.cucumber.core.runner.CoreStepDefinition","methodName":"execute","fileName":"CoreStepDefinition.java","lineNumber":66},{"declaringClass":"io.cucumber.core.runner.PickleStepDefinitionMatch","methodName":"runStep","fileName":"PickleStepDefinitionMatch.java","lineNumber":63},{"declaringClass":"io.cucumber.core.runner.TestStep","methodName":"executeStep","fileName":"TestStep.java","lineNumber":92},{"declaringClass":"io.cucumber.core.runner.TestStep","methodName":"run","fileName":"TestStep.java","lineNumber":64},{"declaringClass":"io.cucumber.core.runner.PickleStepTestStep","methodName":"run","fileName":"PickleStepTestStep.java","lineNumber":51},{"declaringClass":"io.cucumber.core.runner.TestCase","methodName":"run","fileName":"TestCase.java","lineNumber":104},{"declaringClass":"io.cucumber.core.runner.Runner","methodName":"runPickle","fileName":"Runner.java","lineNumber":73},{"declaringClass":"io.cucumber.junit.FeatureRunner","methodName":"runChild","fileName":"FeatureRunner.java","lineNumber":135},{"declaringClass":"io.cucumber.junit.FeatureRunner","methodName":"runChild","fileName":"FeatureRunner.java","lineNumber":27},{"declaringClass":"io.cucumber.junit.CucumberSerenityRunner","methodName":"runChild","fileName":"CucumberSerenityRunner.java","lineNumber":258},{"declaringClass":"io.cucumber.junit.CucumberSerenityRunner","methodName":"runChild","fileName":"CucumberSerenityRunner.java","lineNumber":57}]},"result":"ERROR","precondition":false,"level":1}]}],"userStory":{"id":"create-corporate-account-by-link","storyName":"Create-Corporate-Account-By-Link","path":"file:///C:/Users/CodeAutomation/Desktop/ACSM/ASCM_Automation/src/test/resources/AllTestCases/BrainTree/Corporate/CreateCorporateAccountByLink.feature","type":"feature"},"featureTag":{"name":"Corporate/Create-Corporate-Account-By-Link","type":"feature","displayName":"Corporate/Create-Corporate-Account-By-Link"},"title":"Create- corporate- account- by- link","description":"","startTime":"2022-10-13T18:45:27.487-04:00[America/New_York]","duration":205971,"testFailureCause":{"errorType":"org.openqa.selenium.NoSuchElementException","message":"no such element: Unable to locate element: {\"method\":\"xpath\",\"selector\":\"//p[text()\u003d\u0027Your membership request has been submitted and it is in review. Please contact your administrator with any questions.\u0027]\"}\n  (Session info: chrome\u003d106.0.5249.119)\nFor documentation on this error, please visit: https://www.seleniumhq.org/exceptions/no_such_element.html\nBuild info: version: \u00273.141.59\u0027, revision: \u0027e82be7d358\u0027, time: \u00272018-11-14T08:17:03\u0027\nSystem info: host: \u0027OK92\u0027, ip: \u0027192.168.1.11\u0027, os.name: \u0027Windows 10\u0027, os.arch: \u0027amd64\u0027, os.version: \u002710.0\u0027, java.version: \u00271.8.0_281\u0027\nDriver info: org.openqa.selenium.chrome.ChromeDriver\nCapabilities {acceptInsecureCerts: false, browserName: chrome, browserVersion: 106.0.5249.119, chrome: {chromedriverVersion: 106.0.5249.61 (511755355844..., userDataDir: C:\\Users\\CODEAU~1\\AppData\\L...}, goog:chromeOptions: {debuggerAddress: localhost:61232}, javascriptEnabled: true, networkConnectionEnabled: false, pageLoadStrategy: normal, platform: WINDOWS, platformName: WINDOWS, proxy: Proxy(), setWindowRect: true, strictFileInteractability: false, timeouts: {implicit: 0, pageLoad: 300000, script: 30000}, unhandledPromptBehavior: dismiss and notify, webauthn:extension:credBlob: true, webauthn:extension:largeBlob: true, webauthn:virtualAuthenticators: true}\nSession ID: 5d516378931ee784dee25c897348be8a\n*** Element info: {Using\u003dxpath, value\u003d//p[text()\u003d\u0027Your membership request has been submitted and it is in review. Please contact your administrator with any questions.\u0027]}","stackTrace":[{"declaringClass":"com.ascm.pages.ExamPurchagePage","methodName":"verifyCorporateAccountMessage","fileName":"ExamPurchagePage.java","lineNumber":352},{"declaringClass":"com.test.suite.testSteps.ExamPurchaseSteps","methodName":"verifyCorporateAccountMessage","fileName":"ExamPurchaseSteps.java","lineNumber":31},{"declaringClass":"com.test.suite.stepDefination.CreateStageAccountsStepDefs","methodName":"verifyCorporateAccountMessage","fileName":"CreateStageAccountsStepDefs.java","lineNumber":187},{"declaringClass":"io.cucumber.java.Invoker","methodName":"doInvoke","fileName":"Invoker.java","lineNumber":66},{"declaringClass":"io.cucumber.java.Invoker","methodName":"invoke","fileName":"Invoker.java","lineNumber":24},{"declaringClass":"io.cucumber.java.AbstractGlueDefinition","methodName":"invokeMethod","fileName":"AbstractGlueDefinition.java","lineNumber":47},{"declaringClass":"io.cucumber.java.JavaStepDefinition","methodName":"execute","fileName":"JavaStepDefinition.java","lineNumber":29},{"declaringClass":"io.cucumber.core.runner.CoreStepDefinition","methodName":"execute","fileName":"CoreStepDefinition.java","lineNumber":66},{"declaringClass":"io.cucumber.core.runner.PickleStepDefinitionMatch","methodName":"runStep","fileName":"PickleStepDefinitionMatch.java","lineNumber":63},{"declaringClass":"io.cucumber.core.runner.TestStep","methodName":"executeStep","fileName":"TestStep.java","lineNumber":92},{"declaringClass":"io.cucumber.core.runner.TestStep","methodName":"run","fileName":"TestStep.java","lineNumber":64},{"declaringClass":"io.cucumber.core.runner.PickleStepTestStep","methodName":"run","fileName":"PickleStepTestStep.java","lineNumber":51},{"declaringClass":"io.cucumber.core.runner.TestCase","methodName":"run","fileName":"TestCase.java","lineNumber":104},{"declaringClass":"io.cucumber.core.runner.Runner","methodName":"runPickle","fileName":"Runner.java","lineNumber":73},{"declaringClass":"io.cucumber.junit.FeatureRunner","methodName":"runChild","fileName":"FeatureRunner.java","lineNumber":135},{"declaringClass":"io.cucumber.junit.FeatureRunner","methodName":"runChild","fileName":"FeatureRunner.java","lineNumber":27},{"declaringClass":"io.cucumber.junit.CucumberSerenityRunner","methodName":"runChild","fileName":"CucumberSerenityRunner.java","lineNumber":258},{"declaringClass":"io.cucumber.junit.CucumberSerenityRunner","methodName":"runChild","fileName":"CucumberSerenityRunner.java","lineNumber":57}]},"testFailureClassname":"org.openqa.selenium.NoSuchElementException","testFailureMessage":"no such element: Unable to locate element: {\"method\":\"xpath\",\"selector\":\"//p[text()\u003d\u0027Your membership request has been submitted and it is in review. Please contact your administrator with any questions.\u0027]\"}\n  (Session info: chrome\u003d106.0.5249.119)\nFor documentation on this error, please visit: https://www.seleniumhq.org/exceptions/no_such_element.html\nBuild info: version: \u00273.141.59\u0027, revision: \u0027e82be7d358\u0027, time: \u00272018-11-14T08:17:03\u0027\nSystem info: host: \u0027OK92\u0027, ip: \u0027192.168.1.11\u0027, os.name: \u0027Windows 10\u0027, os.arch: \u0027amd64\u0027, os.version: \u002710.0\u0027, java.version: \u00271.8.0_281\u0027\nDriver info: org.openqa.selenium.chrome.ChromeDriver\nCapabilities {acceptInsecureCerts: false, browserName: chrome, browserVersion: 106.0.5249.119, chrome: {chromedriverVersion: 106.0.5249.61 (511755355844..., userDataDir: C:\\Users\\CODEAU~1\\AppData\\L...}, goog:chromeOptions: {debuggerAddress: localhost:61232}, javascriptEnabled: true, networkConnectionEnabled: false, pageLoadStrategy: normal, platform: WINDOWS, platformName: WINDOWS, proxy: Proxy(), setWindowRect: true, strictFileInteractability: false, timeouts: {implicit: 0, pageLoad: 300000, script: 30000}, unhandledPromptBehavior: dismiss and notify, webauthn:extension:credBlob: true, webauthn:extension:largeBlob: true, webauthn:virtualAuthenticators: true}\nSession ID: 5d516378931ee784dee25c897348be8a\n*** Element info: {Using\u003dxpath, value\u003d//p[text()\u003d\u0027Your membership request has been submitted and it is in review. Please contact your administrator with any questions.\u0027]}","testFailureSummary":"ERROR;org.openqa.selenium.NoSuchElementException;no such element: Unable to locate element: {\"method\":\"xpath\",\"selector\":\"//p[text()\u003d\u0027Your membership request has been submitted and it is in review. Please contact your administrator with any questions.\u0027]\"}\n  (Session info: chrome\u003d106.0.5249.119)\nFor documentation on this error, please visit: https://www.seleniumhq.org/exceptions/no_such_element.html\nBuild info: version: \u00273.141.59\u0027, revision: \u0027e82be7d358\u0027, time: \u00272018-11-14T08:17:03\u0027\nSystem info: host: \u0027OK92\u0027, ip: \u0027192.168.1.11\u0027, os.name: \u0027Windows 10\u0027, os.arch: \u0027amd64\u0027, os.version: \u002710.0\u0027, java.version: \u00271.8.0_281\u0027\nDriver info: org.openqa.selenium.chrome.ChromeDriver\nCapabilities {acceptInsecureCerts: false, browserName: chrome, browserVersion: 106.0.5249.119, chrome: {chromedriverVersion: 106.0.5249.61 (511755355844..., userDataDir: C:\\Users\\CODEAU~1\\AppData\\L...}, goog:chromeOptions: {debuggerAddress: localhost:61232}, javascriptEnabled: true, networkConnectionEnabled: false, pageLoadStrategy: normal, platform: WINDOWS, platformName: WINDOWS, proxy: Proxy(), setWindowRect: true, strictFileInteractability: false, timeouts: {implicit: 0, pageLoad: 300000, script: 30000}, unhandledPromptBehavior: dismiss and notify, webauthn:extension:credBlob: true, webauthn:extension:largeBlob: true, webauthn:virtualAuthenticators: true}\nSession ID: 5d516378931ee784dee25c897348be8a\n*** Element info: {Using\u003dxpath, value\u003d//p[text()\u003d\u0027Your membership request has been submitted and it is in review. Please contact your administrator with any questions.\u0027]};ExamPurchagePage.java","projectKey":"","annotatedResult":"ERROR","sessionId":"5d516378931ee784dee25c897348be8a","driver":"chrome","isManualTestingUpToDate":false,"manual":false,"testSource":"Cucumber","result":"ERROR"}