{"name":"OneChapWithoutUpgradeMembership","id":"onechapwithoutupgrademembership;onechapwithoutupgrademembership","testSteps":[{"number":1,"description":"Given Launch Create Account","duration":11512,"startTime":"2022-10-13T16:23:36.867-04:00[America/New_York]","result":"SUCCESS","precondition":false,"level":0,"children":[{"number":2,"description":"Launch create account step","duration":11507,"startTime":"2022-10-13T16:23:36.871-04:00[America/New_York]","result":"SUCCESS","precondition":false,"level":1}]},{"number":3,"description":"Then Click on OK button for cookie","duration":65508,"startTime":"2022-10-13T16:23:48.380-04:00[America/New_York]","result":"SUCCESS","precondition":false,"level":0,"children":[{"number":4,"description":"Click on cookie step","duration":65502,"startTime":"2022-10-13T16:23:48.383-04:00[America/New_York]","result":"SUCCESS","precondition":false,"level":1}]},{"number":5,"description":"Then Enter New Email \"email\"","duration":412,"startTime":"2022-10-13T16:24:53.888-04:00[America/New_York]","result":"SUCCESS","precondition":false,"level":0,"children":[{"number":6,"description":"Enter email: Automation1665692693889@gmail.com","duration":409,"startTime":"2022-10-13T16:24:53.890-04:00[America/New_York]","result":"SUCCESS","precondition":false,"level":1}]},{"number":7,"description":"Then Enter New Password \"Testing1\"","duration":410,"startTime":"2022-10-13T16:24:54.301-04:00[America/New_York]","result":"SUCCESS","precondition":false,"level":0,"children":[{"number":8,"description":"Enter password: Testing1","duration":408,"startTime":"2022-10-13T16:24:54.302-04:00[America/New_York]","result":"SUCCESS","precondition":false,"level":1}]},{"number":9,"description":"Then Enter First Name \"Automation\"","duration":392,"startTime":"2022-10-13T16:24:54.712-04:00[America/New_York]","result":"SUCCESS","precondition":false,"level":0,"children":[{"number":10,"description":"Enter first name: Automation","duration":389,"startTime":"2022-10-13T16:24:54.713-04:00[America/New_York]","result":"SUCCESS","precondition":false,"level":1}]},{"number":11,"description":"Then Enter Last Name \"qa\"","duration":380,"startTime":"2022-10-13T16:24:55.104-04:00[America/New_York]","result":"SUCCESS","precondition":false,"level":0,"children":[{"number":12,"description":"Enter last name: qa","duration":378,"startTime":"2022-10-13T16:24:55.105-04:00[America/New_York]","result":"SUCCESS","precondition":false,"level":1}]},{"number":13,"description":"Then Click Ceck Term","duration":60402,"startTime":"2022-10-13T16:24:55.484-04:00[America/New_York]","result":"SUCCESS","precondition":false,"level":0,"children":[{"number":14,"description":"Click check term","duration":60399,"startTime":"2022-10-13T16:24:55.485-04:00[America/New_York]","result":"SUCCESS","precondition":false,"level":1}]},{"number":15,"description":"Then Enter Job Title \"QA\"","duration":384,"startTime":"2022-10-13T16:25:55.887-04:00[America/New_York]","result":"SUCCESS","precondition":false,"level":0,"children":[{"number":16,"description":"Enter job title: QA","duration":382,"startTime":"2022-10-13T16:25:55.888-04:00[America/New_York]","result":"SUCCESS","precondition":false,"level":1}]},{"number":17,"description":"Then Click Submit","duration":30533,"startTime":"2022-10-13T16:25:56.272-04:00[America/New_York]","result":"SUCCESS","precondition":false,"level":0,"children":[{"number":18,"description":"Click submit button step","duration":30528,"startTime":"2022-10-13T16:25:56.273-04:00[America/New_York]","result":"SUCCESS","precondition":false,"level":1}]},{"number":19,"description":"Then Click Login Button","duration":8138,"startTime":"2022-10-13T16:26:26.806-04:00[America/New_York]","result":"SUCCESS","precondition":false,"level":0,"children":[{"number":20,"description":"Click log in button","duration":8135,"startTime":"2022-10-13T16:26:26.808-04:00[America/New_York]","result":"SUCCESS","precondition":false,"level":1}]},{"number":21,"description":"Then Enter username \"email\"","duration":436,"startTime":"2022-10-13T16:26:34.945-04:00[America/New_York]","result":"SUCCESS","precondition":false,"level":0,"children":[{"number":22,"description":"Enter user name step: Automation1665692693889@gmail.com","duration":434,"startTime":"2022-10-13T16:26:34.946-04:00[America/New_York]","result":"SUCCESS","precondition":false,"level":1}]},{"number":23,"description":"Then Enter password \"Testing1\"","duration":382,"startTime":"2022-10-13T16:26:35.382-04:00[America/New_York]","result":"SUCCESS","precondition":false,"level":0,"children":[{"number":24,"description":"Enter password step: Testing1","duration":380,"startTime":"2022-10-13T16:26:35.382-04:00[America/New_York]","result":"SUCCESS","precondition":false,"level":1}]},{"number":25,"description":"And Click submit","duration":14247,"startTime":"2022-10-13T16:26:35.764-04:00[America/New_York]","result":"SUCCESS","precondition":false,"level":0,"children":[{"number":26,"description":"Click submit button step","duration":14245,"startTime":"2022-10-13T16:26:35.765-04:00[America/New_York]","result":"SUCCESS","precondition":false,"level":1}]},{"number":27,"description":"Then Go to Cart","duration":2943,"startTime":"2022-10-13T16:26:50.012-04:00[America/New_York]","result":"SUCCESS","precondition":false,"level":0,"children":[{"number":28,"description":"Go cart page step","duration":2938,"startTime":"2022-10-13T16:26:50.016-04:00[America/New_York]","result":"SUCCESS","precondition":false,"level":1}]},{"number":29,"description":"Then Empty The Cart","duration":30059,"startTime":"2022-10-13T16:26:52.955-04:00[America/New_York]","result":"SUCCESS","precondition":false,"level":0,"children":[{"number":30,"description":"Delete all existing orders","duration":30057,"startTime":"2022-10-13T16:26:52.956-04:00[America/New_York]","result":"SUCCESS","precondition":false,"level":1}]},{"number":31,"description":"Then Go to Membership Page","duration":5530,"startTime":"2022-10-13T16:27:23.015-04:00[America/New_York]","result":"SUCCESS","precondition":false,"level":0,"children":[{"number":32,"description":"Go membership page step","duration":5528,"startTime":"2022-10-13T16:27:23.016-04:00[America/New_York]","result":"SUCCESS","precondition":false,"level":1}]},{"number":33,"description":"Then Click Become a Memeber","duration":4794,"startTime":"2022-10-13T16:27:28.545-04:00[America/New_York]","result":"SUCCESS","precondition":false,"level":0,"children":[{"number":34,"description":"Click on become a member","duration":4792,"startTime":"2022-10-13T16:27:28.546-04:00[America/New_York]","result":"SUCCESS","precondition":false,"level":1}]},{"number":35,"description":"Then Click Agreement Checkbox","duration":3136,"startTime":"2022-10-13T16:27:33.339-04:00[America/New_York]","result":"SUCCESS","precondition":false,"level":0,"children":[{"number":36,"description":"Click agreement checkbox step","duration":3134,"startTime":"2022-10-13T16:27:33.340-04:00[America/New_York]","result":"SUCCESS","precondition":false,"level":1}]},{"number":37,"description":"Then Click Add To Cart button","duration":3348,"startTime":"2022-10-13T16:27:36.475-04:00[America/New_York]","result":"SUCCESS","precondition":false,"level":0,"children":[{"number":38,"description":"Click add to cart button step","duration":3345,"startTime":"2022-10-13T16:27:36.476-04:00[America/New_York]","result":"SUCCESS","precondition":false,"level":1}]},{"number":39,"description":"Then Select Membership Discount Country","duration":3278,"startTime":"2022-10-13T16:27:39.824-04:00[America/New_York]","result":"SUCCESS","precondition":false,"level":0,"children":[{"number":40,"description":"Select country: United States","duration":3275,"startTime":"2022-10-13T16:27:39.826-04:00[America/New_York]","result":"SUCCESS","precondition":false,"level":1}]},{"number":41,"description":"Then Enter Membership Postal Code","duration":387,"startTime":"2022-10-13T16:27:43.103-04:00[America/New_York]","result":"SUCCESS","precondition":false,"level":0,"children":[{"number":42,"description":"Enter membership postal code","duration":385,"startTime":"2022-10-13T16:27:43.104-04:00[America/New_York]","result":"SUCCESS","precondition":false,"level":1}]},{"number":43,"description":"Then Click On Search Chapter Button","duration":109,"startTime":"2022-10-13T16:27:43.491-04:00[America/New_York]","result":"SUCCESS","precondition":false,"level":0,"children":[{"number":44,"description":"Click on search chapter button","duration":107,"startTime":"2022-10-13T16:27:43.492-04:00[America/New_York]","result":"SUCCESS","precondition":false,"level":1}]},{"number":45,"description":"Then Select Item","duration":6267,"startTime":"2022-10-13T16:27:43.601-04:00[America/New_York]","result":"SUCCESS","precondition":false,"level":0,"children":[{"number":46,"description":"Click search bundle","duration":6263,"startTime":"2022-10-13T16:27:43.604-04:00[America/New_York]","result":"SUCCESS","precondition":false,"level":1}]},{"number":47,"description":"Then Add Selected Item","duration":312,"startTime":"2022-10-13T16:27:49.869-04:00[America/New_York]","result":"SUCCESS","precondition":false,"level":0,"children":[{"number":48,"description":"Click add selected button","duration":310,"startTime":"2022-10-13T16:27:49.870-04:00[America/New_York]","result":"SUCCESS","precondition":false,"level":1}]},{"number":49,"description":"Then Click Proceed to Continue button","duration":15232,"startTime":"2022-10-13T16:27:50.181-04:00[America/New_York]","result":"SUCCESS","precondition":false,"level":0,"children":[{"number":50,"description":"Click proceed to check out button step","duration":15225,"startTime":"2022-10-13T16:27:50.186-04:00[America/New_York]","result":"SUCCESS","precondition":false,"level":1}]},{"number":51,"description":"Then click Work Address Radio Button","duration":185126,"startTime":"2022-10-13T16:28:05.414-04:00[America/New_York]","result":"SUCCESS","precondition":false,"level":0,"children":[{"number":52,"description":"Click work address readio button","duration":182123,"startTime":"2022-10-13T16:28:08.415-04:00[America/New_York]","result":"SUCCESS","precondition":false,"level":1}]},{"number":53,"description":"Then Fill in the following fields for international mailing section\r\n| Field | Value |\r\n| company | mailing_company |\r\n| streetAddress | mailing_address |\r\n| City | mailing_city |\r\n| State | mailing_state |\r\n| postalCode | mailing_postal_code |\r\n| CountryType | mailing_country_type |\r\n| Country Code | mailing_country_code |\r\n| Area Code | mailing_area_code |\r\n| Phone Number | mailing_phone_no |","duration":10493,"startTime":"2022-10-13T16:31:10.541-04:00[America/New_York]","result":"SUCCESS","precondition":false,"level":0,"children":[{"number":54,"description":"Enter company: CC","duration":5645,"startTime":"2022-10-13T16:31:10.542-04:00[America/New_York]","result":"SUCCESS","precondition":false,"level":1},{"number":55,"description":"Enter mailing address line1 step: 8430 W Bryn Mawr Ave","duration":2432,"startTime":"2022-10-13T16:31:16.188-04:00[America/New_York]","result":"SUCCESS","precondition":false,"level":1},{"number":56,"description":"Enter mailingcity step: Chicago","duration":421,"startTime":"2022-10-13T16:31:18.620-04:00[America/New_York]","result":"SUCCESS","precondition":false,"level":1},{"number":57,"description":"Enter mailing state step: IL","duration":312,"startTime":"2022-10-13T16:31:19.042-04:00[America/New_York]","result":"SUCCESS","precondition":false,"level":1},{"number":58,"description":"Enter maililing zip code step: 60631","duration":391,"startTime":"2022-10-13T16:31:19.354-04:00[America/New_York]","result":"SUCCESS","precondition":false,"level":1},{"number":59,"description":"Select country type: Work","duration":225,"startTime":"2022-10-13T16:31:19.746-04:00[America/New_York]","result":"SUCCESS","precondition":false,"level":1},{"number":60,"description":"Select country area code: 1","duration":232,"startTime":"2022-10-13T16:31:19.972-04:00[America/New_York]","result":"SUCCESS","precondition":false,"level":1},{"number":61,"description":"Enter area code: 773","duration":414,"startTime":"2022-10-13T16:31:20.205-04:00[America/New_York]","result":"SUCCESS","precondition":false,"level":1},{"number":62,"description":"Enter phone number: 7647422","duration":412,"startTime":"2022-10-13T16:31:20.620-04:00[America/New_York]","result":"SUCCESS","precondition":false,"level":1}]},{"number":63,"description":"Then Click Next Payment Information button","duration":139596,"startTime":"2022-10-13T16:31:21.034-04:00[America/New_York]","result":"SUCCESS","precondition":false,"level":0,"children":[{"number":64,"description":"Click continue button step","duration":139593,"startTime":"2022-10-13T16:31:21.035-04:00[America/New_York]","result":"SUCCESS","precondition":false,"level":1}]},{"number":65,"description":"Then Click same as billing button","duration":111,"startTime":"2022-10-13T16:33:40.630-04:00[America/New_York]","result":"SUCCESS","precondition":false,"level":0,"children":[{"number":66,"description":"Click same as billing button step","duration":109,"startTime":"2022-10-13T16:33:40.631-04:00[America/New_York]","result":"SUCCESS","precondition":false,"level":1}]},{"number":67,"description":"Then Choose a \"Card\" brain tree plan to pay","duration":40218,"startTime":"2022-10-13T16:33:40.742-04:00[America/New_York]","result":"SUCCESS","precondition":false,"level":0,"children":[{"number":68,"description":"Chooseawaytopay: Card","duration":40215,"startTime":"2022-10-13T16:33:40.743-04:00[America/New_York]","result":"SUCCESS","precondition":false,"level":1}]},{"number":69,"description":"Then Fill in the following fields for Brain Tree Payment Method section\r\n| Field | Value |\r\n| Card Number | credit_card_no |\r\n| Expiration | credit_card_expiry |\r\n| Security Code | credit_card_security_code |\r\n| Postal Code | credit_card_postal_code |","duration":41722,"startTime":"2022-10-13T16:34:20.961-04:00[America/New_York]","result":"SUCCESS","precondition":false,"level":0,"children":[{"number":70,"description":"Enter brain tree credit card no step: 4111111111111111","duration":419,"startTime":"2022-10-13T16:35:00.990-04:00[America/New_York]","result":"SUCCESS","precondition":false,"level":1},{"number":71,"description":"Enter brain tree credit expiration step: 01/23","duration":422,"startTime":"2022-10-13T16:35:01.409-04:00[America/New_York]","result":"SUCCESS","precondition":false,"level":1},{"number":72,"description":"Enter brain tree credit card CVV step: 123","duration":409,"startTime":"2022-10-13T16:35:01.831-04:00[America/New_York]","result":"SUCCESS","precondition":false,"level":1},{"number":73,"description":"Enter brain tree credit postal code step: 60631","duration":441,"startTime":"2022-10-13T16:35:02.240-04:00[America/New_York]","result":"SUCCESS","precondition":false,"level":1}]},{"number":74,"description":"Then Click Next Review button","duration":125573,"startTime":"2022-10-13T16:35:02.683-04:00[America/New_York]","result":"SUCCESS","precondition":false,"level":0,"children":[{"number":75,"description":"Click next reviw button step","duration":125569,"startTime":"2022-10-13T16:35:02.685-04:00[America/New_York]","result":"SUCCESS","precondition":false,"level":1}]},{"number":76,"description":"Then Click Place Order button","duration":5235,"startTime":"2022-10-13T16:37:08.257-04:00[America/New_York]","result":"SUCCESS","precondition":false,"level":0,"children":[{"number":77,"description":"Click place order button step","duration":5230,"startTime":"2022-10-13T16:37:08.258-04:00[America/New_York]","result":"SUCCESS","precondition":false,"level":1}]},{"number":78,"description":"Then Get ReferenceCode","duration":28896,"startTime":"2022-10-13T16:37:13.494-04:00[America/New_York]","result":"SUCCESS","precondition":false,"level":0,"children":[{"number":79,"description":"Get reference code","duration":28889,"startTime":"2022-10-13T16:37:13.499-04:00[America/New_York]","result":"SUCCESS","reportData":[{"title":"Reference Code","contents":"Reference Code: PO2218736348","isEvidence":false,"id":"report-data-db5e13a3-a5ee-4c76-9046-3e319fa8857b"}],"precondition":false,"level":1}]}],"userStory":{"id":"onechapwithoutupgrademembership","storyName":"OneChapWithoutUpgradeMembership","path":"file:///C:/Users/CodeAutomation/Desktop/ACSM/ASCM_Automation/src/test/resources/AllTestCases/BrainTree/Memberships/RegularMembership/OneChap+MemershipWithoutUpgrade.feature","type":"feature"},"featureTag":{"name":"Regular membership/OneChapWithoutUpgradeMembership","type":"feature","displayName":"Regular membership/OneChapWithoutUpgradeMembership"},"title":"One chap without upgrade membership","description":"","startTime":"2022-10-13T16:23:36.866-04:00[America/New_York]","duration":845525,"projectKey":"","sessionId":"5f79dac4fcbb9b3070269ae41db030cb","driver":"chrome","isManualTestingUpToDate":false,"manual":false,"testSource":"Cucumber","result":"SUCCESS"}