{"name":"Verify-Membership-Types-with-login","id":"verify-membership-types-with-login;verify-membership-types-with-login","testSteps":[{"number":1,"description":"Given Launch Create Account","duration":11277,"startTime":"2022-10-13T15:33:20.500-04:00[America/New_York]","result":"SUCCESS","precondition":false,"level":0,"children":[{"number":2,"description":"Launch create account step","duration":11271,"startTime":"2022-10-13T15:33:20.505-04:00[America/New_York]","result":"SUCCESS","precondition":false,"level":1}]},{"number":3,"description":"Then Click on OK button for cookie","duration":65424,"startTime":"2022-10-13T15:33:31.778-04:00[America/New_York]","result":"SUCCESS","precondition":false,"level":0,"children":[{"number":4,"description":"Click on cookie step","duration":65419,"startTime":"2022-10-13T15:33:31.781-04:00[America/New_York]","result":"SUCCESS","precondition":false,"level":1}]},{"number":5,"description":"Then Enter New Email \"email\"","duration":439,"startTime":"2022-10-13T15:34:37.202-04:00[America/New_York]","result":"SUCCESS","precondition":false,"level":0,"children":[{"number":6,"description":"Enter email: Automation1665689677203@gmail.com","duration":435,"startTime":"2022-10-13T15:34:37.203-04:00[America/New_York]","result":"SUCCESS","precondition":false,"level":1}]},{"number":7,"description":"Then Enter New Password \"Testing1\"","duration":389,"startTime":"2022-10-13T15:34:37.641-04:00[America/New_York]","result":"SUCCESS","precondition":false,"level":0,"children":[{"number":8,"description":"Enter password: Testing1","duration":386,"startTime":"2022-10-13T15:34:37.643-04:00[America/New_York]","result":"SUCCESS","precondition":false,"level":1}]},{"number":9,"description":"Then Enter First Name \"Automation\"","duration":346,"startTime":"2022-10-13T15:34:38.030-04:00[America/New_York]","result":"SUCCESS","precondition":false,"level":0,"children":[{"number":10,"description":"Enter first name: Automation","duration":344,"startTime":"2022-10-13T15:34:38.031-04:00[America/New_York]","result":"SUCCESS","precondition":false,"level":1}]},{"number":11,"description":"Then Enter Last Name \"qa\"","duration":377,"startTime":"2022-10-13T15:34:38.377-04:00[America/New_York]","result":"SUCCESS","precondition":false,"level":0,"children":[{"number":12,"description":"Enter last name: qa","duration":375,"startTime":"2022-10-13T15:34:38.378-04:00[America/New_York]","result":"SUCCESS","precondition":false,"level":1}]},{"number":13,"description":"Then Click Ceck Term","duration":60392,"startTime":"2022-10-13T15:34:38.754-04:00[America/New_York]","result":"SUCCESS","precondition":false,"level":0,"children":[{"number":14,"description":"Click check term","duration":60388,"startTime":"2022-10-13T15:34:38.755-04:00[America/New_York]","result":"SUCCESS","precondition":false,"level":1}]},{"number":15,"description":"Then Enter Job Title \"QA\"","duration":378,"startTime":"2022-10-13T15:35:39.146-04:00[America/New_York]","result":"SUCCESS","precondition":false,"level":0,"children":[{"number":16,"description":"Enter job title: QA","duration":374,"startTime":"2022-10-13T15:35:39.148-04:00[America/New_York]","result":"SUCCESS","precondition":false,"level":1}]},{"number":17,"description":"Then Click Submit","duration":30409,"startTime":"2022-10-13T15:35:39.524-04:00[America/New_York]","result":"SUCCESS","precondition":false,"level":0,"children":[{"number":18,"description":"Click submit button step","duration":30406,"startTime":"2022-10-13T15:35:39.525-04:00[America/New_York]","result":"SUCCESS","precondition":false,"level":1}]},{"number":19,"description":"Then Click Login Button","duration":8106,"startTime":"2022-10-13T15:36:09.934-04:00[America/New_York]","result":"SUCCESS","precondition":false,"level":0,"children":[{"number":20,"description":"Click log in button","duration":8104,"startTime":"2022-10-13T15:36:09.935-04:00[America/New_York]","result":"SUCCESS","precondition":false,"level":1}]},{"number":21,"description":"Then Enter username \"email\"","duration":406,"startTime":"2022-10-13T15:36:18.040-04:00[America/New_York]","result":"SUCCESS","precondition":false,"level":0,"children":[{"number":22,"description":"Enter user name step: Automation1665689677203@gmail.com","duration":404,"startTime":"2022-10-13T15:36:18.041-04:00[America/New_York]","result":"SUCCESS","precondition":false,"level":1}]},{"number":23,"description":"Then Enter password \"Testing1\"","duration":381,"startTime":"2022-10-13T15:36:18.447-04:00[America/New_York]","result":"SUCCESS","precondition":false,"level":0,"children":[{"number":24,"description":"Enter password step: Testing1","duration":379,"startTime":"2022-10-13T15:36:18.448-04:00[America/New_York]","result":"SUCCESS","precondition":false,"level":1}]},{"number":25,"description":"And Click submit","duration":11820,"startTime":"2022-10-13T15:36:18.828-04:00[America/New_York]","result":"SUCCESS","precondition":false,"level":0,"children":[{"number":26,"description":"Click submit button step","duration":11817,"startTime":"2022-10-13T15:36:18.829-04:00[America/New_York]","result":"SUCCESS","precondition":false,"level":1}]},{"number":27,"description":"Then Go to Cart","duration":2219,"startTime":"2022-10-13T15:36:30.649-04:00[America/New_York]","result":"SUCCESS","precondition":false,"level":0,"children":[{"number":28,"description":"Go cart page step","duration":2213,"startTime":"2022-10-13T15:36:30.654-04:00[America/New_York]","result":"SUCCESS","precondition":false,"level":1}]},{"number":29,"description":"Then Empty The Cart","duration":30048,"startTime":"2022-10-13T15:36:32.869-04:00[America/New_York]","result":"SUCCESS","precondition":false,"level":0,"children":[{"number":30,"description":"Delete all existing orders","duration":30043,"startTime":"2022-10-13T15:36:32.871-04:00[America/New_York]","result":"SUCCESS","precondition":false,"level":1}]},{"number":31,"description":"Then Go to Membership Page","duration":4805,"startTime":"2022-10-13T15:37:02.918-04:00[America/New_York]","result":"SUCCESS","precondition":false,"level":0,"children":[{"number":32,"description":"Go membership page step","duration":4802,"startTime":"2022-10-13T15:37:02.920-04:00[America/New_York]","result":"SUCCESS","precondition":false,"level":1}]},{"number":33,"description":"Then Click Become a Memeber","duration":4522,"startTime":"2022-10-13T15:37:07.723-04:00[America/New_York]","result":"SUCCESS","precondition":false,"level":0,"children":[{"number":34,"description":"Click on become a member","duration":4519,"startTime":"2022-10-13T15:37:07.724-04:00[America/New_York]","result":"SUCCESS","precondition":false,"level":1}]},{"number":35,"description":"Then Click On Membership \"Students\"","duration":5377,"startTime":"2022-10-13T15:37:12.245-04:00[America/New_York]","result":"SUCCESS","precondition":false,"level":0,"children":[{"number":36,"description":"Verify membership types: Students","duration":5374,"startTime":"2022-10-13T15:37:12.247-04:00[America/New_York]","result":"SUCCESS","precondition":false,"level":1}]},{"number":37,"description":"Then Verify \"Student\" Membership is Selected","duration":10084,"startTime":"2022-10-13T15:37:17.623-04:00[America/New_York]","result":"SUCCESS","precondition":false,"level":0,"children":[{"number":38,"description":"Verify membership type selected page: Student","duration":10081,"startTime":"2022-10-13T15:37:17.625-04:00[America/New_York]","result":"SUCCESS","precondition":false,"level":1}]},{"number":39,"description":"Then Go to Previous Page","duration":780,"startTime":"2022-10-13T15:37:27.708-04:00[America/New_York]","result":"SUCCESS","precondition":false,"level":0,"children":[{"number":40,"description":"Go to previous page step","duration":776,"startTime":"2022-10-13T15:37:27.709-04:00[America/New_York]","result":"SUCCESS","precondition":false,"level":1}]},{"number":41,"description":"Then Click On Membership \"Recent Graduates\"","duration":4818,"startTime":"2022-10-13T15:37:28.489-04:00[America/New_York]","result":"SUCCESS","precondition":false,"level":0,"children":[{"number":42,"description":"Verify membership types: Recent Graduates","duration":4813,"startTime":"2022-10-13T15:37:28.492-04:00[America/New_York]","result":"SUCCESS","precondition":false,"level":1}]},{"number":43,"description":"Then Verify \"Recent Graduate\" Membership is Selected","duration":10113,"startTime":"2022-10-13T15:37:33.307-04:00[America/New_York]","result":"SUCCESS","precondition":false,"level":0,"children":[{"number":44,"description":"Verify membership type selected page: Recent Graduate","duration":10111,"startTime":"2022-10-13T15:37:33.308-04:00[America/New_York]","result":"SUCCESS","precondition":false,"level":1}]},{"number":45,"description":"Then Go to Previous Page","duration":883,"startTime":"2022-10-13T15:37:43.421-04:00[America/New_York]","result":"SUCCESS","precondition":false,"level":0,"children":[{"number":46,"description":"Go to previous page step","duration":881,"startTime":"2022-10-13T15:37:43.422-04:00[America/New_York]","result":"SUCCESS","precondition":false,"level":1}]},{"number":47,"description":"Then Click On Membership \"Academic\"","duration":4373,"startTime":"2022-10-13T15:37:44.305-04:00[America/New_York]","result":"SUCCESS","precondition":false,"level":0,"children":[{"number":48,"description":"Verify membership types: Academic","duration":4371,"startTime":"2022-10-13T15:37:44.306-04:00[America/New_York]","result":"SUCCESS","precondition":false,"level":1}]},{"number":49,"description":"Then Verify \"Academic\" Membership is Selected","duration":10090,"startTime":"2022-10-13T15:37:48.678-04:00[America/New_York]","result":"SUCCESS","precondition":false,"level":0,"children":[{"number":50,"description":"Verify membership type selected page: Academic","duration":10088,"startTime":"2022-10-13T15:37:48.679-04:00[America/New_York]","result":"SUCCESS","precondition":false,"level":1}]},{"number":51,"description":"Then Go to Previous Page","duration":731,"startTime":"2022-10-13T15:37:58.769-04:00[America/New_York]","result":"SUCCESS","precondition":false,"level":0,"children":[{"number":52,"description":"Go to previous page step","duration":725,"startTime":"2022-10-13T15:37:58.772-04:00[America/New_York]","result":"SUCCESS","precondition":false,"level":1}]},{"number":53,"description":"Then Click On Membership \"Federal Employee\"","duration":3922,"startTime":"2022-10-13T15:37:59.501-04:00[America/New_York]","result":"SUCCESS","precondition":false,"level":0,"children":[{"number":54,"description":"Verify membership types: Federal Employee","duration":3917,"startTime":"2022-10-13T15:37:59.504-04:00[America/New_York]","result":"SUCCESS","precondition":false,"level":1}]},{"number":55,"description":"Then Verify \"Federal Employee\" Membership is Selected","duration":10116,"startTime":"2022-10-13T15:38:03.423-04:00[America/New_York]","result":"SUCCESS","precondition":false,"level":0,"children":[{"number":56,"description":"Verify membership type selected page: Federal Employee","duration":10114,"startTime":"2022-10-13T15:38:03.424-04:00[America/New_York]","result":"SUCCESS","precondition":false,"level":1}]},{"number":57,"description":"Then Go to Previous Page","duration":2257,"startTime":"2022-10-13T15:38:13.539-04:00[America/New_York]","result":"SUCCESS","precondition":false,"level":0,"children":[{"number":58,"description":"Go to previous page step","duration":2255,"startTime":"2022-10-13T15:38:13.540-04:00[America/New_York]","result":"SUCCESS","precondition":false,"level":1}]},{"number":59,"description":"Then Click On Membership \"Active Duty Military\"","duration":3656,"startTime":"2022-10-13T15:38:15.797-04:00[America/New_York]","result":"SUCCESS","precondition":false,"level":0,"children":[{"number":60,"description":"Verify membership types: Active Duty Military","duration":3654,"startTime":"2022-10-13T15:38:15.798-04:00[America/New_York]","result":"SUCCESS","precondition":false,"level":1}]},{"number":61,"description":"Then Verify \"Active Duty Military\" Membership is Selected","duration":10096,"startTime":"2022-10-13T15:38:19.454-04:00[America/New_York]","result":"SUCCESS","precondition":false,"level":0,"children":[{"number":62,"description":"Verify membership type selected page: Active Duty Military","duration":10094,"startTime":"2022-10-13T15:38:19.455-04:00[America/New_York]","result":"SUCCESS","precondition":false,"level":1}]},{"number":63,"description":"Then Go to Previous Page","duration":954,"startTime":"2022-10-13T15:38:29.551-04:00[America/New_York]","result":"SUCCESS","precondition":false,"level":0,"children":[{"number":64,"description":"Go to previous page step","duration":953,"startTime":"2022-10-13T15:38:29.551-04:00[America/New_York]","result":"SUCCESS","precondition":false,"level":1}]},{"number":65,"description":"Then Click On Membership \"Unemployed\"","duration":3806,"startTime":"2022-10-13T15:38:30.506-04:00[America/New_York]","result":"SUCCESS","precondition":false,"level":0,"children":[{"number":66,"description":"Verify membership types: Unemployed","duration":3802,"startTime":"2022-10-13T15:38:30.507-04:00[America/New_York]","result":"SUCCESS","precondition":false,"level":1}]},{"number":67,"description":"Then Verify \"Unemployed\" Membership is Selected","duration":10109,"startTime":"2022-10-13T15:38:34.312-04:00[America/New_York]","result":"SUCCESS","precondition":false,"level":0,"children":[{"number":68,"description":"Verify membership type selected page: Unemployed","duration":10106,"startTime":"2022-10-13T15:38:34.314-04:00[America/New_York]","result":"SUCCESS","precondition":false,"level":1}]},{"number":69,"description":"Then Go to Previous Page","duration":961,"startTime":"2022-10-13T15:38:44.422-04:00[America/New_York]","result":"SUCCESS","precondition":false,"level":0,"children":[{"number":70,"description":"Go to previous page step","duration":959,"startTime":"2022-10-13T15:38:44.423-04:00[America/New_York]","result":"SUCCESS","precondition":false,"level":1}]}],"userStory":{"id":"verify-membership-types-with-login","storyName":"Verify-Membership-Types-with-login","path":"file:///C:/Users/CodeAutomation/Desktop/ACSM/ASCM_Automation/src/test/resources/AllTestCases/BrainTree/Memberships/VerifyMembershipTypes.feature","type":"feature"},"featureTag":{"name":"Memberships/Verify-Membership-Types-with-login","type":"feature","displayName":"Memberships/Verify-Membership-Types-with-login"},"title":"Verify- membership- types-with-login","description":"","startTime":"2022-10-13T15:33:20.499-04:00[America/New_York]","duration":324885,"projectKey":"","sessionId":"ece22da63ac10145e6e7c6bb4388d518","driver":"chrome","isManualTestingUpToDate":false,"manual":false,"testSource":"Cucumber","result":"SUCCESS"}