{"name":"Verify-auto-renew-toggle-ON-while-checking-out","id":"verify-auto-renew-toggle-on-while-checking-out;verify-auto-renew-toggle-on-while-checking-out","testSteps":[{"number":1,"description":"Given Launch Create Account","duration":372734,"startTime":"2022-10-13T18:10:59.762-04:00[America/New_York]","result":"SUCCESS","precondition":false,"level":0,"children":[{"number":2,"description":"Launch create account step","duration":372728,"startTime":"2022-10-13T18:10:59.766-04:00[America/New_York]","result":"SUCCESS","precondition":false,"level":1}]},{"number":3,"description":"Then Click on OK button for cookie","duration":65380,"startTime":"2022-10-13T18:17:12.496-04:00[America/New_York]","result":"SUCCESS","precondition":false,"level":0,"children":[{"number":4,"description":"Click on cookie step","duration":65374,"startTime":"2022-10-13T18:17:12.500-04:00[America/New_York]","result":"SUCCESS","precondition":false,"level":1}]},{"number":5,"description":"Then Enter New Email \"email\"","duration":432,"startTime":"2022-10-13T18:18:17.877-04:00[America/New_York]","result":"SUCCESS","precondition":false,"level":0,"children":[{"number":6,"description":"Enter email: Automation1665699497877@gmail.com","duration":430,"startTime":"2022-10-13T18:18:17.878-04:00[America/New_York]","result":"SUCCESS","precondition":false,"level":1}]},{"number":7,"description":"Then Enter New Password \"Testing1\"","duration":414,"startTime":"2022-10-13T18:18:18.310-04:00[America/New_York]","result":"SUCCESS","precondition":false,"level":0,"children":[{"number":8,"description":"Enter password: Testing1","duration":411,"startTime":"2022-10-13T18:18:18.311-04:00[America/New_York]","result":"SUCCESS","precondition":false,"level":1}]},{"number":9,"description":"Then Enter First Name \"Automation\"","duration":393,"startTime":"2022-10-13T18:18:18.724-04:00[America/New_York]","result":"SUCCESS","precondition":false,"level":0,"children":[{"number":10,"description":"Enter first name: Automation","duration":391,"startTime":"2022-10-13T18:18:18.725-04:00[America/New_York]","result":"SUCCESS","precondition":false,"level":1}]},{"number":11,"description":"Then Enter Last Name \"qa\"","duration":385,"startTime":"2022-10-13T18:18:19.118-04:00[America/New_York]","result":"SUCCESS","precondition":false,"level":0,"children":[{"number":12,"description":"Enter last name: qa","duration":383,"startTime":"2022-10-13T18:18:19.119-04:00[America/New_York]","result":"SUCCESS","precondition":false,"level":1}]},{"number":13,"description":"Then Click Ceck Term","duration":60384,"startTime":"2022-10-13T18:18:19.503-04:00[America/New_York]","result":"SUCCESS","precondition":false,"level":0,"children":[{"number":14,"description":"Click check term","duration":60381,"startTime":"2022-10-13T18:18:19.504-04:00[America/New_York]","result":"SUCCESS","precondition":false,"level":1}]},{"number":15,"description":"Then Enter Job Title \"QA\"","duration":394,"startTime":"2022-10-13T18:19:19.888-04:00[America/New_York]","result":"SUCCESS","precondition":false,"level":0,"children":[{"number":16,"description":"Enter job title: QA","duration":392,"startTime":"2022-10-13T18:19:19.889-04:00[America/New_York]","result":"SUCCESS","precondition":false,"level":1}]},{"number":17,"description":"Then Click Submit","duration":45386,"startTime":"2022-10-13T18:19:20.282-04:00[America/New_York]","result":"SUCCESS","precondition":false,"level":0,"children":[{"number":18,"description":"Click submit button step","duration":45382,"startTime":"2022-10-13T18:19:20.283-04:00[America/New_York]","result":"SUCCESS","precondition":false,"level":1}]},{"number":19,"description":"Then Click Login Button","duration":7658,"startTime":"2022-10-13T18:20:05.669-04:00[America/New_York]","result":"SUCCESS","precondition":false,"level":0,"children":[{"number":20,"description":"Click log in button","duration":7655,"startTime":"2022-10-13T18:20:05.670-04:00[America/New_York]","result":"SUCCESS","precondition":false,"level":1}]},{"number":21,"description":"Then Enter username \"email\"","duration":440,"startTime":"2022-10-13T18:20:13.327-04:00[America/New_York]","result":"SUCCESS","precondition":false,"level":0,"children":[{"number":22,"description":"Enter user name step: Automation1665699497877@gmail.com","duration":438,"startTime":"2022-10-13T18:20:13.328-04:00[America/New_York]","result":"SUCCESS","precondition":false,"level":1}]},{"number":23,"description":"Then Enter password \"Testing1\"","duration":402,"startTime":"2022-10-13T18:20:13.768-04:00[America/New_York]","result":"SUCCESS","precondition":false,"level":0,"children":[{"number":24,"description":"Enter password step: Testing1","duration":400,"startTime":"2022-10-13T18:20:13.769-04:00[America/New_York]","result":"SUCCESS","precondition":false,"level":1}]},{"number":25,"description":"And Click submit","duration":47784,"startTime":"2022-10-13T18:20:14.171-04:00[America/New_York]","result":"SUCCESS","precondition":false,"level":0,"children":[{"number":26,"description":"Click submit button step","duration":47781,"startTime":"2022-10-13T18:20:14.171-04:00[America/New_York]","result":"SUCCESS","precondition":false,"level":1}]},{"number":27,"description":"Then Go to Cart","duration":41254,"startTime":"2022-10-13T18:21:01.956-04:00[America/New_York]","result":"SUCCESS","precondition":false,"level":0,"children":[{"number":28,"description":"Go cart page step","duration":41248,"startTime":"2022-10-13T18:21:01.961-04:00[America/New_York]","result":"SUCCESS","precondition":false,"level":1}]},{"number":29,"description":"Then Empty The Cart","duration":30057,"startTime":"2022-10-13T18:21:43.211-04:00[America/New_York]","result":"SUCCESS","precondition":false,"level":0,"children":[{"number":30,"description":"Delete all existing orders","duration":30055,"startTime":"2022-10-13T18:21:43.212-04:00[America/New_York]","result":"SUCCESS","precondition":false,"level":1}]},{"number":31,"description":"Then Go to Membership Page","duration":27798,"startTime":"2022-10-13T18:22:13.269-04:00[America/New_York]","result":"SUCCESS","precondition":false,"level":0,"children":[{"number":32,"description":"Go membership page step","duration":27795,"startTime":"2022-10-13T18:22:13.271-04:00[America/New_York]","result":"SUCCESS","precondition":false,"level":1}]},{"number":33,"description":"Then Click Become a Memeber","duration":106347,"startTime":"2022-10-13T18:22:41.067-04:00[America/New_York]","result":"SUCCESS","precondition":false,"level":0,"children":[{"number":34,"description":"Click on become a member","duration":106344,"startTime":"2022-10-13T18:22:41.068-04:00[America/New_York]","result":"SUCCESS","precondition":false,"level":1}]},{"number":35,"description":"Then Click Agreement Checkbox","duration":3120,"startTime":"2022-10-13T18:24:27.414-04:00[America/New_York]","result":"SUCCESS","precondition":false,"level":0,"children":[{"number":36,"description":"Click agreement checkbox step","duration":3117,"startTime":"2022-10-13T18:24:27.415-04:00[America/New_York]","result":"SUCCESS","precondition":false,"level":1}]},{"number":37,"description":"Then Click Add To Cart button","duration":3330,"startTime":"2022-10-13T18:24:30.534-04:00[America/New_York]","result":"SUCCESS","precondition":false,"level":0,"children":[{"number":38,"description":"Click add to cart button step","duration":3327,"startTime":"2022-10-13T18:24:30.535-04:00[America/New_York]","result":"SUCCESS","precondition":false,"level":1}]},{"number":39,"description":"Then Click Skip Membership Chapter","duration":3147,"startTime":"2022-10-13T18:24:33.865-04:00[America/New_York]","result":"SUCCESS","precondition":false,"level":0,"children":[{"number":40,"description":"Click skip membership button step","duration":3145,"startTime":"2022-10-13T18:24:33.866-04:00[America/New_York]","result":"SUCCESS","precondition":false,"level":1}]},{"number":41,"description":"Then Click Proceed to Continue button","duration":44610,"startTime":"2022-10-13T18:24:37.013-04:00[America/New_York]","result":"SUCCESS","precondition":false,"level":0,"children":[{"number":42,"description":"Click proceed to check out button step","duration":44603,"startTime":"2022-10-13T18:24:37.017-04:00[America/New_York]","result":"SUCCESS","precondition":false,"level":1}]},{"number":43,"description":"Then click Work Address Radio Button","duration":184733,"startTime":"2022-10-13T18:25:21.624-04:00[America/New_York]","result":"SUCCESS","precondition":false,"level":0,"children":[{"number":44,"description":"Click work address readio button","duration":181715,"startTime":"2022-10-13T18:25:24.640-04:00[America/New_York]","result":"SUCCESS","precondition":false,"level":1}]},{"number":45,"description":"Then Fill in the following fields for international mailing section\r\n| Field | Value |\r\n| company | mailing_company |\r\n| streetAddress | mailing_address |\r\n| City | mailing_city |\r\n| State | mailing_state |\r\n| postalCode | mailing_postal_code |\r\n| CountryType | mailing_country_type |\r\n| Country Code | mailing_country_code |\r\n| Area Code | mailing_area_code |\r\n| Phone Number | mailing_phone_no |","duration":10646,"startTime":"2022-10-13T18:28:26.357-04:00[America/New_York]","result":"SUCCESS","precondition":false,"level":0,"children":[{"number":46,"description":"Enter company: CC","duration":5745,"startTime":"2022-10-13T18:28:26.359-04:00[America/New_York]","result":"SUCCESS","precondition":false,"level":1},{"number":47,"description":"Enter mailing address line1 step: 8430 W Bryn Mawr Ave","duration":2443,"startTime":"2022-10-13T18:28:32.105-04:00[America/New_York]","result":"SUCCESS","precondition":false,"level":1},{"number":48,"description":"Enter mailingcity step: Chicago","duration":411,"startTime":"2022-10-13T18:28:34.548-04:00[America/New_York]","result":"SUCCESS","precondition":false,"level":1},{"number":49,"description":"Enter mailing state step: IL","duration":326,"startTime":"2022-10-13T18:28:34.959-04:00[America/New_York]","result":"SUCCESS","precondition":false,"level":1},{"number":50,"description":"Enter maililing zip code step: 60631","duration":379,"startTime":"2022-10-13T18:28:35.285-04:00[America/New_York]","result":"SUCCESS","precondition":false,"level":1},{"number":51,"description":"Select country type: Work","duration":230,"startTime":"2022-10-13T18:28:35.664-04:00[America/New_York]","result":"SUCCESS","precondition":false,"level":1},{"number":52,"description":"Select country area code: 1","duration":272,"startTime":"2022-10-13T18:28:35.894-04:00[America/New_York]","result":"SUCCESS","precondition":false,"level":1},{"number":53,"description":"Enter area code: 773","duration":436,"startTime":"2022-10-13T18:28:36.167-04:00[America/New_York]","result":"SUCCESS","precondition":false,"level":1},{"number":54,"description":"Enter phone number: 7647422","duration":398,"startTime":"2022-10-13T18:28:36.604-04:00[America/New_York]","result":"SUCCESS","precondition":false,"level":1}]},{"number":55,"description":"Then Click Next Payment Information button","duration":139874,"startTime":"2022-10-13T18:28:37.004-04:00[America/New_York]","result":"SUCCESS","precondition":false,"level":0,"children":[{"number":56,"description":"Click continue button step","duration":139869,"startTime":"2022-10-13T18:28:37.005-04:00[America/New_York]","result":"SUCCESS","precondition":false,"level":1}]},{"number":57,"description":"Then Click same as billing button","duration":149,"startTime":"2022-10-13T18:30:56.879-04:00[America/New_York]","result":"SUCCESS","precondition":false,"level":0,"children":[{"number":58,"description":"Click same as billing button step","duration":144,"startTime":"2022-10-13T18:30:56.882-04:00[America/New_York]","result":"SUCCESS","precondition":false,"level":1}]},{"number":59,"description":"Then Choose a \"Card\" brain tree plan to pay","duration":40177,"startTime":"2022-10-13T18:30:57.028-04:00[America/New_York]","result":"SUCCESS","precondition":false,"level":0,"children":[{"number":60,"description":"Chooseawaytopay: Card","duration":40174,"startTime":"2022-10-13T18:30:57.029-04:00[America/New_York]","result":"SUCCESS","precondition":false,"level":1}]},{"number":61,"description":"Then Fill in the following fields for Brain Tree Payment Method section\r\n| Field | Value |\r\n| Card Number | credit_card_no |\r\n| Expiration | credit_card_expiry |\r\n| Security Code | credit_card_security_code |\r\n| Postal Code | credit_card_postal_code |","duration":41908,"startTime":"2022-10-13T18:31:37.205-04:00[America/New_York]","result":"SUCCESS","precondition":false,"level":0,"children":[{"number":62,"description":"Enter brain tree credit card no step: 4111111111111111","duration":520,"startTime":"2022-10-13T18:32:17.290-04:00[America/New_York]","result":"SUCCESS","precondition":false,"level":1},{"number":63,"description":"Enter brain tree credit expiration step: 01/23","duration":424,"startTime":"2022-10-13T18:32:17.810-04:00[America/New_York]","result":"SUCCESS","precondition":false,"level":1},{"number":64,"description":"Enter brain tree credit card CVV step: 123","duration":446,"startTime":"2022-10-13T18:32:18.235-04:00[America/New_York]","result":"SUCCESS","precondition":false,"level":1},{"number":65,"description":"Enter brain tree credit postal code step: 60631","duration":430,"startTime":"2022-10-13T18:32:18.681-04:00[America/New_York]","result":"SUCCESS","precondition":false,"level":1}]},{"number":66,"description":"Then Click Next Review button","duration":125750,"startTime":"2022-10-13T18:32:19.113-04:00[America/New_York]","result":"SUCCESS","precondition":false,"level":0,"children":[{"number":67,"description":"Click next reviw button step","duration":125747,"startTime":"2022-10-13T18:32:19.114-04:00[America/New_York]","result":"SUCCESS","precondition":false,"level":1}]},{"number":68,"description":"Then Click Place Order button","duration":5264,"startTime":"2022-10-13T18:34:24.864-04:00[America/New_York]","result":"SUCCESS","precondition":false,"level":0,"children":[{"number":69,"description":"Click place order button step","duration":5261,"startTime":"2022-10-13T18:34:24.864-04:00[America/New_York]","result":"SUCCESS","precondition":false,"level":1}]},{"number":70,"description":"Then Get ReferenceCode","duration":43064,"startTime":"2022-10-13T18:34:30.129-04:00[America/New_York]","result":"SUCCESS","precondition":false,"level":0,"children":[{"number":71,"description":"Get reference code","duration":43060,"startTime":"2022-10-13T18:34:30.131-04:00[America/New_York]","result":"SUCCESS","reportData":[{"title":"Reference Code","contents":"Reference Code: PO2218743595","isEvidence":false,"id":"report-data-be9be3d5-92d2-4c61-9ee8-104426c3b797"}],"precondition":false,"level":1}]},{"number":72,"description":"Then Go to Membership Page","duration":5556,"startTime":"2022-10-13T18:35:13.194-04:00[America/New_York]","result":"SUCCESS","precondition":false,"level":0,"children":[{"number":73,"description":"Go membership page step","duration":5554,"startTime":"2022-10-13T18:35:13.195-04:00[America/New_York]","result":"SUCCESS","precondition":false,"level":1}]},{"number":74,"description":"Then Verify \"base membership\" is visible","duration":67,"startTime":"2022-10-13T18:35:18.751-04:00[America/New_York]","result":"SUCCESS","precondition":false,"level":0,"children":[{"number":75,"description":"Verify toggle heading: base membership","duration":65,"startTime":"2022-10-13T18:35:18.752-04:00[America/New_York]","result":"SUCCESS","precondition":false,"level":1}]},{"number":76,"description":"Then Verify \"base membership\" Toggle \"on\"","duration":39,"startTime":"2022-10-13T18:35:18.818-04:00[America/New_York]","result":"SUCCESS","precondition":false,"level":0,"children":[{"number":77,"description":"Verify toggle: base membership, on","duration":37,"startTime":"2022-10-13T18:35:18.819-04:00[America/New_York]","result":"SUCCESS","precondition":false,"level":1}]}],"userStory":{"id":"verify-auto-renew-toggle-on-while-checking-out","storyName":"Verify-auto-renew-toggle-ON-while-checking-out","path":"file:///C:/Users/CodeAutomation/Desktop/ACSM/ASCM_Automation/src/test/resources/AllTestCases/BrainTree/Memberships/AnnualMembership/VerifyAutoRenewToggleONWhileCheckingOut.feature","type":"feature"},"featureTag":{"name":"Annual membership/Verify-auto-renew-toggle-ON-while-checking-out","type":"feature","displayName":"Annual membership/Verify-auto-renew-toggle-ON-while-checking-out"},"title":"Verify-auto-renew-toggle-on-while-checking-out","description":"","startTime":"2022-10-13T18:10:59.760-04:00[America/New_York]","duration":1459098,"projectKey":"","sessionId":"15bf8f1564f5d2dbe5caafefee6dedab","driver":"chrome","isManualTestingUpToDate":false,"manual":false,"testSource":"Cucumber","result":"SUCCESS"}