{"name":"Purchase-CPIM-PromoCode","id":"purchase-cpim-promocode;purchase-cpim-promocode","testSteps":[{"number":1,"description":"Given Launch Create Account","duration":12012,"startTime":"2022-10-13T17:30:43.174-04:00[America/New_York]","result":"SUCCESS","precondition":false,"level":0,"children":[{"number":2,"description":"Launch create account step","duration":12006,"startTime":"2022-10-13T17:30:43.179-04:00[America/New_York]","result":"SUCCESS","precondition":false,"level":1}]},{"number":3,"description":"Then Click on OK button for cookie","duration":65366,"startTime":"2022-10-13T17:30:55.187-04:00[America/New_York]","result":"SUCCESS","precondition":false,"level":0,"children":[{"number":4,"description":"Click on cookie step","duration":65355,"startTime":"2022-10-13T17:30:55.192-04:00[America/New_York]","result":"SUCCESS","precondition":false,"level":1}]},{"number":5,"description":"Then Enter New Email \"email\"","duration":475,"startTime":"2022-10-13T17:32:00.555-04:00[America/New_York]","result":"SUCCESS","precondition":false,"level":0,"children":[{"number":6,"description":"Enter email: Automation1665696720557@gmail.com","duration":469,"startTime":"2022-10-13T17:32:00.559-04:00[America/New_York]","result":"SUCCESS","precondition":false,"level":1}]},{"number":7,"description":"Then Enter New Password \"Test1234\"","duration":423,"startTime":"2022-10-13T17:32:01.030-04:00[America/New_York]","result":"SUCCESS","precondition":false,"level":0,"children":[{"number":8,"description":"Enter password: Test1234","duration":421,"startTime":"2022-10-13T17:32:01.031-04:00[America/New_York]","result":"SUCCESS","precondition":false,"level":1}]},{"number":9,"description":"Then Enter First Name \"Automation\"","duration":394,"startTime":"2022-10-13T17:32:01.454-04:00[America/New_York]","result":"SUCCESS","precondition":false,"level":0,"children":[{"number":10,"description":"Enter first name: Automation","duration":393,"startTime":"2022-10-13T17:32:01.454-04:00[America/New_York]","result":"SUCCESS","precondition":false,"level":1}]},{"number":11,"description":"Then Enter Last Name \"qa\"","duration":399,"startTime":"2022-10-13T17:32:01.849-04:00[America/New_York]","result":"SUCCESS","precondition":false,"level":0,"children":[{"number":12,"description":"Enter last name: qa","duration":397,"startTime":"2022-10-13T17:32:01.850-04:00[America/New_York]","result":"SUCCESS","precondition":false,"level":1}]},{"number":13,"description":"Then Click Ceck Term","duration":60463,"startTime":"2022-10-13T17:32:02.248-04:00[America/New_York]","result":"SUCCESS","precondition":false,"level":0,"children":[{"number":14,"description":"Click check term","duration":60459,"startTime":"2022-10-13T17:32:02.249-04:00[America/New_York]","result":"SUCCESS","precondition":false,"level":1}]},{"number":15,"description":"Then Click Submit","duration":30537,"startTime":"2022-10-13T17:33:02.712-04:00[America/New_York]","result":"SUCCESS","precondition":false,"level":0,"children":[{"number":16,"description":"Click submit button step","duration":30529,"startTime":"2022-10-13T17:33:02.714-04:00[America/New_York]","result":"SUCCESS","precondition":false,"level":1}]},{"number":17,"description":"Then Click Login Button","duration":7978,"startTime":"2022-10-13T17:33:33.250-04:00[America/New_York]","result":"SUCCESS","precondition":false,"level":0,"children":[{"number":18,"description":"Click log in button","duration":7975,"startTime":"2022-10-13T17:33:33.252-04:00[America/New_York]","result":"SUCCESS","precondition":false,"level":1}]},{"number":19,"description":"Then Enter username \"email\"","duration":414,"startTime":"2022-10-13T17:33:41.228-04:00[America/New_York]","result":"SUCCESS","precondition":false,"level":0,"children":[{"number":20,"description":"Enter user name step: Automation1665696720557@gmail.com","duration":412,"startTime":"2022-10-13T17:33:41.229-04:00[America/New_York]","result":"SUCCESS","precondition":false,"level":1}]},{"number":21,"description":"Then Enter password \"Test1234\"","duration":383,"startTime":"2022-10-13T17:33:41.643-04:00[America/New_York]","result":"SUCCESS","precondition":false,"level":0,"children":[{"number":22,"description":"Enter password step: Test1234","duration":381,"startTime":"2022-10-13T17:33:41.644-04:00[America/New_York]","result":"SUCCESS","precondition":false,"level":1}]},{"number":23,"description":"And Click submit","duration":11624,"startTime":"2022-10-13T17:33:42.026-04:00[America/New_York]","result":"SUCCESS","precondition":false,"level":0,"children":[{"number":24,"description":"Click submit button step","duration":11621,"startTime":"2022-10-13T17:33:42.027-04:00[America/New_York]","result":"SUCCESS","precondition":false,"level":1}]},{"number":25,"description":"Then Go to Cart","duration":2071,"startTime":"2022-10-13T17:33:53.650-04:00[America/New_York]","result":"SUCCESS","precondition":false,"level":0,"children":[{"number":26,"description":"Go cart page step","duration":2067,"startTime":"2022-10-13T17:33:53.653-04:00[America/New_York]","result":"SUCCESS","precondition":false,"level":1}]},{"number":27,"description":"Then Empty The Cart","duration":30035,"startTime":"2022-10-13T17:33:55.722-04:00[America/New_York]","result":"SUCCESS","precondition":false,"level":0,"children":[{"number":28,"description":"Delete all existing orders","duration":30032,"startTime":"2022-10-13T17:33:55.723-04:00[America/New_York]","result":"SUCCESS","precondition":false,"level":1}]},{"number":29,"description":"Then Click Learning And Development Top Navigation","duration":5148,"startTime":"2022-10-13T17:34:25.757-04:00[America/New_York]","result":"SUCCESS","precondition":false,"level":0,"children":[{"number":30,"description":"Click learning and development top navigation","duration":5143,"startTime":"2022-10-13T17:34:25.761-04:00[America/New_York]","result":"SUCCESS","precondition":false,"level":1}]},{"number":31,"description":"Then Click CPIM","duration":13427,"startTime":"2022-10-13T17:34:30.906-04:00[America/New_York]","result":"SUCCESS","precondition":false,"level":0,"children":[{"number":32,"description":"Click CPIM","duration":13425,"startTime":"2022-10-13T17:34:30.907-04:00[America/New_York]","result":"SUCCESS","precondition":false,"level":1}]},{"number":33,"description":"Then Click Bundle Add To Card","duration":118,"startTime":"2022-10-13T17:34:44.333-04:00[America/New_York]","result":"SUCCESS","precondition":false,"level":0,"children":[{"number":34,"description":"Click bundle add to card exam button","duration":115,"startTime":"2022-10-13T17:34:44.335-04:00[America/New_York]","result":"SUCCESS","precondition":false,"level":1}]},{"number":35,"description":"Then Click Skip Membership Chapter","duration":3206,"startTime":"2022-10-13T17:34:44.451-04:00[America/New_York]","result":"SUCCESS","precondition":false,"level":0,"children":[{"number":36,"description":"Click skip membership button step","duration":3203,"startTime":"2022-10-13T17:34:44.453-04:00[America/New_York]","result":"SUCCESS","precondition":false,"level":1}]},{"number":37,"description":"Then Click Bundle Aggress Button","duration":118,"startTime":"2022-10-13T17:34:47.658-04:00[America/New_York]","result":"SUCCESS","precondition":false,"level":0,"children":[{"number":38,"description":"Click aggress button","duration":116,"startTime":"2022-10-13T17:34:47.659-04:00[America/New_York]","result":"SUCCESS","precondition":false,"level":1}]},{"number":39,"description":"Then Enter Promo Code","duration":43968,"startTime":"2022-10-13T17:34:47.777-04:00[America/New_York]","result":"SUCCESS","precondition":false,"level":0,"children":[{"number":40,"description":"Enter promo code step: ACMEDIA10","duration":43958,"startTime":"2022-10-13T17:34:47.780-04:00[America/New_York]","result":"SUCCESS","precondition":false,"level":1}]},{"number":41,"description":"Then Click Promo Code Apply","duration":8,"startTime":"2022-10-13T17:35:31.746-04:00[America/New_York]","result":"SUCCESS","precondition":false,"level":0,"children":[{"number":42,"description":"Click prmo code apply step","duration":3,"startTime":"2022-10-13T17:35:31.749-04:00[America/New_York]","result":"SUCCESS","precondition":false,"level":1}]},{"number":43,"description":"Then Click Proceed to Continue button","duration":22048,"startTime":"2022-10-13T17:35:31.755-04:00[America/New_York]","result":"SUCCESS","precondition":false,"level":0,"children":[{"number":44,"description":"Click proceed to check out button step","duration":22044,"startTime":"2022-10-13T17:35:31.757-04:00[America/New_York]","result":"SUCCESS","precondition":false,"level":1}]},{"number":45,"description":"Then Get Promo Discount Amount","duration":10214,"startTime":"2022-10-13T17:35:53.803-04:00[America/New_York]","result":"SUCCESS","precondition":false,"level":0,"children":[{"number":46,"description":"Get promo discount value step","duration":10212,"startTime":"2022-10-13T17:35:53.804-04:00[America/New_York]","result":"SUCCESS","precondition":false,"level":1}]},{"number":47,"description":"Then click Work Address Radio Button","duration":184917,"startTime":"2022-10-13T17:36:04.018-04:00[America/New_York]","result":"SUCCESS","precondition":false,"level":0,"children":[{"number":48,"description":"Click work address readio button","duration":181906,"startTime":"2022-10-13T17:36:07.026-04:00[America/New_York]","result":"SUCCESS","precondition":false,"level":1}]},{"number":49,"description":"Then Fill in the following For Address\r\n| Field | Value |\r\n| country | USA |\r\n| company | CC |\r\n| streetAddress | 8430 W Bryn Mawr Ave |\r\n| City | Chicago |\r\n| State | IL |\r\n| postalCode | 60631 |\r\n| CountryType | Work |\r\n| Country Code | 1 |\r\n| Area Code | 452 |\r\n| Phone Number | 3667788 |","duration":16853,"startTime":"2022-10-13T17:39:08.935-04:00[America/New_York]","result":"SUCCESS","precondition":false,"level":0,"children":[{"number":50,"description":"Select country step: USA","duration":6302,"startTime":"2022-10-13T17:39:08.937-04:00[America/New_York]","result":"SUCCESS","precondition":false,"level":1},{"number":51,"description":"Enter company: CC","duration":5675,"startTime":"2022-10-13T17:39:15.239-04:00[America/New_York]","result":"SUCCESS","precondition":false,"level":1},{"number":52,"description":"Enter mailing address line1 step: 8430 W Bryn Mawr Ave","duration":2436,"startTime":"2022-10-13T17:39:20.915-04:00[America/New_York]","result":"SUCCESS","precondition":false,"level":1},{"number":53,"description":"Enter mailingcity step: Chicago","duration":406,"startTime":"2022-10-13T17:39:23.351-04:00[America/New_York]","result":"SUCCESS","precondition":false,"level":1},{"number":54,"description":"Enter mailing state step: IL","duration":342,"startTime":"2022-10-13T17:39:23.758-04:00[America/New_York]","result":"SUCCESS","precondition":false,"level":1},{"number":55,"description":"Enter maililing zip code step: 60631","duration":409,"startTime":"2022-10-13T17:39:24.100-04:00[America/New_York]","result":"SUCCESS","precondition":false,"level":1},{"number":56,"description":"Select country type: Work","duration":233,"startTime":"2022-10-13T17:39:24.509-04:00[America/New_York]","result":"SUCCESS","precondition":false,"level":1},{"number":57,"description":"Select country area code: 1","duration":233,"startTime":"2022-10-13T17:39:24.743-04:00[America/New_York]","result":"SUCCESS","precondition":false,"level":1},{"number":58,"description":"Enter area code: 452","duration":412,"startTime":"2022-10-13T17:39:24.977-04:00[America/New_York]","result":"SUCCESS","precondition":false,"level":1},{"number":59,"description":"Enter phone number: 3667788","duration":398,"startTime":"2022-10-13T17:39:25.389-04:00[America/New_York]","result":"SUCCESS","precondition":false,"level":1}]},{"number":60,"description":"Then Click Shipping Method","duration":197,"startTime":"2022-10-13T17:39:25.788-04:00[America/New_York]","result":"SUCCESS","precondition":false,"level":0,"children":[{"number":61,"description":"Click shipping method radio button step","duration":193,"startTime":"2022-10-13T17:39:25.790-04:00[America/New_York]","result":"SUCCESS","precondition":false,"level":1}]},{"number":62,"description":"Then Click Next Payment Information button","duration":138920,"startTime":"2022-10-13T17:39:25.985-04:00[America/New_York]","result":"SUCCESS","precondition":false,"level":0,"children":[{"number":63,"description":"Click continue button step","duration":138917,"startTime":"2022-10-13T17:39:25.986-04:00[America/New_York]","result":"SUCCESS","precondition":false,"level":1}]},{"number":64,"description":"Then Click same as billing button","duration":112,"startTime":"2022-10-13T17:41:44.906-04:00[America/New_York]","result":"SUCCESS","precondition":false,"level":0,"children":[{"number":65,"description":"Click same as billing button step","duration":110,"startTime":"2022-10-13T17:41:44.907-04:00[America/New_York]","result":"SUCCESS","precondition":false,"level":1}]},{"number":66,"description":"Then Choose a \"PayPal\" brain tree plan to pay","duration":58629,"startTime":"2022-10-13T17:41:45.019-04:00[America/New_York]","result":"SUCCESS","precondition":false,"level":0,"children":[{"number":67,"description":"Chooseawaytopay: PayPal","duration":58626,"startTime":"2022-10-13T17:41:45.020-04:00[America/New_York]","result":"SUCCESS","precondition":false,"level":1}]},{"number":68,"description":"Then Click Next Review button","duration":125737,"startTime":"2022-10-13T17:42:43.649-04:00[America/New_York]","result":"SUCCESS","precondition":false,"level":0,"children":[{"number":69,"description":"Click next reviw button step","duration":125733,"startTime":"2022-10-13T17:42:43.650-04:00[America/New_York]","result":"SUCCESS","precondition":false,"level":1}]},{"number":70,"description":"Then Click Place Order button","duration":5305,"startTime":"2022-10-13T17:44:49.386-04:00[America/New_York]","result":"SUCCESS","precondition":false,"level":0,"children":[{"number":71,"description":"Click place order button step","duration":5301,"startTime":"2022-10-13T17:44:49.388-04:00[America/New_York]","result":"SUCCESS","precondition":false,"level":1}]},{"number":72,"description":"Then Get ReferenceCode","duration":24060,"startTime":"2022-10-13T17:44:54.692-04:00[America/New_York]","result":"SUCCESS","precondition":false,"level":0,"children":[{"number":73,"description":"Get reference code","duration":24058,"startTime":"2022-10-13T17:44:54.693-04:00[America/New_York]","result":"SUCCESS","reportData":[{"title":"Reference Code","contents":"Reference Code: PO2218740138","isEvidence":false,"id":"report-data-7e9cea20-cbca-4aaa-b2cc-e623d5112b4e"}],"precondition":false,"level":1}]}],"userStory":{"id":"purchase-cpim-promocode","storyName":"Purchase-CPIM-PromoCode","path":"file:///C:/Users/CodeAutomation/Desktop/ACSM/ASCM_Automation/src/test/resources/AllTestCases/BrainTree/PromotionalAndReferalCode/PurchaseCPIMPromoCode.feature","type":"feature"},"featureTag":{"name":"Promotional and referal code/Purchase-CPIM-PromoCode","type":"feature","displayName":"Promotional and referal code/Purchase-CPIM-PromoCode"},"title":"Purchase-cpim- promo code","description":"","startTime":"2022-10-13T17:30:43.173-04:00[America/New_York]","duration":875581,"projectKey":"","sessionId":"00e15f9ad6ccf57647c3485eddb513b4","driver":"chrome","isManualTestingUpToDate":false,"manual":false,"testSource":"Cucumber","result":"SUCCESS"}