{"name":"Verify-Upcell-Link-Redirects-Membership","id":"verify-upcell-link-redirects-membership;verify-upcell-link-redirects-membership","testSteps":[{"number":1,"description":"Given Launch Create Account","duration":11120,"startTime":"2022-10-13T19:40:28.805-04:00[America/New_York]","result":"SUCCESS","precondition":false,"level":0,"children":[{"number":2,"description":"Launch create account step","duration":11115,"startTime":"2022-10-13T19:40:28.809-04:00[America/New_York]","result":"SUCCESS","precondition":false,"level":1}]},{"number":3,"description":"Then Click on OK button for cookie","duration":65471,"startTime":"2022-10-13T19:40:39.925-04:00[America/New_York]","result":"SUCCESS","precondition":false,"level":0,"children":[{"number":4,"description":"Click on cookie step","duration":65466,"startTime":"2022-10-13T19:40:39.928-04:00[America/New_York]","result":"SUCCESS","precondition":false,"level":1}]},{"number":5,"description":"Then Enter New Email \"email\"","duration":431,"startTime":"2022-10-13T19:41:45.396-04:00[America/New_York]","result":"SUCCESS","precondition":false,"level":0,"children":[{"number":6,"description":"Enter email: Automation1665704505397@gmail.com","duration":429,"startTime":"2022-10-13T19:41:45.397-04:00[America/New_York]","result":"SUCCESS","precondition":false,"level":1}]},{"number":7,"description":"Then Enter New Password \"Testing1\"","duration":413,"startTime":"2022-10-13T19:41:45.827-04:00[America/New_York]","result":"SUCCESS","precondition":false,"level":0,"children":[{"number":8,"description":"Enter password: Testing1","duration":410,"startTime":"2022-10-13T19:41:45.828-04:00[America/New_York]","result":"SUCCESS","precondition":false,"level":1}]},{"number":9,"description":"Then Enter First Name \"Automation\"","duration":387,"startTime":"2022-10-13T19:41:46.240-04:00[America/New_York]","result":"SUCCESS","precondition":false,"level":0,"children":[{"number":10,"description":"Enter first name: Automation","duration":384,"startTime":"2022-10-13T19:41:46.241-04:00[America/New_York]","result":"SUCCESS","precondition":false,"level":1}]},{"number":11,"description":"Then Enter Last Name \"qa\"","duration":385,"startTime":"2022-10-13T19:41:46.627-04:00[America/New_York]","result":"SUCCESS","precondition":false,"level":0,"children":[{"number":12,"description":"Enter last name: qa","duration":383,"startTime":"2022-10-13T19:41:46.628-04:00[America/New_York]","result":"SUCCESS","precondition":false,"level":1}]},{"number":13,"description":"Then Click Ceck Term","duration":60408,"startTime":"2022-10-13T19:41:47.012-04:00[America/New_York]","result":"SUCCESS","precondition":false,"level":0,"children":[{"number":14,"description":"Click check term","duration":60405,"startTime":"2022-10-13T19:41:47.013-04:00[America/New_York]","result":"SUCCESS","precondition":false,"level":1}]},{"number":15,"description":"Then Enter Job Title \"QA\"","duration":410,"startTime":"2022-10-13T19:42:47.420-04:00[America/New_York]","result":"SUCCESS","precondition":false,"level":0,"children":[{"number":16,"description":"Enter job title: QA","duration":408,"startTime":"2022-10-13T19:42:47.421-04:00[America/New_York]","result":"SUCCESS","precondition":false,"level":1}]},{"number":17,"description":"Then Click Submit","duration":30338,"startTime":"2022-10-13T19:42:47.831-04:00[America/New_York]","result":"SUCCESS","precondition":false,"level":0,"children":[{"number":18,"description":"Click submit button step","duration":30334,"startTime":"2022-10-13T19:42:47.832-04:00[America/New_York]","result":"SUCCESS","precondition":false,"level":1}]},{"number":19,"description":"Then Click Login Button","duration":8642,"startTime":"2022-10-13T19:43:18.170-04:00[America/New_York]","result":"SUCCESS","precondition":false,"level":0,"children":[{"number":20,"description":"Click log in button","duration":8639,"startTime":"2022-10-13T19:43:18.172-04:00[America/New_York]","result":"SUCCESS","precondition":false,"level":1}]},{"number":21,"description":"Then Enter username \"email\"","duration":434,"startTime":"2022-10-13T19:43:26.813-04:00[America/New_York]","result":"SUCCESS","precondition":false,"level":0,"children":[{"number":22,"description":"Enter user name step: Automation1665704505397@gmail.com","duration":432,"startTime":"2022-10-13T19:43:26.814-04:00[America/New_York]","result":"SUCCESS","precondition":false,"level":1}]},{"number":23,"description":"Then Enter password \"Testing1\"","duration":374,"startTime":"2022-10-13T19:43:27.248-04:00[America/New_York]","result":"SUCCESS","precondition":false,"level":0,"children":[{"number":24,"description":"Enter password step: Testing1","duration":372,"startTime":"2022-10-13T19:43:27.249-04:00[America/New_York]","result":"SUCCESS","precondition":false,"level":1}]},{"number":25,"description":"And Click submit","duration":15217,"startTime":"2022-10-13T19:43:27.622-04:00[America/New_York]","result":"SUCCESS","precondition":false,"level":0,"children":[{"number":26,"description":"Click submit button step","duration":15215,"startTime":"2022-10-13T19:43:27.623-04:00[America/New_York]","result":"SUCCESS","precondition":false,"level":1}]},{"number":27,"description":"Then Go to Cart","duration":2444,"startTime":"2022-10-13T19:43:42.840-04:00[America/New_York]","result":"SUCCESS","precondition":false,"level":0,"children":[{"number":28,"description":"Go cart page step","duration":2438,"startTime":"2022-10-13T19:43:42.845-04:00[America/New_York]","result":"SUCCESS","precondition":false,"level":1}]},{"number":29,"description":"Then Empty The Cart","duration":30054,"startTime":"2022-10-13T19:43:45.285-04:00[America/New_York]","result":"SUCCESS","precondition":false,"level":0,"children":[{"number":30,"description":"Delete all existing orders","duration":30052,"startTime":"2022-10-13T19:43:45.285-04:00[America/New_York]","result":"SUCCESS","precondition":false,"level":1}]},{"number":31,"description":"Then Click Learning And Development Top Navigation","duration":5199,"startTime":"2022-10-13T19:44:15.339-04:00[America/New_York]","result":"SUCCESS","precondition":false,"level":0,"children":[{"number":32,"description":"Click learning and development top navigation","duration":5194,"startTime":"2022-10-13T19:44:15.343-04:00[America/New_York]","result":"SUCCESS","precondition":false,"level":1}]},{"number":33,"description":"Then Click CLTD","duration":27894,"startTime":"2022-10-13T19:44:20.538-04:00[America/New_York]","result":"SUCCESS","precondition":false,"level":0,"children":[{"number":34,"description":"Click CLTD","duration":27890,"startTime":"2022-10-13T19:44:20.539-04:00[America/New_York]","result":"SUCCESS","precondition":false,"level":1}]},{"number":35,"description":"Then Click LS Exam Pre Add To Card","duration":2334,"startTime":"2022-10-13T19:44:48.433-04:00[America/New_York]","result":"SUCCESS","precondition":false,"level":0,"children":[{"number":36,"description":"Click LS exam pre add to card button step","duration":2325,"startTime":"2022-10-13T19:44:48.440-04:00[America/New_York]","result":"SUCCESS","precondition":false,"level":1}]},{"number":37,"description":"Then Verify Membership Upcell CTA Text","duration":5737,"startTime":"2022-10-13T19:44:50.767-04:00[America/New_York]","result":"SUCCESS","precondition":false,"level":0,"children":[{"number":38,"description":"Verify membership upcell CTA","duration":5735,"startTime":"2022-10-13T19:44:50.768-04:00[America/New_York]","result":"SUCCESS","precondition":false,"level":1}]},{"number":39,"description":"Then Click On Upgrade Now","duration":6558,"startTime":"2022-10-13T19:44:56.504-04:00[America/New_York]","result":"SUCCESS","precondition":false,"level":0,"children":[{"number":40,"description":"Click on upgrade now button","duration":6555,"startTime":"2022-10-13T19:44:56.505-04:00[America/New_York]","result":"SUCCESS","precondition":false,"level":1}]},{"number":41,"description":"Then Verify \"ASCM Membership\" Page","duration":5222,"startTime":"2022-10-13T19:45:03.062-04:00[America/New_York]","result":"SUCCESS","precondition":false,"level":0,"children":[{"number":42,"description":"Verify page: ASCM Membership","duration":5219,"startTime":"2022-10-13T19:45:03.063-04:00[America/New_York]","result":"SUCCESS","precondition":false,"level":1}]}],"userStory":{"id":"verify-upcell-link-redirects-membership","storyName":"Verify-Upcell-Link-Redirects-Membership","path":"file:///C:/Users/CodeAutomation/Desktop/ACSM/ASCM_Automation/src/test/resources/AllTestCases/BrainTree/VerifyUpSell/VerifyUpsellLinkRedirectsMembership.feature","type":"feature"},"featureTag":{"name":"Verify up sell/Verify-Upcell-Link-Redirects-Membership","type":"feature","displayName":"Verify up sell/Verify-Upcell-Link-Redirects-Membership"},"title":"Verify- upcell- link- redirects- membership","description":"","startTime":"2022-10-13T19:40:28.804-04:00[America/New_York]","duration":279481,"projectKey":"","sessionId":"2fe5dc97f9a9a36e0573f1f6369503d7","driver":"chrome","isManualTestingUpToDate":false,"manual":false,"testSource":"Cucumber","result":"SUCCESS"}