{"name":"Download-View-Details","id":"download-view-details;download-view-details","testSteps":[{"number":1,"description":"Given Go To Login Page","duration":7885,"startTime":"2022-10-13T17:05:35.082-04:00[America/New_York]","result":"SUCCESS","precondition":false,"level":0,"children":[{"number":2,"description":"Go to login page","duration":7882,"startTime":"2022-10-13T17:05:35.084-04:00[America/New_York]","result":"SUCCESS","precondition":false,"level":1}]},{"number":3,"description":"Then Enter Legacy username \"ambreeninfoo1@email.com\"","duration":402,"startTime":"2022-10-13T17:05:42.968-04:00[America/New_York]","result":"SUCCESS","precondition":false,"level":0,"children":[{"number":4,"description":"Enter user name step: ambreeninfoo1@email.com","duration":399,"startTime":"2022-10-13T17:05:42.969-04:00[America/New_York]","result":"SUCCESS","precondition":false,"level":1}]},{"number":5,"description":"Then Enter Legacy password \"Test1234\"","duration":368,"startTime":"2022-10-13T17:05:43.370-04:00[America/New_York]","result":"SUCCESS","precondition":false,"level":0,"children":[{"number":6,"description":"Enter password step: Test1234","duration":365,"startTime":"2022-10-13T17:05:43.371-04:00[America/New_York]","result":"SUCCESS","precondition":false,"level":1}]},{"number":7,"description":"And Click submit","duration":1463,"startTime":"2022-10-13T17:05:43.738-04:00[America/New_York]","result":"SUCCESS","precondition":false,"level":0,"children":[{"number":8,"description":"Click submit button step","duration":1460,"startTime":"2022-10-13T17:05:43.739-04:00[America/New_York]","result":"SUCCESS","precondition":false,"level":1}]},{"number":9,"description":"Then Click on OK button for cookie","duration":130322,"startTime":"2022-10-13T17:05:45.201-04:00[America/New_York]","result":"SUCCESS","precondition":false,"level":0,"children":[{"number":10,"description":"Click on cookie step","duration":130316,"startTime":"2022-10-13T17:05:45.202-04:00[America/New_York]","result":"SUCCESS","precondition":false,"level":1}]},{"number":11,"description":"Then Go To Order History","duration":5017,"startTime":"2022-10-13T17:07:55.525-04:00[America/New_York]","result":"SUCCESS","precondition":false,"level":0,"children":[{"number":12,"description":"Go to order history","duration":4983,"startTime":"2022-10-13T17:07:55.557-04:00[America/New_York]","result":"SUCCESS","precondition":false,"level":1}]},{"number":13,"description":"Then Click On Show Order Details","duration":60511,"startTime":"2022-10-13T17:08:00.542-04:00[America/New_York]","exception":{"errorType":"net.thucydides.core.webdriver.exceptions.ElementShouldBePresentException","message":"Expected condition failed: waiting for OrderHistoryPage.showOrderDetails to be present (tried for 60 second(s) with 100 milliseconds interval)\nBuild info: version: \u00273.141.59\u0027, revision: \u0027e82be7d358\u0027, time: \u00272018-11-14T08:17:03\u0027\nSystem info: host: \u0027OK92\u0027, ip: \u0027192.168.1.11\u0027, os.name: \u0027Windows 10\u0027, os.arch: \u0027amd64\u0027, os.version: \u002710.0\u0027, java.version: \u00271.8.0_281\u0027\nDriver info: driver.version: unknown\nBuild info: version: \u00273.141.59\u0027, revision: \u0027e82be7d358\u0027, time: \u00272018-11-14T08:17:03\u0027\nSystem info: host: \u0027OK92\u0027, ip: \u0027192.168.1.11\u0027, os.name: \u0027Windows 10\u0027, os.arch: \u0027amd64\u0027, os.version: \u002710.0\u0027, java.version: \u00271.8.0_281\u0027\nDriver info: driver.version: unknown","stackTrace":[{"declaringClass":"com.ascm.util.SeleniumHelper","methodName":"jsClick","fileName":"SeleniumHelper.java","lineNumber":41},{"declaringClass":"com.ascm.pages.OrderHistoryPage","methodName":"clickOnShowOrderDetails","fileName":"OrderHistoryPage.java","lineNumber":81},{"declaringClass":"com.test.suite.testSteps.OrderHistorySteps","methodName":"clickOnShowOrderDetails","fileName":"OrderHistorySteps.java","lineNumber":37},{"declaringClass":"com.test.suite.stepDefination.OrderHistoryStepDefs","methodName":"clickOnShowOrderDetails","fileName":"OrderHistoryStepDefs.java","lineNumber":41},{"declaringClass":"✽","methodName":"Click On Show Order Details","fileName":"file:///C:/Users/CodeAutomation/Desktop/ACSM/ASCM_Automation/src/test/resources/AllTestCases/BrainTree/OrderHistory/DownloadViewDetails.feature","lineNumber":9}]},"result":"FAILURE","precondition":false,"level":0,"children":[{"number":14,"description":"Click on show order details","duration":60505,"startTime":"2022-10-13T17:08:00.543-04:00[America/New_York]","screenshots":[{"screenshot":"2ec4216e527cfb7eb65d3bd2f63dfba66b22d0f62fed6aaaff72d94244c1e02e.png","htmlSource":"pagesource5135371541365594800.html.txt","timeStamp":1665695341047}],"exception":{"errorType":"net.thucydides.core.webdriver.exceptions.ElementShouldBePresentException","message":"Expected condition failed: waiting for OrderHistoryPage.showOrderDetails to be present (tried for 60 second(s) with 100 milliseconds interval)\nBuild info: version: \u00273.141.59\u0027, revision: \u0027e82be7d358\u0027, time: \u00272018-11-14T08:17:03\u0027\nSystem info: host: \u0027OK92\u0027, ip: \u0027192.168.1.11\u0027, os.name: \u0027Windows 10\u0027, os.arch: \u0027amd64\u0027, os.version: \u002710.0\u0027, java.version: \u00271.8.0_281\u0027\nDriver info: driver.version: unknown","stackTrace":[{"declaringClass":"com.ascm.util.SeleniumHelper","methodName":"jsClick","fileName":"SeleniumHelper.java","lineNumber":41},{"declaringClass":"com.ascm.pages.OrderHistoryPage","methodName":"clickOnShowOrderDetails","fileName":"OrderHistoryPage.java","lineNumber":81},{"declaringClass":"com.test.suite.testSteps.OrderHistorySteps","methodName":"clickOnShowOrderDetails","fileName":"OrderHistorySteps.java","lineNumber":37},{"declaringClass":"com.test.suite.stepDefination.OrderHistoryStepDefs","methodName":"clickOnShowOrderDetails","fileName":"OrderHistoryStepDefs.java","lineNumber":41},{"declaringClass":"io.cucumber.java.Invoker","methodName":"doInvoke","fileName":"Invoker.java","lineNumber":66},{"declaringClass":"io.cucumber.java.Invoker","methodName":"invoke","fileName":"Invoker.java","lineNumber":24},{"declaringClass":"io.cucumber.java.AbstractGlueDefinition","methodName":"invokeMethod","fileName":"AbstractGlueDefinition.java","lineNumber":47},{"declaringClass":"io.cucumber.java.JavaStepDefinition","methodName":"execute","fileName":"JavaStepDefinition.java","lineNumber":29},{"declaringClass":"io.cucumber.core.runner.CoreStepDefinition","methodName":"execute","fileName":"CoreStepDefinition.java","lineNumber":66},{"declaringClass":"io.cucumber.core.runner.PickleStepDefinitionMatch","methodName":"runStep","fileName":"PickleStepDefinitionMatch.java","lineNumber":63},{"declaringClass":"io.cucumber.core.runner.TestStep","methodName":"executeStep","fileName":"TestStep.java","lineNumber":92},{"declaringClass":"io.cucumber.core.runner.TestStep","methodName":"run","fileName":"TestStep.java","lineNumber":64},{"declaringClass":"io.cucumber.core.runner.PickleStepTestStep","methodName":"run","fileName":"PickleStepTestStep.java","lineNumber":51},{"declaringClass":"io.cucumber.core.runner.TestCase","methodName":"run","fileName":"TestCase.java","lineNumber":104},{"declaringClass":"io.cucumber.core.runner.Runner","methodName":"runPickle","fileName":"Runner.java","lineNumber":73},{"declaringClass":"io.cucumber.junit.FeatureRunner","methodName":"runChild","fileName":"FeatureRunner.java","lineNumber":135},{"declaringClass":"io.cucumber.junit.FeatureRunner","methodName":"runChild","fileName":"FeatureRunner.java","lineNumber":27},{"declaringClass":"io.cucumber.junit.CucumberSerenityRunner","methodName":"runChild","fileName":"CucumberSerenityRunner.java","lineNumber":258},{"declaringClass":"io.cucumber.junit.CucumberSerenityRunner","methodName":"runChild","fileName":"CucumberSerenityRunner.java","lineNumber":57}],"rootCause":{"errorType":"org.openqa.selenium.TimeoutException","message":"Expected condition failed: waiting for OrderHistoryPage.showOrderDetails to be present (tried for 60 second(s) with 100 milliseconds interval)\nBuild info: version: \u00273.141.59\u0027, revision: \u0027e82be7d358\u0027, time: \u00272018-11-14T08:17:03\u0027\nSystem info: host: \u0027OK92\u0027, ip: \u0027192.168.1.11\u0027, os.name: \u0027Windows 10\u0027, os.arch: \u0027amd64\u0027, os.version: \u002710.0\u0027, java.version: \u00271.8.0_281\u0027\nDriver info: driver.version: unknown","stackTrace":[{"declaringClass":"com.ascm.util.SeleniumHelper","methodName":"jsClick","fileName":"SeleniumHelper.java","lineNumber":41},{"declaringClass":"com.ascm.pages.OrderHistoryPage","methodName":"clickOnShowOrderDetails","fileName":"OrderHistoryPage.java","lineNumber":81},{"declaringClass":"com.test.suite.testSteps.OrderHistorySteps","methodName":"clickOnShowOrderDetails","fileName":"OrderHistorySteps.java","lineNumber":37},{"declaringClass":"com.test.suite.stepDefination.OrderHistoryStepDefs","methodName":"clickOnShowOrderDetails","fileName":"OrderHistoryStepDefs.java","lineNumber":41},{"declaringClass":"io.cucumber.java.Invoker","methodName":"doInvoke","fileName":"Invoker.java","lineNumber":66},{"declaringClass":"io.cucumber.java.Invoker","methodName":"invoke","fileName":"Invoker.java","lineNumber":24},{"declaringClass":"io.cucumber.java.AbstractGlueDefinition","methodName":"invokeMethod","fileName":"AbstractGlueDefinition.java","lineNumber":47},{"declaringClass":"io.cucumber.java.JavaStepDefinition","methodName":"execute","fileName":"JavaStepDefinition.java","lineNumber":29},{"declaringClass":"io.cucumber.core.runner.CoreStepDefinition","methodName":"execute","fileName":"CoreStepDefinition.java","lineNumber":66},{"declaringClass":"io.cucumber.core.runner.PickleStepDefinitionMatch","methodName":"runStep","fileName":"PickleStepDefinitionMatch.java","lineNumber":63},{"declaringClass":"io.cucumber.core.runner.TestStep","methodName":"executeStep","fileName":"TestStep.java","lineNumber":92},{"declaringClass":"io.cucumber.core.runner.TestStep","methodName":"run","fileName":"TestStep.java","lineNumber":64},{"declaringClass":"io.cucumber.core.runner.PickleStepTestStep","methodName":"run","fileName":"PickleStepTestStep.java","lineNumber":51},{"declaringClass":"io.cucumber.core.runner.TestCase","methodName":"run","fileName":"TestCase.java","lineNumber":104},{"declaringClass":"io.cucumber.core.runner.Runner","methodName":"runPickle","fileName":"Runner.java","lineNumber":73},{"declaringClass":"io.cucumber.junit.FeatureRunner","methodName":"runChild","fileName":"FeatureRunner.java","lineNumber":135},{"declaringClass":"io.cucumber.junit.FeatureRunner","methodName":"runChild","fileName":"FeatureRunner.java","lineNumber":27},{"declaringClass":"io.cucumber.junit.CucumberSerenityRunner","methodName":"runChild","fileName":"CucumberSerenityRunner.java","lineNumber":258},{"declaringClass":"io.cucumber.junit.CucumberSerenityRunner","methodName":"runChild","fileName":"CucumberSerenityRunner.java","lineNumber":57}]}},"result":"FAILURE","precondition":false,"level":1}]},{"number":15,"description":"Then Verify \"Ship to\" Address Contains \"Ambreen Qa\"","duration":1,"startTime":"2022-10-13T17:09:01.054-04:00[America/New_York]","result":"SKIPPED","precondition":false,"level":0},{"number":16,"description":"Then Verify \"Ship to\" Address Contains \"8430 W Bryn Mawr Avenue Suite 1000\"","duration":2,"startTime":"2022-10-13T17:09:01.055-04:00[America/New_York]","result":"SKIPPED","precondition":false,"level":0},{"number":17,"description":"Then Verify \"Ship to\" Address Contains \"Chicago, IL 60631\"","duration":1,"startTime":"2022-10-13T17:09:01.057-04:00[America/New_York]","result":"SKIPPED","precondition":false,"level":0},{"number":18,"description":"Then Verify \"Ship to\" Address Contains \"United States\"","duration":1,"startTime":"2022-10-13T17:09:01.058-04:00[America/New_York]","result":"SKIPPED","precondition":false,"level":0},{"number":19,"description":"Then Verify \"Bill to\" Address Contains \"Ambreen Qa\"","duration":1,"startTime":"2022-10-13T17:09:01.060-04:00[America/New_York]","result":"SKIPPED","precondition":false,"level":0},{"number":20,"description":"Then Verify \"Bill to\" Address Contains \"8430 W Bryn Mawr Avenue Suite 1000\"","duration":1,"startTime":"2022-10-13T17:09:01.061-04:00[America/New_York]","result":"SKIPPED","precondition":false,"level":0},{"number":21,"description":"Then Verify \"Bill to\" Address Contains \"Chicago, IL 60631\"","duration":2,"startTime":"2022-10-13T17:09:01.062-04:00[America/New_York]","result":"SKIPPED","precondition":false,"level":0},{"number":22,"description":"Then Verify \"Bill to\" Address Contains \"United States\"","duration":1,"startTime":"2022-10-13T17:09:01.064-04:00[America/New_York]","result":"SKIPPED","precondition":false,"level":0},{"number":23,"description":"Then Verify \"1\" Quantity Of \"ASCM Membership\"","duration":2,"startTime":"2022-10-13T17:09:01.065-04:00[America/New_York]","result":"SKIPPED","precondition":false,"level":0},{"number":24,"description":"Then Verify \"1\" Quantity Of \"Certification Upgrade\"","duration":1,"startTime":"2022-10-13T17:09:01.067-04:00[America/New_York]","result":"SKIPPED","precondition":false,"level":0},{"number":25,"description":"Then Verify \"1\" Quantity Of \"Chicago Chapter Membership\"","duration":1,"startTime":"2022-10-13T17:09:01.068-04:00[America/New_York]","result":"SKIPPED","precondition":false,"level":0},{"number":26,"description":"Then Verify \"99.00\" Price Of \"ASCM Membership\"","duration":1,"startTime":"2022-10-13T17:09:01.070-04:00[America/New_York]","result":"SKIPPED","precondition":false,"level":0},{"number":27,"description":"Then Verify \"100.00\" Price Of \"Certification Upgrade\"","duration":1,"startTime":"2022-10-13T17:09:01.071-04:00[America/New_York]","result":"SKIPPED","precondition":false,"level":0},{"number":28,"description":"Then Verify \"21.00\" Price Of \"Chicago Chapter Membership\"","duration":2,"startTime":"2022-10-13T17:09:01.072-04:00[America/New_York]","result":"SKIPPED","precondition":false,"level":0},{"number":29,"description":"Then Verify Total Bill Is \"220.00\"","duration":1,"startTime":"2022-10-13T17:09:01.074-04:00[America/New_York]","result":"SKIPPED","precondition":false,"level":0},{"number":30,"description":"Then Click On Download Order Receipt","duration":1,"startTime":"2022-10-13T17:09:01.075-04:00[America/New_York]","result":"SKIPPED","precondition":false,"level":0}],"userStory":{"id":"download-view-details","storyName":"Download-View-Details","path":"file:///C:/Users/CodeAutomation/Desktop/ACSM/ASCM_Automation/src/test/resources/AllTestCases/BrainTree/OrderHistory/DownloadViewDetails.feature","type":"feature"},"featureTag":{"name":"Order history/Download-View-Details","type":"feature","displayName":"Order history/Download-View-Details"},"title":"Download- view- details","description":"","startTime":"2022-10-13T17:05:35.081-04:00[America/New_York]","duration":205997,"testFailureCause":{"errorType":"net.thucydides.core.webdriver.exceptions.ElementShouldBePresentException","message":"Expected condition failed: waiting for OrderHistoryPage.showOrderDetails to be present (tried for 60 second(s) with 100 milliseconds interval)\nBuild info: version: \u00273.141.59\u0027, revision: \u0027e82be7d358\u0027, time: \u00272018-11-14T08:17:03\u0027\nSystem info: host: \u0027OK92\u0027, ip: \u0027192.168.1.11\u0027, os.name: \u0027Windows 10\u0027, os.arch: \u0027amd64\u0027, os.version: \u002710.0\u0027, java.version: \u00271.8.0_281\u0027\nDriver info: driver.version: unknown","stackTrace":[{"declaringClass":"com.ascm.util.SeleniumHelper","methodName":"jsClick","fileName":"SeleniumHelper.java","lineNumber":41},{"declaringClass":"com.ascm.pages.OrderHistoryPage","methodName":"clickOnShowOrderDetails","fileName":"OrderHistoryPage.java","lineNumber":81},{"declaringClass":"com.test.suite.testSteps.OrderHistorySteps","methodName":"clickOnShowOrderDetails","fileName":"OrderHistorySteps.java","lineNumber":37},{"declaringClass":"com.test.suite.stepDefination.OrderHistoryStepDefs","methodName":"clickOnShowOrderDetails","fileName":"OrderHistoryStepDefs.java","lineNumber":41},{"declaringClass":"io.cucumber.java.Invoker","methodName":"doInvoke","fileName":"Invoker.java","lineNumber":66},{"declaringClass":"io.cucumber.java.Invoker","methodName":"invoke","fileName":"Invoker.java","lineNumber":24},{"declaringClass":"io.cucumber.java.AbstractGlueDefinition","methodName":"invokeMethod","fileName":"AbstractGlueDefinition.java","lineNumber":47},{"declaringClass":"io.cucumber.java.JavaStepDefinition","methodName":"execute","fileName":"JavaStepDefinition.java","lineNumber":29},{"declaringClass":"io.cucumber.core.runner.CoreStepDefinition","methodName":"execute","fileName":"CoreStepDefinition.java","lineNumber":66},{"declaringClass":"io.cucumber.core.runner.PickleStepDefinitionMatch","methodName":"runStep","fileName":"PickleStepDefinitionMatch.java","lineNumber":63},{"declaringClass":"io.cucumber.core.runner.TestStep","methodName":"executeStep","fileName":"TestStep.java","lineNumber":92},{"declaringClass":"io.cucumber.core.runner.TestStep","methodName":"run","fileName":"TestStep.java","lineNumber":64},{"declaringClass":"io.cucumber.core.runner.PickleStepTestStep","methodName":"run","fileName":"PickleStepTestStep.java","lineNumber":51},{"declaringClass":"io.cucumber.core.runner.TestCase","methodName":"run","fileName":"TestCase.java","lineNumber":104},{"declaringClass":"io.cucumber.core.runner.Runner","methodName":"runPickle","fileName":"Runner.java","lineNumber":73},{"declaringClass":"io.cucumber.junit.FeatureRunner","methodName":"runChild","fileName":"FeatureRunner.java","lineNumber":135},{"declaringClass":"io.cucumber.junit.FeatureRunner","methodName":"runChild","fileName":"FeatureRunner.java","lineNumber":27},{"declaringClass":"io.cucumber.junit.CucumberSerenityRunner","methodName":"runChild","fileName":"CucumberSerenityRunner.java","lineNumber":258},{"declaringClass":"io.cucumber.junit.CucumberSerenityRunner","methodName":"runChild","fileName":"CucumberSerenityRunner.java","lineNumber":57}],"rootCause":{"errorType":"org.openqa.selenium.TimeoutException","message":"Expected condition failed: waiting for OrderHistoryPage.showOrderDetails to be present (tried for 60 second(s) with 100 milliseconds interval)\nBuild info: version: \u00273.141.59\u0027, revision: \u0027e82be7d358\u0027, time: \u00272018-11-14T08:17:03\u0027\nSystem info: host: \u0027OK92\u0027, ip: \u0027192.168.1.11\u0027, os.name: \u0027Windows 10\u0027, os.arch: \u0027amd64\u0027, os.version: \u002710.0\u0027, java.version: \u00271.8.0_281\u0027\nDriver info: driver.version: unknown","stackTrace":[{"declaringClass":"com.ascm.util.SeleniumHelper","methodName":"jsClick","fileName":"SeleniumHelper.java","lineNumber":41},{"declaringClass":"com.ascm.pages.OrderHistoryPage","methodName":"clickOnShowOrderDetails","fileName":"OrderHistoryPage.java","lineNumber":81},{"declaringClass":"com.test.suite.testSteps.OrderHistorySteps","methodName":"clickOnShowOrderDetails","fileName":"OrderHistorySteps.java","lineNumber":37},{"declaringClass":"com.test.suite.stepDefination.OrderHistoryStepDefs","methodName":"clickOnShowOrderDetails","fileName":"OrderHistoryStepDefs.java","lineNumber":41},{"declaringClass":"io.cucumber.java.Invoker","methodName":"doInvoke","fileName":"Invoker.java","lineNumber":66},{"declaringClass":"io.cucumber.java.Invoker","methodName":"invoke","fileName":"Invoker.java","lineNumber":24},{"declaringClass":"io.cucumber.java.AbstractGlueDefinition","methodName":"invokeMethod","fileName":"AbstractGlueDefinition.java","lineNumber":47},{"declaringClass":"io.cucumber.java.JavaStepDefinition","methodName":"execute","fileName":"JavaStepDefinition.java","lineNumber":29},{"declaringClass":"io.cucumber.core.runner.CoreStepDefinition","methodName":"execute","fileName":"CoreStepDefinition.java","lineNumber":66},{"declaringClass":"io.cucumber.core.runner.PickleStepDefinitionMatch","methodName":"runStep","fileName":"PickleStepDefinitionMatch.java","lineNumber":63},{"declaringClass":"io.cucumber.core.runner.TestStep","methodName":"executeStep","fileName":"TestStep.java","lineNumber":92},{"declaringClass":"io.cucumber.core.runner.TestStep","methodName":"run","fileName":"TestStep.java","lineNumber":64},{"declaringClass":"io.cucumber.core.runner.PickleStepTestStep","methodName":"run","fileName":"PickleStepTestStep.java","lineNumber":51},{"declaringClass":"io.cucumber.core.runner.TestCase","methodName":"run","fileName":"TestCase.java","lineNumber":104},{"declaringClass":"io.cucumber.core.runner.Runner","methodName":"runPickle","fileName":"Runner.java","lineNumber":73},{"declaringClass":"io.cucumber.junit.FeatureRunner","methodName":"runChild","fileName":"FeatureRunner.java","lineNumber":135},{"declaringClass":"io.cucumber.junit.FeatureRunner","methodName":"runChild","fileName":"FeatureRunner.java","lineNumber":27},{"declaringClass":"io.cucumber.junit.CucumberSerenityRunner","methodName":"runChild","fileName":"CucumberSerenityRunner.java","lineNumber":258},{"declaringClass":"io.cucumber.junit.CucumberSerenityRunner","methodName":"runChild","fileName":"CucumberSerenityRunner.java","lineNumber":57}]}},"testFailureClassname":"net.thucydides.core.webdriver.exceptions.ElementShouldBePresentException","testFailureMessage":"Expected condition failed: waiting for OrderHistoryPage.showOrderDetails to be present (tried for 60 second(s) with 100 milliseconds interval)\nBuild info: version: \u00273.141.59\u0027, revision: \u0027e82be7d358\u0027, time: \u00272018-11-14T08:17:03\u0027\nSystem info: host: \u0027OK92\u0027, ip: \u0027192.168.1.11\u0027, os.name: \u0027Windows 10\u0027, os.arch: \u0027amd64\u0027, os.version: \u002710.0\u0027, java.version: \u00271.8.0_281\u0027\nDriver info: driver.version: unknown","testFailureSummary":"FAILURE;net.thucydides.core.webdriver.exceptions.ElementShouldBePresentException;Expected condition failed: waiting for OrderHistoryPage.showOrderDetails to be present (tried for 60 second(s) with 100 milliseconds interval)\nBuild info: version: \u00273.141.59\u0027, revision: \u0027e82be7d358\u0027, time: \u00272018-11-14T08:17:03\u0027\nSystem info: host: \u0027OK92\u0027, ip: \u0027192.168.1.11\u0027, os.name: \u0027Windows 10\u0027, os.arch: \u0027amd64\u0027, os.version: \u002710.0\u0027, java.version: \u00271.8.0_281\u0027\nDriver info: driver.version: unknown;SeleniumHelper.java","projectKey":"","annotatedResult":"FAILURE","sessionId":"a419b0ebf0b22e199d3bb6d563424c95","driver":"chrome","isManualTestingUpToDate":false,"manual":false,"testSource":"Cucumber","result":"FAILURE"}