{"name":"Create-Corporate-Account","id":"create-corporate-account;create-corporate-account","testSteps":[{"number":1,"description":"Given Go To Create Corporate","duration":37752,"startTime":"2022-10-13T18:42:11.886-04:00[America/New_York]","result":"SUCCESS","precondition":false,"level":0},{"number":2,"description":"Then Click on OK button for cookie","duration":65542,"startTime":"2022-10-13T18:42:49.638-04:00[America/New_York]","result":"SUCCESS","precondition":false,"level":0,"children":[{"number":3,"description":"Click on cookie step","duration":65532,"startTime":"2022-10-13T18:42:49.644-04:00[America/New_York]","result":"SUCCESS","precondition":false,"level":1}]},{"number":4,"description":"Then Enter New Email \"email\"","duration":464,"startTime":"2022-10-13T18:43:55.180-04:00[America/New_York]","result":"SUCCESS","precondition":false,"level":0,"children":[{"number":5,"description":"Enter email: Automation1665701035191@gmail.com","duration":450,"startTime":"2022-10-13T18:43:55.192-04:00[America/New_York]","result":"SUCCESS","precondition":false,"level":1}]},{"number":6,"description":"Then Enter New Password \"Test1234\"","duration":402,"startTime":"2022-10-13T18:43:55.644-04:00[America/New_York]","result":"SUCCESS","precondition":false,"level":0,"children":[{"number":7,"description":"Enter password: Test1234","duration":400,"startTime":"2022-10-13T18:43:55.645-04:00[America/New_York]","result":"SUCCESS","precondition":false,"level":1}]},{"number":8,"description":"Then Enter First Name \"Automation\"","duration":392,"startTime":"2022-10-13T18:43:56.046-04:00[America/New_York]","result":"SUCCESS","precondition":false,"level":0,"children":[{"number":9,"description":"Enter first name: Automation","duration":390,"startTime":"2022-10-13T18:43:56.047-04:00[America/New_York]","result":"SUCCESS","precondition":false,"level":1}]},{"number":10,"description":"Then Enter Last Name \"qa\"","duration":380,"startTime":"2022-10-13T18:43:56.439-04:00[America/New_York]","result":"SUCCESS","precondition":false,"level":0,"children":[{"number":11,"description":"Enter last name: qa","duration":378,"startTime":"2022-10-13T18:43:56.440-04:00[America/New_York]","result":"SUCCESS","precondition":false,"level":1}]},{"number":12,"description":"Then Enter Company Name \"CC\"","duration":387,"startTime":"2022-10-13T18:43:56.819-04:00[America/New_York]","result":"SUCCESS","precondition":false,"level":0,"children":[{"number":13,"description":"Enter company name: CC","duration":385,"startTime":"2022-10-13T18:43:56.820-04:00[America/New_York]","result":"SUCCESS","precondition":false,"level":1}]},{"number":14,"description":"Then Enter Job Title \"sqa\"","duration":396,"startTime":"2022-10-13T18:43:57.207-04:00[America/New_York]","result":"SUCCESS","precondition":false,"level":0,"children":[{"number":15,"description":"Enter job title: sqa","duration":393,"startTime":"2022-10-13T18:43:57.208-04:00[America/New_York]","result":"SUCCESS","precondition":false,"level":1}]},{"number":16,"description":"Then click Work Address Radio Button","duration":3217,"startTime":"2022-10-13T18:43:57.603-04:00[America/New_York]","result":"SUCCESS","precondition":false,"level":0,"children":[{"number":17,"description":"Click work address readio button","duration":198,"startTime":"2022-10-13T18:44:00.621-04:00[America/New_York]","result":"SUCCESS","precondition":false,"level":1}]},{"number":18,"description":"Then Fill in the following fields for Corporate Address\r\n| Field | Value |\r\n| Country | mailing_country |\r\n| Address | mailing_address |\r\n| City | mailing_city |\r\n| State | mailing_state |\r\n| Province | mailing_Province |\r\n| PostalCode | mailing_postal_code |","duration":19992,"startTime":"2022-10-13T18:44:00.820-04:00[America/New_York]","result":"SUCCESS","precondition":false,"level":0,"children":[{"number":19,"description":"Select country step: 222","duration":6271,"startTime":"2022-10-13T18:44:00.821-04:00[America/New_York]","result":"SUCCESS","precondition":false,"level":1},{"number":20,"description":"Enter mailing address line1 step: 8430 W Bryn Mawr Ave","duration":396,"startTime":"2022-10-13T18:44:07.093-04:00[America/New_York]","result":"SUCCESS","precondition":false,"level":1},{"number":21,"description":"Enter city step: Chicago","duration":382,"startTime":"2022-10-13T18:44:07.490-04:00[America/New_York]","result":"SUCCESS","precondition":false,"level":1},{"number":22,"description":"Enter state step: IL","duration":6314,"startTime":"2022-10-13T18:44:07.873-04:00[America/New_York]","result":"SUCCESS","precondition":false,"level":1},{"number":23,"description":"Enter province step: IL","duration":6239,"startTime":"2022-10-13T18:44:14.187-04:00[America/New_York]","result":"SUCCESS","precondition":false,"level":1},{"number":24,"description":"Enter postal code step: 60631","duration":385,"startTime":"2022-10-13T18:44:20.426-04:00[America/New_York]","result":"SUCCESS","precondition":false,"level":1}]},{"number":25,"description":"Then Click CheckBox Term And Policy","duration":308,"startTime":"2022-10-13T18:44:20.813-04:00[America/New_York]","result":"SUCCESS","precondition":false,"level":0,"children":[{"number":26,"description":"Then ^Click Ceck Term$","duration":306,"startTime":"2022-10-13T18:44:20.814-04:00[America/New_York]","result":"SUCCESS","precondition":false,"level":1,"children":[{"number":27,"description":"Click check term","duration":305,"startTime":"2022-10-13T18:44:20.815-04:00[America/New_York]","result":"SUCCESS","precondition":false,"level":2}]}]},{"number":28,"description":"Then Click Submit","duration":30319,"startTime":"2022-10-13T18:44:21.122-04:00[America/New_York]","result":"SUCCESS","precondition":false,"level":0,"children":[{"number":29,"description":"Click submit button step","duration":30317,"startTime":"2022-10-13T18:44:21.122-04:00[America/New_York]","result":"SUCCESS","precondition":false,"level":1}]},{"number":30,"description":"Then Verify \"Your account has been created.\"","duration":35305,"startTime":"2022-10-13T18:44:51.441-04:00[America/New_York]","exception":{"errorType":"org.openqa.selenium.NoSuchElementException","message":"no such element: Unable to locate element: {\"method\":\"xpath\",\"selector\":\"//h2[contains(text(),\u0027Your account has been created.\u0027)]\"}\n  (Session info: chrome\u003d106.0.5249.119)\nFor documentation on this error, please visit: https://www.seleniumhq.org/exceptions/no_such_element.html\nBuild info: version: \u00273.141.59\u0027, revision: \u0027e82be7d358\u0027, time: \u00272018-11-14T08:17:03\u0027\nSystem info: host: \u0027OK92\u0027, ip: \u0027192.168.1.11\u0027, os.name: \u0027Windows 10\u0027, os.arch: \u0027amd64\u0027, os.version: \u002710.0\u0027, java.version: \u00271.8.0_281\u0027\nDriver info: org.openqa.selenium.chrome.ChromeDriver\nCapabilities {acceptInsecureCerts: false, browserName: chrome, browserVersion: 106.0.5249.119, chrome: {chromedriverVersion: 106.0.5249.61 (511755355844..., userDataDir: C:\\Users\\CODEAU~1\\AppData\\L...}, goog:chromeOptions: {debuggerAddress: localhost:61164}, javascriptEnabled: true, networkConnectionEnabled: false, pageLoadStrategy: normal, platform: WINDOWS, platformName: WINDOWS, proxy: Proxy(), setWindowRect: true, strictFileInteractability: false, timeouts: {implicit: 0, pageLoad: 300000, script: 30000}, unhandledPromptBehavior: dismiss and notify, webauthn:extension:credBlob: true, webauthn:extension:largeBlob: true, webauthn:virtualAuthenticators: true}\nSession ID: e8af1fe0e30788470943817227d8bf44\n*** Element info: {Using\u003dxpath, value\u003d//h2[contains(text(),\u0027Your account has been created.\u0027)]}\nFor documentation on this error, please visit: https://www.seleniumhq.org/exceptions/no_such_element.html\nBuild info: version: \u00273.141.59\u0027, revision: \u0027e82be7d358\u0027, time: \u00272018-11-14T08:17:03\u0027\nSystem info: host: \u0027OK92\u0027, ip: \u0027192.168.1.11\u0027, os.name: \u0027Windows 10\u0027, os.arch: \u0027amd64\u0027, os.version: \u002710.0\u0027, java.version: \u00271.8.0_281\u0027\nDriver info: driver.version: unknown","stackTrace":[{"declaringClass":"com.ascm.pages.ExamPurchagePage","methodName":"verifySelectedProductPage","fileName":"ExamPurchagePage.java","lineNumber":346},{"declaringClass":"com.test.suite.testSteps.ExamPurchaseSteps","methodName":"verifyAccount","fileName":"ExamPurchaseSteps.java","lineNumber":27},{"declaringClass":"com.test.suite.stepDefination.CreateStageAccountsStepDefs","methodName":"verifyAccountCreated","fileName":"CreateStageAccountsStepDefs.java","lineNumber":182},{"declaringClass":"✽","methodName":"Verify \"Your account has been created.\"","fileName":"file:///C:/Users/CodeAutomation/Desktop/ACSM/ASCM_Automation/src/test/resources/AllTestCases/BrainTree/Corporate/CreateCorporateAccount.feature","lineNumber":22}]},"result":"ERROR","precondition":false,"level":0,"children":[{"number":31,"description":"Verify account: Your account has been created.","duration":35299,"startTime":"2022-10-13T18:44:51.442-04:00[America/New_York]","screenshots":[{"screenshot":"1f3a05e7e25e3914f13a811fd4c29d2bdaa2a31dbeb424a12c8f59dd1b0f0aaf.png","htmlSource":"pagesource903215069087437693.html.txt","timeStamp":1665701126740}],"exception":{"errorType":"org.openqa.selenium.NoSuchElementException","message":"no such element: Unable to locate element: {\"method\":\"xpath\",\"selector\":\"//h2[contains(text(),\u0027Your account has been created.\u0027)]\"}\n  (Session info: chrome\u003d106.0.5249.119)\nFor documentation on this error, please visit: https://www.seleniumhq.org/exceptions/no_such_element.html\nBuild info: version: \u00273.141.59\u0027, revision: \u0027e82be7d358\u0027, time: \u00272018-11-14T08:17:03\u0027\nSystem info: host: \u0027OK92\u0027, ip: \u0027192.168.1.11\u0027, os.name: \u0027Windows 10\u0027, os.arch: \u0027amd64\u0027, os.version: \u002710.0\u0027, java.version: \u00271.8.0_281\u0027\nDriver info: org.openqa.selenium.chrome.ChromeDriver\nCapabilities {acceptInsecureCerts: false, browserName: chrome, browserVersion: 106.0.5249.119, chrome: {chromedriverVersion: 106.0.5249.61 (511755355844..., userDataDir: C:\\Users\\CODEAU~1\\AppData\\L...}, goog:chromeOptions: {debuggerAddress: localhost:61164}, javascriptEnabled: true, networkConnectionEnabled: false, pageLoadStrategy: normal, platform: WINDOWS, platformName: WINDOWS, proxy: Proxy(), setWindowRect: true, strictFileInteractability: false, timeouts: {implicit: 0, pageLoad: 300000, script: 30000}, unhandledPromptBehavior: dismiss and notify, webauthn:extension:credBlob: true, webauthn:extension:largeBlob: true, webauthn:virtualAuthenticators: true}\nSession ID: e8af1fe0e30788470943817227d8bf44\n*** Element info: {Using\u003dxpath, value\u003d//h2[contains(text(),\u0027Your account has been created.\u0027)]}","stackTrace":[{"declaringClass":"com.ascm.pages.ExamPurchagePage","methodName":"verifySelectedProductPage","fileName":"ExamPurchagePage.java","lineNumber":346},{"declaringClass":"com.test.suite.testSteps.ExamPurchaseSteps","methodName":"verifyAccount","fileName":"ExamPurchaseSteps.java","lineNumber":27},{"declaringClass":"com.test.suite.stepDefination.CreateStageAccountsStepDefs","methodName":"verifyAccountCreated","fileName":"CreateStageAccountsStepDefs.java","lineNumber":182},{"declaringClass":"io.cucumber.java.Invoker","methodName":"doInvoke","fileName":"Invoker.java","lineNumber":66},{"declaringClass":"io.cucumber.java.Invoker","methodName":"invoke","fileName":"Invoker.java","lineNumber":24},{"declaringClass":"io.cucumber.java.AbstractGlueDefinition","methodName":"invokeMethod","fileName":"AbstractGlueDefinition.java","lineNumber":47},{"declaringClass":"io.cucumber.java.JavaStepDefinition","methodName":"execute","fileName":"JavaStepDefinition.java","lineNumber":29},{"declaringClass":"io.cucumber.core.runner.CoreStepDefinition","methodName":"execute","fileName":"CoreStepDefinition.java","lineNumber":66},{"declaringClass":"io.cucumber.core.runner.PickleStepDefinitionMatch","methodName":"runStep","fileName":"PickleStepDefinitionMatch.java","lineNumber":63},{"declaringClass":"io.cucumber.core.runner.TestStep","methodName":"executeStep","fileName":"TestStep.java","lineNumber":92},{"declaringClass":"io.cucumber.core.runner.TestStep","methodName":"run","fileName":"TestStep.java","lineNumber":64},{"declaringClass":"io.cucumber.core.runner.PickleStepTestStep","methodName":"run","fileName":"PickleStepTestStep.java","lineNumber":51},{"declaringClass":"io.cucumber.core.runner.TestCase","methodName":"run","fileName":"TestCase.java","lineNumber":104},{"declaringClass":"io.cucumber.core.runner.Runner","methodName":"runPickle","fileName":"Runner.java","lineNumber":73},{"declaringClass":"io.cucumber.junit.FeatureRunner","methodName":"runChild","fileName":"FeatureRunner.java","lineNumber":135},{"declaringClass":"io.cucumber.junit.FeatureRunner","methodName":"runChild","fileName":"FeatureRunner.java","lineNumber":27},{"declaringClass":"io.cucumber.junit.CucumberSerenityRunner","methodName":"runChild","fileName":"CucumberSerenityRunner.java","lineNumber":258},{"declaringClass":"io.cucumber.junit.CucumberSerenityRunner","methodName":"runChild","fileName":"CucumberSerenityRunner.java","lineNumber":57}]},"result":"ERROR","precondition":false,"level":1}]},{"number":32,"description":"Then Click Login Button","duration":1,"startTime":"2022-10-13T18:45:26.747-04:00[America/New_York]","result":"SKIPPED","precondition":false,"level":0},{"number":33,"description":"Then Enter username \"email\"","duration":1,"startTime":"2022-10-13T18:45:26.748-04:00[America/New_York]","result":"SKIPPED","precondition":false,"level":0},{"number":34,"description":"Then Enter password \"Test1234\"","duration":1,"startTime":"2022-10-13T18:45:26.750-04:00[America/New_York]","result":"SKIPPED","precondition":false,"level":0},{"number":35,"description":"And Click submit","duration":1,"startTime":"2022-10-13T18:45:26.751-04:00[America/New_York]","result":"SKIPPED","precondition":false,"level":0}],"userStory":{"id":"create-corporate-account","storyName":"Create-Corporate-Account","path":"file:///C:/Users/CodeAutomation/Desktop/ACSM/ASCM_Automation/src/test/resources/AllTestCases/BrainTree/Corporate/CreateCorporateAccount.feature","type":"feature"},"featureTag":{"name":"Corporate/Create-Corporate-Account","type":"feature","displayName":"Corporate/Create-Corporate-Account"},"title":"Create- corporate- account","description":"","startTime":"2022-10-13T18:42:11.885-04:00[America/New_York]","duration":194869,"testFailureCause":{"errorType":"org.openqa.selenium.NoSuchElementException","message":"no such element: Unable to locate element: {\"method\":\"xpath\",\"selector\":\"//h2[contains(text(),\u0027Your account has been created.\u0027)]\"}\n  (Session info: chrome\u003d106.0.5249.119)\nFor documentation on this error, please visit: https://www.seleniumhq.org/exceptions/no_such_element.html\nBuild info: version: \u00273.141.59\u0027, revision: \u0027e82be7d358\u0027, time: \u00272018-11-14T08:17:03\u0027\nSystem info: host: \u0027OK92\u0027, ip: \u0027192.168.1.11\u0027, os.name: \u0027Windows 10\u0027, os.arch: \u0027amd64\u0027, os.version: \u002710.0\u0027, java.version: \u00271.8.0_281\u0027\nDriver info: org.openqa.selenium.chrome.ChromeDriver\nCapabilities {acceptInsecureCerts: false, browserName: chrome, browserVersion: 106.0.5249.119, chrome: {chromedriverVersion: 106.0.5249.61 (511755355844..., userDataDir: C:\\Users\\CODEAU~1\\AppData\\L...}, goog:chromeOptions: {debuggerAddress: localhost:61164}, javascriptEnabled: true, networkConnectionEnabled: false, pageLoadStrategy: normal, platform: WINDOWS, platformName: WINDOWS, proxy: Proxy(), setWindowRect: true, strictFileInteractability: false, timeouts: {implicit: 0, pageLoad: 300000, script: 30000}, unhandledPromptBehavior: dismiss and notify, webauthn:extension:credBlob: true, webauthn:extension:largeBlob: true, webauthn:virtualAuthenticators: true}\nSession ID: e8af1fe0e30788470943817227d8bf44\n*** Element info: {Using\u003dxpath, value\u003d//h2[contains(text(),\u0027Your account has been created.\u0027)]}","stackTrace":[{"declaringClass":"com.ascm.pages.ExamPurchagePage","methodName":"verifySelectedProductPage","fileName":"ExamPurchagePage.java","lineNumber":346},{"declaringClass":"com.test.suite.testSteps.ExamPurchaseSteps","methodName":"verifyAccount","fileName":"ExamPurchaseSteps.java","lineNumber":27},{"declaringClass":"com.test.suite.stepDefination.CreateStageAccountsStepDefs","methodName":"verifyAccountCreated","fileName":"CreateStageAccountsStepDefs.java","lineNumber":182},{"declaringClass":"io.cucumber.java.Invoker","methodName":"doInvoke","fileName":"Invoker.java","lineNumber":66},{"declaringClass":"io.cucumber.java.Invoker","methodName":"invoke","fileName":"Invoker.java","lineNumber":24},{"declaringClass":"io.cucumber.java.AbstractGlueDefinition","methodName":"invokeMethod","fileName":"AbstractGlueDefinition.java","lineNumber":47},{"declaringClass":"io.cucumber.java.JavaStepDefinition","methodName":"execute","fileName":"JavaStepDefinition.java","lineNumber":29},{"declaringClass":"io.cucumber.core.runner.CoreStepDefinition","methodName":"execute","fileName":"CoreStepDefinition.java","lineNumber":66},{"declaringClass":"io.cucumber.core.runner.PickleStepDefinitionMatch","methodName":"runStep","fileName":"PickleStepDefinitionMatch.java","lineNumber":63},{"declaringClass":"io.cucumber.core.runner.TestStep","methodName":"executeStep","fileName":"TestStep.java","lineNumber":92},{"declaringClass":"io.cucumber.core.runner.TestStep","methodName":"run","fileName":"TestStep.java","lineNumber":64},{"declaringClass":"io.cucumber.core.runner.PickleStepTestStep","methodName":"run","fileName":"PickleStepTestStep.java","lineNumber":51},{"declaringClass":"io.cucumber.core.runner.TestCase","methodName":"run","fileName":"TestCase.java","lineNumber":104},{"declaringClass":"io.cucumber.core.runner.Runner","methodName":"runPickle","fileName":"Runner.java","lineNumber":73},{"declaringClass":"io.cucumber.junit.FeatureRunner","methodName":"runChild","fileName":"FeatureRunner.java","lineNumber":135},{"declaringClass":"io.cucumber.junit.FeatureRunner","methodName":"runChild","fileName":"FeatureRunner.java","lineNumber":27},{"declaringClass":"io.cucumber.junit.CucumberSerenityRunner","methodName":"runChild","fileName":"CucumberSerenityRunner.java","lineNumber":258},{"declaringClass":"io.cucumber.junit.CucumberSerenityRunner","methodName":"runChild","fileName":"CucumberSerenityRunner.java","lineNumber":57}]},"testFailureClassname":"org.openqa.selenium.NoSuchElementException","testFailureMessage":"no such element: Unable to locate element: {\"method\":\"xpath\",\"selector\":\"//h2[contains(text(),\u0027Your account has been created.\u0027)]\"}\n  (Session info: chrome\u003d106.0.5249.119)\nFor documentation on this error, please visit: https://www.seleniumhq.org/exceptions/no_such_element.html\nBuild info: version: \u00273.141.59\u0027, revision: \u0027e82be7d358\u0027, time: \u00272018-11-14T08:17:03\u0027\nSystem info: host: \u0027OK92\u0027, ip: \u0027192.168.1.11\u0027, os.name: \u0027Windows 10\u0027, os.arch: \u0027amd64\u0027, os.version: \u002710.0\u0027, java.version: \u00271.8.0_281\u0027\nDriver info: org.openqa.selenium.chrome.ChromeDriver\nCapabilities {acceptInsecureCerts: false, browserName: chrome, browserVersion: 106.0.5249.119, chrome: {chromedriverVersion: 106.0.5249.61 (511755355844..., userDataDir: C:\\Users\\CODEAU~1\\AppData\\L...}, goog:chromeOptions: {debuggerAddress: localhost:61164}, javascriptEnabled: true, networkConnectionEnabled: false, pageLoadStrategy: normal, platform: WINDOWS, platformName: WINDOWS, proxy: Proxy(), setWindowRect: true, strictFileInteractability: false, timeouts: {implicit: 0, pageLoad: 300000, script: 30000}, unhandledPromptBehavior: dismiss and notify, webauthn:extension:credBlob: true, webauthn:extension:largeBlob: true, webauthn:virtualAuthenticators: true}\nSession ID: e8af1fe0e30788470943817227d8bf44\n*** Element info: {Using\u003dxpath, value\u003d//h2[contains(text(),\u0027Your account has been created.\u0027)]}","testFailureSummary":"ERROR;org.openqa.selenium.NoSuchElementException;no such element: Unable to locate element: {\"method\":\"xpath\",\"selector\":\"//h2[contains(text(),\u0027Your account has been created.\u0027)]\"}\n  (Session info: chrome\u003d106.0.5249.119)\nFor documentation on this error, please visit: https://www.seleniumhq.org/exceptions/no_such_element.html\nBuild info: version: \u00273.141.59\u0027, revision: \u0027e82be7d358\u0027, time: \u00272018-11-14T08:17:03\u0027\nSystem info: host: \u0027OK92\u0027, ip: \u0027192.168.1.11\u0027, os.name: \u0027Windows 10\u0027, os.arch: \u0027amd64\u0027, os.version: \u002710.0\u0027, java.version: \u00271.8.0_281\u0027\nDriver info: org.openqa.selenium.chrome.ChromeDriver\nCapabilities {acceptInsecureCerts: false, browserName: chrome, browserVersion: 106.0.5249.119, chrome: {chromedriverVersion: 106.0.5249.61 (511755355844..., userDataDir: C:\\Users\\CODEAU~1\\AppData\\L...}, goog:chromeOptions: {debuggerAddress: localhost:61164}, javascriptEnabled: true, networkConnectionEnabled: false, pageLoadStrategy: normal, platform: WINDOWS, platformName: WINDOWS, proxy: Proxy(), setWindowRect: true, strictFileInteractability: false, timeouts: {implicit: 0, pageLoad: 300000, script: 30000}, unhandledPromptBehavior: dismiss and notify, webauthn:extension:credBlob: true, webauthn:extension:largeBlob: true, webauthn:virtualAuthenticators: true}\nSession ID: e8af1fe0e30788470943817227d8bf44\n*** Element info: {Using\u003dxpath, value\u003d//h2[contains(text(),\u0027Your account has been created.\u0027)]};ExamPurchagePage.java","projectKey":"","annotatedResult":"ERROR","sessionId":"e8af1fe0e30788470943817227d8bf44","driver":"chrome","isManualTestingUpToDate":false,"manual":false,"testSource":"Cucumber","result":"ERROR"}