{"name":"Verify-the-user-is-able-to-view-course-and-download","id":"verify-the-user-is-able-to-view-course-and-download;verify-the-user-is-able-to-view-course-and-download","testSteps":[{"number":1,"description":"Given Go To Login Page","duration":8064,"startTime":"2022-10-13T19:49:50.116-04:00[America/New_York]","result":"SUCCESS","precondition":false,"level":0,"children":[{"number":2,"description":"Go to login page","duration":8059,"startTime":"2022-10-13T19:49:50.120-04:00[America/New_York]","result":"SUCCESS","precondition":false,"level":1}]},{"number":3,"description":"Then Enter Legacy username \"amyautot1@email.com\"","duration":393,"startTime":"2022-10-13T19:49:58.181-04:00[America/New_York]","result":"SUCCESS","precondition":false,"level":0,"children":[{"number":4,"description":"Enter user name step: amyautot1@email.com","duration":391,"startTime":"2022-10-13T19:49:58.182-04:00[America/New_York]","result":"SUCCESS","precondition":false,"level":1}]},{"number":5,"description":"Then Enter Legacy password \"Test1234\"","duration":362,"startTime":"2022-10-13T19:49:58.575-04:00[America/New_York]","result":"SUCCESS","precondition":false,"level":0,"children":[{"number":6,"description":"Enter password step: Test1234","duration":360,"startTime":"2022-10-13T19:49:58.576-04:00[America/New_York]","result":"SUCCESS","precondition":false,"level":1}]},{"number":7,"description":"And Click submit","duration":1522,"startTime":"2022-10-13T19:49:58.937-04:00[America/New_York]","result":"SUCCESS","precondition":false,"level":0,"children":[{"number":8,"description":"Click submit button step","duration":1520,"startTime":"2022-10-13T19:49:58.938-04:00[America/New_York]","result":"SUCCESS","precondition":false,"level":1}]},{"number":9,"description":"Then Click on OK button for cookie","duration":130452,"startTime":"2022-10-13T19:50:00.459-04:00[America/New_York]","result":"SUCCESS","precondition":false,"level":0,"children":[{"number":10,"description":"Click on cookie step","duration":130449,"startTime":"2022-10-13T19:50:00.460-04:00[America/New_York]","result":"SUCCESS","precondition":false,"level":1}]},{"number":11,"description":"Then Go To My Account","duration":5632,"startTime":"2022-10-13T19:52:10.912-04:00[America/New_York]","result":"SUCCESS","precondition":false,"level":0},{"number":12,"description":"Then Click On Download And Courses","duration":60505,"startTime":"2022-10-13T19:52:16.544-04:00[America/New_York]","exception":{"errorType":"net.thucydides.core.webdriver.exceptions.ElementShouldBePresentException","message":"Expected condition failed: waiting for ProcurementPage.courseAndDownload to be present (tried for 60 second(s) with 100 milliseconds interval)\nBuild info: version: \u00273.141.59\u0027, revision: \u0027e82be7d358\u0027, time: \u00272018-11-14T08:17:03\u0027\nSystem info: host: \u0027OK92\u0027, ip: \u0027192.168.1.11\u0027, os.name: \u0027Windows 10\u0027, os.arch: \u0027amd64\u0027, os.version: \u002710.0\u0027, java.version: \u00271.8.0_281\u0027\nDriver info: driver.version: unknown\nBuild info: version: \u00273.141.59\u0027, revision: \u0027e82be7d358\u0027, time: \u00272018-11-14T08:17:03\u0027\nSystem info: host: \u0027OK92\u0027, ip: \u0027192.168.1.11\u0027, os.name: \u0027Windows 10\u0027, os.arch: \u0027amd64\u0027, os.version: \u002710.0\u0027, java.version: \u00271.8.0_281\u0027\nDriver info: driver.version: unknown","stackTrace":[{"declaringClass":"com.ascm.util.SeleniumHelper","methodName":"jsClick","fileName":"SeleniumHelper.java","lineNumber":41},{"declaringClass":"com.ascm.pages.ProcurementPage","methodName":"clickOnDownloadAndCourses","fileName":"ProcurementPage.java","lineNumber":227},{"declaringClass":"com.test.suite.testSteps.ProcurementSteps","methodName":"clickOnDownloadAndCourses","fileName":"ProcurementSteps.java","lineNumber":34},{"declaringClass":"com.test.suite.stepDefination.ProcurrementStepDef","methodName":"clickOnDownloadAndCourses","fileName":"ProcurrementStepDef.java","lineNumber":38},{"declaringClass":"✽","methodName":"Click On Download And Courses","fileName":"file:///C:/Users/CodeAutomation/Desktop/ACSM/ASCM_Automation/src/test/resources/AllTestCases/FoundationCourses/UserCanViewCourse.feature","lineNumber":9}]},"result":"FAILURE","precondition":false,"level":0,"children":[{"number":13,"description":"Click on download and courses","duration":60498,"startTime":"2022-10-13T19:52:16.545-04:00[America/New_York]","screenshots":[{"screenshot":"2ec4216e527cfb7eb65d3bd2f63dfba66b22d0f62fed6aaaff72d94244c1e02e.png","htmlSource":"pagesource1674254528169756121.html.txt","timeStamp":1665705197042}],"exception":{"errorType":"net.thucydides.core.webdriver.exceptions.ElementShouldBePresentException","message":"Expected condition failed: waiting for ProcurementPage.courseAndDownload to be present (tried for 60 second(s) with 100 milliseconds interval)\nBuild info: version: \u00273.141.59\u0027, revision: \u0027e82be7d358\u0027, time: \u00272018-11-14T08:17:03\u0027\nSystem info: host: \u0027OK92\u0027, ip: \u0027192.168.1.11\u0027, os.name: \u0027Windows 10\u0027, os.arch: \u0027amd64\u0027, os.version: \u002710.0\u0027, java.version: \u00271.8.0_281\u0027\nDriver info: driver.version: unknown","stackTrace":[{"declaringClass":"com.ascm.util.SeleniumHelper","methodName":"jsClick","fileName":"SeleniumHelper.java","lineNumber":41},{"declaringClass":"com.ascm.pages.ProcurementPage","methodName":"clickOnDownloadAndCourses","fileName":"ProcurementPage.java","lineNumber":227},{"declaringClass":"com.test.suite.testSteps.ProcurementSteps","methodName":"clickOnDownloadAndCourses","fileName":"ProcurementSteps.java","lineNumber":34},{"declaringClass":"com.test.suite.stepDefination.ProcurrementStepDef","methodName":"clickOnDownloadAndCourses","fileName":"ProcurrementStepDef.java","lineNumber":38},{"declaringClass":"io.cucumber.java.Invoker","methodName":"doInvoke","fileName":"Invoker.java","lineNumber":66},{"declaringClass":"io.cucumber.java.Invoker","methodName":"invoke","fileName":"Invoker.java","lineNumber":24},{"declaringClass":"io.cucumber.java.AbstractGlueDefinition","methodName":"invokeMethod","fileName":"AbstractGlueDefinition.java","lineNumber":47},{"declaringClass":"io.cucumber.java.JavaStepDefinition","methodName":"execute","fileName":"JavaStepDefinition.java","lineNumber":29},{"declaringClass":"io.cucumber.core.runner.CoreStepDefinition","methodName":"execute","fileName":"CoreStepDefinition.java","lineNumber":66},{"declaringClass":"io.cucumber.core.runner.PickleStepDefinitionMatch","methodName":"runStep","fileName":"PickleStepDefinitionMatch.java","lineNumber":63},{"declaringClass":"io.cucumber.core.runner.TestStep","methodName":"executeStep","fileName":"TestStep.java","lineNumber":92},{"declaringClass":"io.cucumber.core.runner.TestStep","methodName":"run","fileName":"TestStep.java","lineNumber":64},{"declaringClass":"io.cucumber.core.runner.PickleStepTestStep","methodName":"run","fileName":"PickleStepTestStep.java","lineNumber":51},{"declaringClass":"io.cucumber.core.runner.TestCase","methodName":"run","fileName":"TestCase.java","lineNumber":104},{"declaringClass":"io.cucumber.core.runner.Runner","methodName":"runPickle","fileName":"Runner.java","lineNumber":73},{"declaringClass":"io.cucumber.junit.FeatureRunner","methodName":"runChild","fileName":"FeatureRunner.java","lineNumber":135},{"declaringClass":"io.cucumber.junit.FeatureRunner","methodName":"runChild","fileName":"FeatureRunner.java","lineNumber":27},{"declaringClass":"io.cucumber.junit.CucumberSerenityRunner","methodName":"runChild","fileName":"CucumberSerenityRunner.java","lineNumber":258},{"declaringClass":"io.cucumber.junit.CucumberSerenityRunner","methodName":"runChild","fileName":"CucumberSerenityRunner.java","lineNumber":57}],"rootCause":{"errorType":"org.openqa.selenium.TimeoutException","message":"Expected condition failed: waiting for ProcurementPage.courseAndDownload to be present (tried for 60 second(s) with 100 milliseconds interval)\nBuild info: version: \u00273.141.59\u0027, revision: \u0027e82be7d358\u0027, time: \u00272018-11-14T08:17:03\u0027\nSystem info: host: \u0027OK92\u0027, ip: \u0027192.168.1.11\u0027, os.name: \u0027Windows 10\u0027, os.arch: \u0027amd64\u0027, os.version: \u002710.0\u0027, java.version: \u00271.8.0_281\u0027\nDriver info: driver.version: unknown","stackTrace":[{"declaringClass":"com.ascm.util.SeleniumHelper","methodName":"jsClick","fileName":"SeleniumHelper.java","lineNumber":41},{"declaringClass":"com.ascm.pages.ProcurementPage","methodName":"clickOnDownloadAndCourses","fileName":"ProcurementPage.java","lineNumber":227},{"declaringClass":"com.test.suite.testSteps.ProcurementSteps","methodName":"clickOnDownloadAndCourses","fileName":"ProcurementSteps.java","lineNumber":34},{"declaringClass":"com.test.suite.stepDefination.ProcurrementStepDef","methodName":"clickOnDownloadAndCourses","fileName":"ProcurrementStepDef.java","lineNumber":38},{"declaringClass":"io.cucumber.java.Invoker","methodName":"doInvoke","fileName":"Invoker.java","lineNumber":66},{"declaringClass":"io.cucumber.java.Invoker","methodName":"invoke","fileName":"Invoker.java","lineNumber":24},{"declaringClass":"io.cucumber.java.AbstractGlueDefinition","methodName":"invokeMethod","fileName":"AbstractGlueDefinition.java","lineNumber":47},{"declaringClass":"io.cucumber.java.JavaStepDefinition","methodName":"execute","fileName":"JavaStepDefinition.java","lineNumber":29},{"declaringClass":"io.cucumber.core.runner.CoreStepDefinition","methodName":"execute","fileName":"CoreStepDefinition.java","lineNumber":66},{"declaringClass":"io.cucumber.core.runner.PickleStepDefinitionMatch","methodName":"runStep","fileName":"PickleStepDefinitionMatch.java","lineNumber":63},{"declaringClass":"io.cucumber.core.runner.TestStep","methodName":"executeStep","fileName":"TestStep.java","lineNumber":92},{"declaringClass":"io.cucumber.core.runner.TestStep","methodName":"run","fileName":"TestStep.java","lineNumber":64},{"declaringClass":"io.cucumber.core.runner.PickleStepTestStep","methodName":"run","fileName":"PickleStepTestStep.java","lineNumber":51},{"declaringClass":"io.cucumber.core.runner.TestCase","methodName":"run","fileName":"TestCase.java","lineNumber":104},{"declaringClass":"io.cucumber.core.runner.Runner","methodName":"runPickle","fileName":"Runner.java","lineNumber":73},{"declaringClass":"io.cucumber.junit.FeatureRunner","methodName":"runChild","fileName":"FeatureRunner.java","lineNumber":135},{"declaringClass":"io.cucumber.junit.FeatureRunner","methodName":"runChild","fileName":"FeatureRunner.java","lineNumber":27},{"declaringClass":"io.cucumber.junit.CucumberSerenityRunner","methodName":"runChild","fileName":"CucumberSerenityRunner.java","lineNumber":258},{"declaringClass":"io.cucumber.junit.CucumberSerenityRunner","methodName":"runChild","fileName":"CucumberSerenityRunner.java","lineNumber":57}]}},"result":"FAILURE","precondition":false,"level":1}]},{"number":14,"description":"Then Verify Foundation course \"Foundations of Inventory Management\"","duration":1,"startTime":"2022-10-13T19:53:17.050-04:00[America/New_York]","result":"SKIPPED","precondition":false,"level":0},{"number":15,"description":"Then Click On Access Course","duration":1,"startTime":"2022-10-13T19:53:17.051-04:00[America/New_York]","result":"SKIPPED","precondition":false,"level":0},{"number":16,"description":"Then Verify Foundation course \"Foundations of Inventory Management\"","duration":1,"startTime":"2022-10-13T19:53:17.053-04:00[America/New_York]","result":"SKIPPED","precondition":false,"level":0},{"number":17,"description":"Then Close the Browser","duration":1,"startTime":"2022-10-13T19:53:17.054-04:00[America/New_York]","result":"SKIPPED","precondition":false,"level":0}],"userStory":{"id":"verify-the-user-is-able-to-view-course-and-download","storyName":"Verify-the-user-is-able-to-view-course-and-download","path":"file:///C:/Users/CodeAutomation/Desktop/ACSM/ASCM_Automation/src/test/resources/AllTestCases/FoundationCourses/UserCanViewCourse.feature","type":"feature"},"featureTag":{"name":"Foundation courses/Verify-the-user-is-able-to-view-course-and-download","type":"feature","displayName":"Foundation courses/Verify-the-user-is-able-to-view-course-and-download"},"title":"Verify-the-user-is-able-to-view-course-and-download","description":"","startTime":"2022-10-13T19:49:50.114-04:00[America/New_York]","duration":206943,"testFailureCause":{"errorType":"net.thucydides.core.webdriver.exceptions.ElementShouldBePresentException","message":"Expected condition failed: waiting for ProcurementPage.courseAndDownload to be present (tried for 60 second(s) with 100 milliseconds interval)\nBuild info: version: \u00273.141.59\u0027, revision: \u0027e82be7d358\u0027, time: \u00272018-11-14T08:17:03\u0027\nSystem info: host: \u0027OK92\u0027, ip: \u0027192.168.1.11\u0027, os.name: \u0027Windows 10\u0027, os.arch: \u0027amd64\u0027, os.version: \u002710.0\u0027, java.version: \u00271.8.0_281\u0027\nDriver info: driver.version: unknown","stackTrace":[{"declaringClass":"com.ascm.util.SeleniumHelper","methodName":"jsClick","fileName":"SeleniumHelper.java","lineNumber":41},{"declaringClass":"com.ascm.pages.ProcurementPage","methodName":"clickOnDownloadAndCourses","fileName":"ProcurementPage.java","lineNumber":227},{"declaringClass":"com.test.suite.testSteps.ProcurementSteps","methodName":"clickOnDownloadAndCourses","fileName":"ProcurementSteps.java","lineNumber":34},{"declaringClass":"com.test.suite.stepDefination.ProcurrementStepDef","methodName":"clickOnDownloadAndCourses","fileName":"ProcurrementStepDef.java","lineNumber":38},{"declaringClass":"io.cucumber.java.Invoker","methodName":"doInvoke","fileName":"Invoker.java","lineNumber":66},{"declaringClass":"io.cucumber.java.Invoker","methodName":"invoke","fileName":"Invoker.java","lineNumber":24},{"declaringClass":"io.cucumber.java.AbstractGlueDefinition","methodName":"invokeMethod","fileName":"AbstractGlueDefinition.java","lineNumber":47},{"declaringClass":"io.cucumber.java.JavaStepDefinition","methodName":"execute","fileName":"JavaStepDefinition.java","lineNumber":29},{"declaringClass":"io.cucumber.core.runner.CoreStepDefinition","methodName":"execute","fileName":"CoreStepDefinition.java","lineNumber":66},{"declaringClass":"io.cucumber.core.runner.PickleStepDefinitionMatch","methodName":"runStep","fileName":"PickleStepDefinitionMatch.java","lineNumber":63},{"declaringClass":"io.cucumber.core.runner.TestStep","methodName":"executeStep","fileName":"TestStep.java","lineNumber":92},{"declaringClass":"io.cucumber.core.runner.TestStep","methodName":"run","fileName":"TestStep.java","lineNumber":64},{"declaringClass":"io.cucumber.core.runner.PickleStepTestStep","methodName":"run","fileName":"PickleStepTestStep.java","lineNumber":51},{"declaringClass":"io.cucumber.core.runner.TestCase","methodName":"run","fileName":"TestCase.java","lineNumber":104},{"declaringClass":"io.cucumber.core.runner.Runner","methodName":"runPickle","fileName":"Runner.java","lineNumber":73},{"declaringClass":"io.cucumber.junit.FeatureRunner","methodName":"runChild","fileName":"FeatureRunner.java","lineNumber":135},{"declaringClass":"io.cucumber.junit.FeatureRunner","methodName":"runChild","fileName":"FeatureRunner.java","lineNumber":27},{"declaringClass":"io.cucumber.junit.CucumberSerenityRunner","methodName":"runChild","fileName":"CucumberSerenityRunner.java","lineNumber":258},{"declaringClass":"io.cucumber.junit.CucumberSerenityRunner","methodName":"runChild","fileName":"CucumberSerenityRunner.java","lineNumber":57}],"rootCause":{"errorType":"org.openqa.selenium.TimeoutException","message":"Expected condition failed: waiting for ProcurementPage.courseAndDownload to be present (tried for 60 second(s) with 100 milliseconds interval)\nBuild info: version: \u00273.141.59\u0027, revision: \u0027e82be7d358\u0027, time: \u00272018-11-14T08:17:03\u0027\nSystem info: host: \u0027OK92\u0027, ip: \u0027192.168.1.11\u0027, os.name: \u0027Windows 10\u0027, os.arch: \u0027amd64\u0027, os.version: \u002710.0\u0027, java.version: \u00271.8.0_281\u0027\nDriver info: driver.version: unknown","stackTrace":[{"declaringClass":"com.ascm.util.SeleniumHelper","methodName":"jsClick","fileName":"SeleniumHelper.java","lineNumber":41},{"declaringClass":"com.ascm.pages.ProcurementPage","methodName":"clickOnDownloadAndCourses","fileName":"ProcurementPage.java","lineNumber":227},{"declaringClass":"com.test.suite.testSteps.ProcurementSteps","methodName":"clickOnDownloadAndCourses","fileName":"ProcurementSteps.java","lineNumber":34},{"declaringClass":"com.test.suite.stepDefination.ProcurrementStepDef","methodName":"clickOnDownloadAndCourses","fileName":"ProcurrementStepDef.java","lineNumber":38},{"declaringClass":"io.cucumber.java.Invoker","methodName":"doInvoke","fileName":"Invoker.java","lineNumber":66},{"declaringClass":"io.cucumber.java.Invoker","methodName":"invoke","fileName":"Invoker.java","lineNumber":24},{"declaringClass":"io.cucumber.java.AbstractGlueDefinition","methodName":"invokeMethod","fileName":"AbstractGlueDefinition.java","lineNumber":47},{"declaringClass":"io.cucumber.java.JavaStepDefinition","methodName":"execute","fileName":"JavaStepDefinition.java","lineNumber":29},{"declaringClass":"io.cucumber.core.runner.CoreStepDefinition","methodName":"execute","fileName":"CoreStepDefinition.java","lineNumber":66},{"declaringClass":"io.cucumber.core.runner.PickleStepDefinitionMatch","methodName":"runStep","fileName":"PickleStepDefinitionMatch.java","lineNumber":63},{"declaringClass":"io.cucumber.core.runner.TestStep","methodName":"executeStep","fileName":"TestStep.java","lineNumber":92},{"declaringClass":"io.cucumber.core.runner.TestStep","methodName":"run","fileName":"TestStep.java","lineNumber":64},{"declaringClass":"io.cucumber.core.runner.PickleStepTestStep","methodName":"run","fileName":"PickleStepTestStep.java","lineNumber":51},{"declaringClass":"io.cucumber.core.runner.TestCase","methodName":"run","fileName":"TestCase.java","lineNumber":104},{"declaringClass":"io.cucumber.core.runner.Runner","methodName":"runPickle","fileName":"Runner.java","lineNumber":73},{"declaringClass":"io.cucumber.junit.FeatureRunner","methodName":"runChild","fileName":"FeatureRunner.java","lineNumber":135},{"declaringClass":"io.cucumber.junit.FeatureRunner","methodName":"runChild","fileName":"FeatureRunner.java","lineNumber":27},{"declaringClass":"io.cucumber.junit.CucumberSerenityRunner","methodName":"runChild","fileName":"CucumberSerenityRunner.java","lineNumber":258},{"declaringClass":"io.cucumber.junit.CucumberSerenityRunner","methodName":"runChild","fileName":"CucumberSerenityRunner.java","lineNumber":57}]}},"testFailureClassname":"net.thucydides.core.webdriver.exceptions.ElementShouldBePresentException","testFailureMessage":"Expected condition failed: waiting for ProcurementPage.courseAndDownload to be present (tried for 60 second(s) with 100 milliseconds interval)\nBuild info: version: \u00273.141.59\u0027, revision: \u0027e82be7d358\u0027, time: \u00272018-11-14T08:17:03\u0027\nSystem info: host: \u0027OK92\u0027, ip: \u0027192.168.1.11\u0027, os.name: \u0027Windows 10\u0027, os.arch: \u0027amd64\u0027, os.version: \u002710.0\u0027, java.version: \u00271.8.0_281\u0027\nDriver info: driver.version: unknown","testFailureSummary":"FAILURE;net.thucydides.core.webdriver.exceptions.ElementShouldBePresentException;Expected condition failed: waiting for ProcurementPage.courseAndDownload to be present (tried for 60 second(s) with 100 milliseconds interval)\nBuild info: version: \u00273.141.59\u0027, revision: \u0027e82be7d358\u0027, time: \u00272018-11-14T08:17:03\u0027\nSystem info: host: \u0027OK92\u0027, ip: \u0027192.168.1.11\u0027, os.name: \u0027Windows 10\u0027, os.arch: \u0027amd64\u0027, os.version: \u002710.0\u0027, java.version: \u00271.8.0_281\u0027\nDriver info: driver.version: unknown;SeleniumHelper.java","projectKey":"","annotatedResult":"FAILURE","sessionId":"1a75c73e6c650354bf375511bda4d039","driver":"chrome","isManualTestingUpToDate":false,"manual":false,"testSource":"Cucumber","result":"FAILURE"}