{"name":"CLTD-First Attempt-BrainTree-PP","id":"cltd-first-attempt-braintree-pp;cltd-first-attempt-braintree-pp","testSteps":[{"number":1,"description":"Given Launch Create Account","duration":10188,"startTime":"2022-10-13T13:00:32.407-04:00[America/New_York]","result":"SUCCESS","precondition":false,"level":0,"children":[{"number":2,"description":"Launch create account step","duration":10176,"startTime":"2022-10-13T13:00:32.417-04:00[America/New_York]","result":"SUCCESS","precondition":false,"level":1}]},{"number":3,"description":"Then Click on OK button for cookie","duration":65567,"startTime":"2022-10-13T13:00:42.596-04:00[America/New_York]","result":"SUCCESS","precondition":false,"level":0,"children":[{"number":4,"description":"Click on cookie step","duration":65555,"startTime":"2022-10-13T13:00:42.601-04:00[America/New_York]","result":"SUCCESS","precondition":false,"level":1}]},{"number":5,"description":"Then Enter New Email \"email\"","duration":467,"startTime":"2022-10-13T13:01:48.165-04:00[America/New_York]","result":"SUCCESS","precondition":false,"level":0,"children":[{"number":6,"description":"Enter email: Automation1665680508167@gmail.com","duration":462,"startTime":"2022-10-13T13:01:48.169-04:00[America/New_York]","result":"SUCCESS","precondition":false,"level":1}]},{"number":7,"description":"Then Enter New Password \"Testing1\"","duration":391,"startTime":"2022-10-13T13:01:48.633-04:00[America/New_York]","result":"SUCCESS","precondition":false,"level":0,"children":[{"number":8,"description":"Enter password: Testing1","duration":389,"startTime":"2022-10-13T13:01:48.634-04:00[America/New_York]","result":"SUCCESS","precondition":false,"level":1}]},{"number":9,"description":"Then Enter First Name \"Automation\"","duration":374,"startTime":"2022-10-13T13:01:49.025-04:00[America/New_York]","result":"SUCCESS","precondition":false,"level":0,"children":[{"number":10,"description":"Enter first name: Automation","duration":372,"startTime":"2022-10-13T13:01:49.026-04:00[America/New_York]","result":"SUCCESS","precondition":false,"level":1}]},{"number":11,"description":"Then Enter Last Name \"qa\"","duration":379,"startTime":"2022-10-13T13:01:49.400-04:00[America/New_York]","result":"SUCCESS","precondition":false,"level":0,"children":[{"number":12,"description":"Enter last name: qa","duration":377,"startTime":"2022-10-13T13:01:49.401-04:00[America/New_York]","result":"SUCCESS","precondition":false,"level":1}]},{"number":13,"description":"Then Click Ceck Term","duration":60311,"startTime":"2022-10-13T13:01:49.780-04:00[America/New_York]","result":"SUCCESS","precondition":false,"level":0,"children":[{"number":14,"description":"Click check term","duration":60308,"startTime":"2022-10-13T13:01:49.781-04:00[America/New_York]","result":"SUCCESS","precondition":false,"level":1}]},{"number":15,"description":"Then Enter Job Title \"QA\"","duration":376,"startTime":"2022-10-13T13:02:50.092-04:00[America/New_York]","result":"SUCCESS","precondition":false,"level":0,"children":[{"number":16,"description":"Enter job title: QA","duration":374,"startTime":"2022-10-13T13:02:50.093-04:00[America/New_York]","result":"SUCCESS","precondition":false,"level":1}]},{"number":17,"description":"Then Click Submit","duration":30357,"startTime":"2022-10-13T13:02:50.469-04:00[America/New_York]","result":"SUCCESS","precondition":false,"level":0,"children":[{"number":18,"description":"Click submit button step","duration":30353,"startTime":"2022-10-13T13:02:50.470-04:00[America/New_York]","result":"SUCCESS","precondition":false,"level":1}]},{"number":19,"description":"Then Click Login Button","duration":8552,"startTime":"2022-10-13T13:03:20.827-04:00[America/New_York]","result":"SUCCESS","precondition":false,"level":0,"children":[{"number":20,"description":"Click log in button","duration":8548,"startTime":"2022-10-13T13:03:20.829-04:00[America/New_York]","result":"SUCCESS","precondition":false,"level":1}]},{"number":21,"description":"Then Enter username \"email\"","duration":421,"startTime":"2022-10-13T13:03:29.379-04:00[America/New_York]","result":"SUCCESS","precondition":false,"level":0,"children":[{"number":22,"description":"Enter user name step: Automation1665680508167@gmail.com","duration":418,"startTime":"2022-10-13T13:03:29.381-04:00[America/New_York]","result":"SUCCESS","precondition":false,"level":1}]},{"number":23,"description":"Then Enter password \"Testing1\"","duration":357,"startTime":"2022-10-13T13:03:29.801-04:00[America/New_York]","result":"SUCCESS","precondition":false,"level":0,"children":[{"number":24,"description":"Enter password step: Testing1","duration":354,"startTime":"2022-10-13T13:03:29.802-04:00[America/New_York]","result":"SUCCESS","precondition":false,"level":1}]},{"number":25,"description":"And Click submit","duration":18682,"startTime":"2022-10-13T13:03:30.158-04:00[America/New_York]","result":"SUCCESS","precondition":false,"level":0,"children":[{"number":26,"description":"Click submit button step","duration":18679,"startTime":"2022-10-13T13:03:30.159-04:00[America/New_York]","result":"SUCCESS","precondition":false,"level":1}]},{"number":27,"description":"Then Click Learning And Development Top Navigation","duration":5190,"startTime":"2022-10-13T13:03:48.840-04:00[America/New_York]","result":"SUCCESS","precondition":false,"level":0,"children":[{"number":28,"description":"Click learning and development top navigation","duration":5182,"startTime":"2022-10-13T13:03:48.846-04:00[America/New_York]","result":"SUCCESS","precondition":false,"level":1}]},{"number":29,"description":"Then Click CLTD","duration":24349,"startTime":"2022-10-13T13:03:54.031-04:00[America/New_York]","result":"SUCCESS","precondition":false,"level":0,"children":[{"number":30,"description":"Click CLTD","duration":24346,"startTime":"2022-10-13T13:03:54.033-04:00[America/New_York]","result":"SUCCESS","precondition":false,"level":1}]},{"number":31,"description":"Then Exam Add To Card","duration":128,"startTime":"2022-10-13T13:04:18.381-04:00[America/New_York]","result":"SUCCESS","precondition":false,"level":0,"children":[{"number":32,"description":"Click add to card exam button","duration":125,"startTime":"2022-10-13T13:04:18.382-04:00[America/New_York]","result":"SUCCESS","precondition":false,"level":1}]},{"number":33,"description":"Then Click Proceed to Continue button","duration":15381,"startTime":"2022-10-13T13:04:18.511-04:00[America/New_York]","result":"SUCCESS","precondition":false,"level":0,"children":[{"number":34,"description":"Click proceed to check out button step","duration":15373,"startTime":"2022-10-13T13:04:18.517-04:00[America/New_York]","result":"SUCCESS","precondition":false,"level":1}]},{"number":35,"description":"Then click Work Address Radio Button","duration":184927,"startTime":"2022-10-13T13:04:33.893-04:00[America/New_York]","result":"SUCCESS","precondition":false,"level":0,"children":[{"number":36,"description":"Click work address readio button","duration":181918,"startTime":"2022-10-13T13:04:36.900-04:00[America/New_York]","result":"SUCCESS","precondition":false,"level":1}]},{"number":37,"description":"Then Fill in the following For Address\r\n| Field | Value |\r\n| country | USA |\r\n| company | CC |\r\n| streetAddress | 8430 W Bryn Mawr Ave |\r\n| City | Chicago |\r\n| State | IL |\r\n| postalCode | 60631 |\r\n| CountryType | Work |\r\n| Country Code | 1 |\r\n| Area Code | 452 |\r\n| Phone Number | 3667788 |","duration":16931,"startTime":"2022-10-13T13:07:38.821-04:00[America/New_York]","result":"SUCCESS","precondition":false,"level":0,"children":[{"number":38,"description":"Select country step: USA","duration":6297,"startTime":"2022-10-13T13:07:38.822-04:00[America/New_York]","result":"SUCCESS","precondition":false,"level":1},{"number":39,"description":"Enter company: CC","duration":5679,"startTime":"2022-10-13T13:07:45.120-04:00[America/New_York]","result":"SUCCESS","precondition":false,"level":1},{"number":40,"description":"Enter mailing address line1 step: 8430 W Bryn Mawr Ave","duration":2427,"startTime":"2022-10-13T13:07:50.800-04:00[America/New_York]","result":"SUCCESS","precondition":false,"level":1},{"number":41,"description":"Enter mailingcity step: Chicago","duration":400,"startTime":"2022-10-13T13:07:53.227-04:00[America/New_York]","result":"SUCCESS","precondition":false,"level":1},{"number":42,"description":"Enter mailing state step: IL","duration":358,"startTime":"2022-10-13T13:07:53.627-04:00[America/New_York]","result":"SUCCESS","precondition":false,"level":1},{"number":43,"description":"Enter maililing zip code step: 60631","duration":371,"startTime":"2022-10-13T13:07:53.986-04:00[America/New_York]","result":"SUCCESS","precondition":false,"level":1},{"number":44,"description":"Select country type: Work","duration":243,"startTime":"2022-10-13T13:07:54.358-04:00[America/New_York]","result":"SUCCESS","precondition":false,"level":1},{"number":45,"description":"Select country area code: 1","duration":307,"startTime":"2022-10-13T13:07:54.602-04:00[America/New_York]","result":"SUCCESS","precondition":false,"level":1},{"number":46,"description":"Enter area code: 452","duration":448,"startTime":"2022-10-13T13:07:54.910-04:00[America/New_York]","result":"SUCCESS","precondition":false,"level":1},{"number":47,"description":"Enter phone number: 3667788","duration":392,"startTime":"2022-10-13T13:07:55.359-04:00[America/New_York]","result":"SUCCESS","precondition":false,"level":1}]},{"number":48,"description":"Then Click Next Payment Information button","duration":140410,"startTime":"2022-10-13T13:07:55.753-04:00[America/New_York]","result":"SUCCESS","precondition":false,"level":0,"children":[{"number":49,"description":"Click continue button step","duration":140405,"startTime":"2022-10-13T13:07:55.756-04:00[America/New_York]","result":"SUCCESS","precondition":false,"level":1}]},{"number":50,"description":"Then Click same as billing button","duration":127,"startTime":"2022-10-13T13:10:16.164-04:00[America/New_York]","result":"SUCCESS","precondition":false,"level":0,"children":[{"number":51,"description":"Click same as billing button step","duration":124,"startTime":"2022-10-13T13:10:16.165-04:00[America/New_York]","result":"SUCCESS","precondition":false,"level":1}]},{"number":52,"description":"Then Choose a \"PayPal\" brain tree plan to pay","duration":57744,"startTime":"2022-10-13T13:10:16.292-04:00[America/New_York]","result":"SUCCESS","precondition":false,"level":0,"children":[{"number":53,"description":"Chooseawaytopay: PayPal","duration":57739,"startTime":"2022-10-13T13:10:16.295-04:00[America/New_York]","result":"SUCCESS","precondition":false,"level":1}]},{"number":54,"description":"Then Click Next Review button","duration":125663,"startTime":"2022-10-13T13:11:14.039-04:00[America/New_York]","result":"SUCCESS","precondition":false,"level":0,"children":[{"number":55,"description":"Click next reviw button step","duration":125660,"startTime":"2022-10-13T13:11:14.040-04:00[America/New_York]","result":"SUCCESS","precondition":false,"level":1}]},{"number":56,"description":"Then Click Place Order button","duration":5218,"startTime":"2022-10-13T13:13:19.702-04:00[America/New_York]","result":"SUCCESS","precondition":false,"level":0,"children":[{"number":57,"description":"Click place order button step","duration":5215,"startTime":"2022-10-13T13:13:19.703-04:00[America/New_York]","result":"SUCCESS","precondition":false,"level":1}]},{"number":58,"description":"Then Get ReferenceCode","duration":21782,"startTime":"2022-10-13T13:13:24.920-04:00[America/New_York]","result":"SUCCESS","precondition":false,"level":0,"children":[{"number":59,"description":"Get reference code","duration":21778,"startTime":"2022-10-13T13:13:24.922-04:00[America/New_York]","result":"SUCCESS","reportData":[{"title":"Reference Code","contents":"Reference Code: PO2218716403","isEvidence":false,"id":"report-data-4c907d4f-83ee-446f-b8b7-6d6ff93dde1e"}],"precondition":false,"level":1}]}],"userStory":{"id":"cltd-first-attempt-braintree-pp","storyName":"CLTD-First Attempt-BrainTree-PP","path":"file:///C:/Users/CodeAutomation/Desktop/ACSM/ASCM_Automation/src/test/resources/AllTestCases/BrainTree/ExamPurchase/ExamPurchaseWithLoginBrainTreePP/CLTDFirstExamAttempBTPP.feature","type":"feature"},"featureTag":{"name":"Exam purchase with login brain tree PP/CLTD-First Attempt-BrainTree-PP","type":"feature","displayName":"Exam purchase with login brain tree PP/CLTD-First Attempt-BrainTree-PP"},"title":"CLTD-First Attempt-BrainTree-PP","description":"","startTime":"2022-10-13T13:00:32.405-04:00[America/New_York]","duration":794298,"projectKey":"","sessionId":"a6da10580aecfdc5ace76dfc663579ab","driver":"chrome","isManualTestingUpToDate":false,"manual":false,"testSource":"Cucumber","result":"SUCCESS"}