{"name":"Legacy-Membership-with-auto-renew-with-login-1881440","id":"legacy-membership-with-auto-renew-with-login-1881440;legacy-membership-with-auto-renew-with-login-1881440","testSteps":[{"number":1,"description":"Given Go To Login Page","duration":7863,"startTime":"2022-10-13T15:29:53.107-04:00[America/New_York]","result":"SUCCESS","precondition":false,"level":0,"children":[{"number":2,"description":"Go to login page","duration":7860,"startTime":"2022-10-13T15:29:53.109-04:00[America/New_York]","result":"SUCCESS","precondition":false,"level":1}]},{"number":3,"description":"Then Enter Legacy username \"1881440\"","duration":396,"startTime":"2022-10-13T15:30:00.970-04:00[America/New_York]","result":"SUCCESS","precondition":false,"level":0,"children":[{"number":4,"description":"Enter user name step: 1881440","duration":394,"startTime":"2022-10-13T15:30:00.971-04:00[America/New_York]","result":"SUCCESS","precondition":false,"level":1}]},{"number":5,"description":"Then Enter Legacy password \"Qa1234\"","duration":370,"startTime":"2022-10-13T15:30:01.367-04:00[America/New_York]","result":"SUCCESS","precondition":false,"level":0,"children":[{"number":6,"description":"Enter password step: Qa1234","duration":368,"startTime":"2022-10-13T15:30:01.368-04:00[America/New_York]","result":"SUCCESS","precondition":false,"level":1}]},{"number":7,"description":"And Click submit","duration":1526,"startTime":"2022-10-13T15:30:01.737-04:00[America/New_York]","result":"SUCCESS","precondition":false,"level":0,"children":[{"number":8,"description":"Click submit button step","duration":1523,"startTime":"2022-10-13T15:30:01.738-04:00[America/New_York]","result":"SUCCESS","precondition":false,"level":1}]},{"number":9,"description":"Then Click on OK button for cookie","duration":130579,"startTime":"2022-10-13T15:30:03.263-04:00[America/New_York]","result":"SUCCESS","precondition":false,"level":0,"children":[{"number":10,"description":"Click on cookie step","duration":130575,"startTime":"2022-10-13T15:30:03.264-04:00[America/New_York]","result":"SUCCESS","precondition":false,"level":1}]},{"number":11,"description":"Then Go to Membership Page","duration":5453,"startTime":"2022-10-13T15:32:13.842-04:00[America/New_York]","result":"SUCCESS","precondition":false,"level":0,"children":[{"number":12,"description":"Go membership page step","duration":5445,"startTime":"2022-10-13T15:32:13.848-04:00[America/New_York]","result":"SUCCESS","precondition":false,"level":1}]},{"number":13,"description":"Then Verify \"base membership\" is visible","duration":60454,"startTime":"2022-10-13T15:32:19.295-04:00[America/New_York]","exception":{"errorType":"java.lang.IllegalStateException","message":"assert failed","stackTrace":[{"declaringClass":"com.ibm.icu.impl.Assert","methodName":"assrt","fileName":"Assert.java","lineNumber":20},{"declaringClass":"com.ascm.pages.MembershipPage","methodName":"verifyToggleHeading","fileName":"MembershipPage.java","lineNumber":264},{"declaringClass":"com.test.suite.testSteps.MembershipSteps","methodName":"verifyToggleHeading","fileName":"MembershipSteps.java","lineNumber":73},{"declaringClass":"com.test.suite.stepDefination.MembershipStepDefs","methodName":"verifyToggleHeading","fileName":"MembershipStepDefs.java","lineNumber":73},{"declaringClass":"✽","methodName":"Verify \"base membership\" is visible","fileName":"file:///C:/Users/CodeAutomation/Desktop/ACSM/ASCM_Automation/src/test/resources/AllTestCases/BrainTree/Memberships/legacyMembership/MemershipLegacy_WithAutoRenew(1881440).feature","lineNumber":9}]},"result":"ERROR","precondition":false,"level":0,"children":[{"number":14,"description":"Verify toggle heading: base membership","duration":60449,"startTime":"2022-10-13T15:32:19.296-04:00[America/New_York]","screenshots":[{"screenshot":"2ec4216e527cfb7eb65d3bd2f63dfba66b22d0f62fed6aaaff72d94244c1e02e.png","htmlSource":"pagesource7703602904311812612.html.txt","timeStamp":1665689599743}],"exception":{"errorType":"java.lang.IllegalStateException","message":"assert failed","stackTrace":[{"declaringClass":"com.ibm.icu.impl.Assert","methodName":"assrt","fileName":"Assert.java","lineNumber":20},{"declaringClass":"com.ascm.pages.MembershipPage","methodName":"verifyToggleHeading","fileName":"MembershipPage.java","lineNumber":264},{"declaringClass":"com.test.suite.testSteps.MembershipSteps","methodName":"verifyToggleHeading","fileName":"MembershipSteps.java","lineNumber":73},{"declaringClass":"com.test.suite.stepDefination.MembershipStepDefs","methodName":"verifyToggleHeading","fileName":"MembershipStepDefs.java","lineNumber":73},{"declaringClass":"io.cucumber.java.Invoker","methodName":"doInvoke","fileName":"Invoker.java","lineNumber":66},{"declaringClass":"io.cucumber.java.Invoker","methodName":"invoke","fileName":"Invoker.java","lineNumber":24},{"declaringClass":"io.cucumber.java.AbstractGlueDefinition","methodName":"invokeMethod","fileName":"AbstractGlueDefinition.java","lineNumber":47},{"declaringClass":"io.cucumber.java.JavaStepDefinition","methodName":"execute","fileName":"JavaStepDefinition.java","lineNumber":29},{"declaringClass":"io.cucumber.core.runner.CoreStepDefinition","methodName":"execute","fileName":"CoreStepDefinition.java","lineNumber":66},{"declaringClass":"io.cucumber.core.runner.PickleStepDefinitionMatch","methodName":"runStep","fileName":"PickleStepDefinitionMatch.java","lineNumber":63},{"declaringClass":"io.cucumber.core.runner.TestStep","methodName":"executeStep","fileName":"TestStep.java","lineNumber":92},{"declaringClass":"io.cucumber.core.runner.TestStep","methodName":"run","fileName":"TestStep.java","lineNumber":64},{"declaringClass":"io.cucumber.core.runner.PickleStepTestStep","methodName":"run","fileName":"PickleStepTestStep.java","lineNumber":51},{"declaringClass":"io.cucumber.core.runner.TestCase","methodName":"run","fileName":"TestCase.java","lineNumber":104},{"declaringClass":"io.cucumber.core.runner.Runner","methodName":"runPickle","fileName":"Runner.java","lineNumber":73},{"declaringClass":"io.cucumber.junit.FeatureRunner","methodName":"runChild","fileName":"FeatureRunner.java","lineNumber":135},{"declaringClass":"io.cucumber.junit.FeatureRunner","methodName":"runChild","fileName":"FeatureRunner.java","lineNumber":27},{"declaringClass":"io.cucumber.junit.CucumberSerenityRunner","methodName":"runChild","fileName":"CucumberSerenityRunner.java","lineNumber":258},{"declaringClass":"io.cucumber.junit.CucumberSerenityRunner","methodName":"runChild","fileName":"CucumberSerenityRunner.java","lineNumber":57}]},"result":"ERROR","precondition":false,"level":1}]},{"number":15,"description":"Then Verify \"base membership\" Toggle \"off\"","duration":1,"startTime":"2022-10-13T15:33:19.750-04:00[America/New_York]","result":"SKIPPED","precondition":false,"level":0},{"number":16,"description":"Then Verify \"chapter\" is visible","duration":2,"startTime":"2022-10-13T15:33:19.751-04:00[America/New_York]","result":"SKIPPED","precondition":false,"level":0},{"number":17,"description":"Then Verify \"chapter\" Toggle \"off\"","duration":1,"startTime":"2022-10-13T15:33:19.753-04:00[America/New_York]","result":"SKIPPED","precondition":false,"level":0}],"userStory":{"id":"legacy-membership-with-auto-renew-with-login-1881440","storyName":"Legacy-Membership-with-auto-renew-with-login-1881440","path":"file:///C:/Users/CodeAutomation/Desktop/ACSM/ASCM_Automation/src/test/resources/AllTestCases/BrainTree/Memberships/legacyMembership/MemershipLegacy_WithAutoRenew(1881440).feature","type":"feature"},"featureTag":{"name":"Legacy membership/Legacy-Membership-with-auto-renew-with-login-1881440","type":"feature","displayName":"Legacy membership/Legacy-Membership-with-auto-renew-with-login-1881440"},"title":"Legacy- membership-with-auto-renew-with-login-1881440","description":"","startTime":"2022-10-13T15:29:53.105-04:00[America/New_York]","duration":206651,"testFailureCause":{"errorType":"java.lang.IllegalStateException","message":"assert failed","stackTrace":[{"declaringClass":"com.ibm.icu.impl.Assert","methodName":"assrt","fileName":"Assert.java","lineNumber":20},{"declaringClass":"com.ascm.pages.MembershipPage","methodName":"verifyToggleHeading","fileName":"MembershipPage.java","lineNumber":264},{"declaringClass":"com.test.suite.testSteps.MembershipSteps","methodName":"verifyToggleHeading","fileName":"MembershipSteps.java","lineNumber":73},{"declaringClass":"com.test.suite.stepDefination.MembershipStepDefs","methodName":"verifyToggleHeading","fileName":"MembershipStepDefs.java","lineNumber":73},{"declaringClass":"io.cucumber.java.Invoker","methodName":"doInvoke","fileName":"Invoker.java","lineNumber":66},{"declaringClass":"io.cucumber.java.Invoker","methodName":"invoke","fileName":"Invoker.java","lineNumber":24},{"declaringClass":"io.cucumber.java.AbstractGlueDefinition","methodName":"invokeMethod","fileName":"AbstractGlueDefinition.java","lineNumber":47},{"declaringClass":"io.cucumber.java.JavaStepDefinition","methodName":"execute","fileName":"JavaStepDefinition.java","lineNumber":29},{"declaringClass":"io.cucumber.core.runner.CoreStepDefinition","methodName":"execute","fileName":"CoreStepDefinition.java","lineNumber":66},{"declaringClass":"io.cucumber.core.runner.PickleStepDefinitionMatch","methodName":"runStep","fileName":"PickleStepDefinitionMatch.java","lineNumber":63},{"declaringClass":"io.cucumber.core.runner.TestStep","methodName":"executeStep","fileName":"TestStep.java","lineNumber":92},{"declaringClass":"io.cucumber.core.runner.TestStep","methodName":"run","fileName":"TestStep.java","lineNumber":64},{"declaringClass":"io.cucumber.core.runner.PickleStepTestStep","methodName":"run","fileName":"PickleStepTestStep.java","lineNumber":51},{"declaringClass":"io.cucumber.core.runner.TestCase","methodName":"run","fileName":"TestCase.java","lineNumber":104},{"declaringClass":"io.cucumber.core.runner.Runner","methodName":"runPickle","fileName":"Runner.java","lineNumber":73},{"declaringClass":"io.cucumber.junit.FeatureRunner","methodName":"runChild","fileName":"FeatureRunner.java","lineNumber":135},{"declaringClass":"io.cucumber.junit.FeatureRunner","methodName":"runChild","fileName":"FeatureRunner.java","lineNumber":27},{"declaringClass":"io.cucumber.junit.CucumberSerenityRunner","methodName":"runChild","fileName":"CucumberSerenityRunner.java","lineNumber":258},{"declaringClass":"io.cucumber.junit.CucumberSerenityRunner","methodName":"runChild","fileName":"CucumberSerenityRunner.java","lineNumber":57}]},"testFailureClassname":"java.lang.IllegalStateException","testFailureMessage":"assert failed","testFailureSummary":"ERROR;java.lang.IllegalStateException;assert failed;Assert.java","projectKey":"","annotatedResult":"ERROR","sessionId":"81a9f0a5ff6bde90fe372b8742242c94","driver":"chrome","isManualTestingUpToDate":false,"manual":false,"testSource":"Cucumber","result":"ERROR"}