{"name":"Verify-Return-Policy-Link","id":"verify-return-policy-link;verify-return-policy-link","testSteps":[{"number":1,"description":"Given Launch Create Account","duration":11296,"startTime":"2022-10-13T19:35:58.711-04:00[America/New_York]","result":"SUCCESS","precondition":false,"level":0,"children":[{"number":2,"description":"Launch create account step","duration":11289,"startTime":"2022-10-13T19:35:58.716-04:00[America/New_York]","result":"SUCCESS","precondition":false,"level":1}]},{"number":3,"description":"Then Click on OK button for cookie","duration":65480,"startTime":"2022-10-13T19:36:10.007-04:00[America/New_York]","result":"SUCCESS","precondition":false,"level":0,"children":[{"number":4,"description":"Click on cookie step","duration":65473,"startTime":"2022-10-13T19:36:10.012-04:00[America/New_York]","result":"SUCCESS","precondition":false,"level":1}]},{"number":5,"description":"Then Enter New Email \"email\"","duration":474,"startTime":"2022-10-13T19:37:15.488-04:00[America/New_York]","result":"SUCCESS","precondition":false,"level":0,"children":[{"number":6,"description":"Enter email: Automation1665704235489@gmail.com","duration":471,"startTime":"2022-10-13T19:37:15.489-04:00[America/New_York]","result":"SUCCESS","precondition":false,"level":1}]},{"number":7,"description":"Then Enter New Password \"Test1234\"","duration":409,"startTime":"2022-10-13T19:37:15.962-04:00[America/New_York]","result":"SUCCESS","precondition":false,"level":0,"children":[{"number":8,"description":"Enter password: Test1234","duration":407,"startTime":"2022-10-13T19:37:15.963-04:00[America/New_York]","result":"SUCCESS","precondition":false,"level":1}]},{"number":9,"description":"Then Enter First Name \"Automation\"","duration":392,"startTime":"2022-10-13T19:37:16.371-04:00[America/New_York]","result":"SUCCESS","precondition":false,"level":0,"children":[{"number":10,"description":"Enter first name: Automation","duration":390,"startTime":"2022-10-13T19:37:16.372-04:00[America/New_York]","result":"SUCCESS","precondition":false,"level":1}]},{"number":11,"description":"Then Enter Last Name \"qa\"","duration":382,"startTime":"2022-10-13T19:37:16.763-04:00[America/New_York]","result":"SUCCESS","precondition":false,"level":0,"children":[{"number":12,"description":"Enter last name: qa","duration":380,"startTime":"2022-10-13T19:37:16.764-04:00[America/New_York]","result":"SUCCESS","precondition":false,"level":1}]},{"number":13,"description":"Then Click Ceck Term","duration":60295,"startTime":"2022-10-13T19:37:17.146-04:00[America/New_York]","result":"SUCCESS","precondition":false,"level":0,"children":[{"number":14,"description":"Click check term","duration":60293,"startTime":"2022-10-13T19:37:17.146-04:00[America/New_York]","result":"SUCCESS","precondition":false,"level":1}]},{"number":15,"description":"Then Click Submit","duration":30289,"startTime":"2022-10-13T19:38:17.442-04:00[America/New_York]","result":"SUCCESS","precondition":false,"level":0,"children":[{"number":16,"description":"Click submit button step","duration":30287,"startTime":"2022-10-13T19:38:17.443-04:00[America/New_York]","result":"SUCCESS","precondition":false,"level":1}]},{"number":17,"description":"Then Click Login Button","duration":7879,"startTime":"2022-10-13T19:38:47.732-04:00[America/New_York]","result":"SUCCESS","precondition":false,"level":0,"children":[{"number":18,"description":"Click log in button","duration":7877,"startTime":"2022-10-13T19:38:47.733-04:00[America/New_York]","result":"SUCCESS","precondition":false,"level":1}]},{"number":19,"description":"Then Enter username \"email\"","duration":413,"startTime":"2022-10-13T19:38:55.612-04:00[America/New_York]","result":"SUCCESS","precondition":false,"level":0,"children":[{"number":20,"description":"Enter user name step: Automation1665704235489@gmail.com","duration":411,"startTime":"2022-10-13T19:38:55.612-04:00[America/New_York]","result":"SUCCESS","precondition":false,"level":1}]},{"number":21,"description":"Then Enter password \"Test1234\"","duration":376,"startTime":"2022-10-13T19:38:56.025-04:00[America/New_York]","result":"SUCCESS","precondition":false,"level":0,"children":[{"number":22,"description":"Enter password step: Test1234","duration":373,"startTime":"2022-10-13T19:38:56.026-04:00[America/New_York]","result":"SUCCESS","precondition":false,"level":1}]},{"number":23,"description":"And Click submit","duration":11635,"startTime":"2022-10-13T19:38:56.401-04:00[America/New_York]","result":"SUCCESS","precondition":false,"level":0,"children":[{"number":24,"description":"Click submit button step","duration":11633,"startTime":"2022-10-13T19:38:56.402-04:00[America/New_York]","result":"SUCCESS","precondition":false,"level":1}]},{"number":25,"description":"Then Go to Cart","duration":2273,"startTime":"2022-10-13T19:39:08.037-04:00[America/New_York]","result":"SUCCESS","precondition":false,"level":0,"children":[{"number":26,"description":"Go cart page step","duration":2268,"startTime":"2022-10-13T19:39:08.041-04:00[America/New_York]","result":"SUCCESS","precondition":false,"level":1}]},{"number":27,"description":"Then Empty The Cart","duration":30042,"startTime":"2022-10-13T19:39:10.311-04:00[America/New_York]","result":"SUCCESS","precondition":false,"level":0,"children":[{"number":28,"description":"Delete all existing orders","duration":30039,"startTime":"2022-10-13T19:39:10.312-04:00[America/New_York]","result":"SUCCESS","precondition":false,"level":1}]},{"number":29,"description":"Then Click Learning And Development Top Navigation","duration":5142,"startTime":"2022-10-13T19:39:40.353-04:00[America/New_York]","result":"SUCCESS","precondition":false,"level":0,"children":[{"number":30,"description":"Click learning and development top navigation","duration":5136,"startTime":"2022-10-13T19:39:40.357-04:00[America/New_York]","result":"SUCCESS","precondition":false,"level":1}]},{"number":31,"description":"Then Click CLTD","duration":25905,"startTime":"2022-10-13T19:39:45.495-04:00[America/New_York]","result":"SUCCESS","precondition":false,"level":0,"children":[{"number":32,"description":"Click CLTD","duration":25900,"startTime":"2022-10-13T19:39:45.496-04:00[America/New_York]","result":"SUCCESS","precondition":false,"level":1}]},{"number":33,"description":"Then Click Bundle Add To Card","duration":177,"startTime":"2022-10-13T19:40:11.401-04:00[America/New_York]","result":"SUCCESS","precondition":false,"level":0,"children":[{"number":34,"description":"Click bundle add to card exam button","duration":171,"startTime":"2022-10-13T19:40:11.405-04:00[America/New_York]","result":"SUCCESS","precondition":false,"level":1}]},{"number":35,"description":"Then Click Skip Chapter","duration":3123,"startTime":"2022-10-13T19:40:11.579-04:00[America/New_York]","result":"SUCCESS","precondition":false,"level":0,"children":[{"number":36,"description":"Click skip button step","duration":3120,"startTime":"2022-10-13T19:40:11.581-04:00[America/New_York]","result":"SUCCESS","precondition":false,"level":1}]},{"number":37,"description":"Then Click Bundle Aggress Button","duration":129,"startTime":"2022-10-13T19:40:14.703-04:00[America/New_York]","result":"SUCCESS","precondition":false,"level":0,"children":[{"number":38,"description":"Click aggress button","duration":126,"startTime":"2022-10-13T19:40:14.704-04:00[America/New_York]","result":"SUCCESS","precondition":false,"level":1}]},{"number":39,"description":"Then Click Return Policy","duration":3989,"startTime":"2022-10-13T19:40:14.833-04:00[America/New_York]","result":"SUCCESS","precondition":false,"level":0,"children":[{"number":40,"description":"Click return policy","duration":3987,"startTime":"2022-10-13T19:40:14.834-04:00[America/New_York]","result":"SUCCESS","precondition":false,"level":1}]},{"number":41,"description":"Then Verify Return Policy Page","duration":9225,"startTime":"2022-10-13T19:40:18.823-04:00[America/New_York]","result":"SUCCESS","precondition":false,"level":0,"children":[{"number":42,"description":"Verify return policy page","duration":9222,"startTime":"2022-10-13T19:40:18.824-04:00[America/New_York]","result":"SUCCESS","precondition":false,"level":1}]}],"userStory":{"id":"verify-return-policy-link","storyName":"Verify-Return-Policy-Link","path":"file:///C:/Users/CodeAutomation/Desktop/ACSM/ASCM_Automation/src/test/resources/AllTestCases/BrainTree/VerifyReturnPolicyLink.feature","type":"feature"},"featureTag":{"name":"Brain tree/Verify-Return-Policy-Link","type":"feature","displayName":"Brain tree/Verify-Return-Policy-Link"},"title":"Verify- return- policy- link","description":"","startTime":"2022-10-13T19:35:58.710-04:00[America/New_York]","duration":269338,"projectKey":"","sessionId":"f22fd0b71e16e14ab9b5ab4d0a175131","driver":"chrome","isManualTestingUpToDate":false,"manual":false,"testSource":"Cucumber","result":"SUCCESS"}