{"name":"Procurrement Test","id":"procurrement-test;procurrement-test","testSteps":[{"number":1,"description":"Given Launch Create Account","duration":9711,"startTime":"2022-10-13T17:12:27.940-04:00[America/New_York]","result":"SUCCESS","precondition":false,"level":0,"children":[{"number":2,"description":"Launch create account step","duration":9700,"startTime":"2022-10-13T17:12:27.949-04:00[America/New_York]","result":"SUCCESS","precondition":false,"level":1}]},{"number":3,"description":"Then Click on OK button for cookie","duration":65541,"startTime":"2022-10-13T17:12:37.651-04:00[America/New_York]","result":"SUCCESS","precondition":false,"level":0,"children":[{"number":4,"description":"Click on cookie step","duration":65535,"startTime":"2022-10-13T17:12:37.655-04:00[America/New_York]","result":"SUCCESS","precondition":false,"level":1}]},{"number":5,"description":"Then Enter New Email \"email\"","duration":426,"startTime":"2022-10-13T17:13:43.193-04:00[America/New_York]","result":"SUCCESS","precondition":false,"level":0,"children":[{"number":6,"description":"Enter email: Automation1665695623193@gmail.com","duration":424,"startTime":"2022-10-13T17:13:43.194-04:00[America/New_York]","result":"SUCCESS","precondition":false,"level":1}]},{"number":7,"description":"Then Enter New Password \"Testing1\"","duration":428,"startTime":"2022-10-13T17:13:43.620-04:00[America/New_York]","result":"SUCCESS","precondition":false,"level":0,"children":[{"number":8,"description":"Enter password: Testing1","duration":427,"startTime":"2022-10-13T17:13:43.620-04:00[America/New_York]","result":"SUCCESS","precondition":false,"level":1}]},{"number":9,"description":"Then Enter First Name \"Automation\"","duration":396,"startTime":"2022-10-13T17:13:44.048-04:00[America/New_York]","result":"SUCCESS","precondition":false,"level":0,"children":[{"number":10,"description":"Enter first name: Automation","duration":394,"startTime":"2022-10-13T17:13:44.049-04:00[America/New_York]","result":"SUCCESS","precondition":false,"level":1}]},{"number":11,"description":"Then Enter Last Name \"qa\"","duration":379,"startTime":"2022-10-13T17:13:44.444-04:00[America/New_York]","result":"SUCCESS","precondition":false,"level":0,"children":[{"number":12,"description":"Enter last name: qa","duration":377,"startTime":"2022-10-13T17:13:44.445-04:00[America/New_York]","result":"SUCCESS","precondition":false,"level":1}]},{"number":13,"description":"Then Click Ceck Term","duration":60384,"startTime":"2022-10-13T17:13:44.823-04:00[America/New_York]","result":"SUCCESS","precondition":false,"level":0,"children":[{"number":14,"description":"Click check term","duration":60380,"startTime":"2022-10-13T17:13:44.824-04:00[America/New_York]","result":"SUCCESS","precondition":false,"level":1}]},{"number":15,"description":"Then Enter Job Title \"QA\"","duration":422,"startTime":"2022-10-13T17:14:45.208-04:00[America/New_York]","result":"SUCCESS","precondition":false,"level":0,"children":[{"number":16,"description":"Enter job title: QA","duration":420,"startTime":"2022-10-13T17:14:45.209-04:00[America/New_York]","result":"SUCCESS","precondition":false,"level":1}]},{"number":17,"description":"Then Click Submit","duration":30443,"startTime":"2022-10-13T17:14:45.630-04:00[America/New_York]","result":"SUCCESS","precondition":false,"level":0,"children":[{"number":18,"description":"Click submit button step","duration":30436,"startTime":"2022-10-13T17:14:45.631-04:00[America/New_York]","result":"SUCCESS","precondition":false,"level":1}]},{"number":19,"description":"Then Click Login Button","duration":8203,"startTime":"2022-10-13T17:15:16.074-04:00[America/New_York]","result":"SUCCESS","precondition":false,"level":0,"children":[{"number":20,"description":"Click log in button","duration":8201,"startTime":"2022-10-13T17:15:16.075-04:00[America/New_York]","result":"SUCCESS","precondition":false,"level":1}]},{"number":21,"description":"Then Enter username \"email\"","duration":420,"startTime":"2022-10-13T17:15:24.277-04:00[America/New_York]","result":"SUCCESS","precondition":false,"level":0,"children":[{"number":22,"description":"Enter user name step: Automation1665695623193@gmail.com","duration":417,"startTime":"2022-10-13T17:15:24.278-04:00[America/New_York]","result":"SUCCESS","precondition":false,"level":1}]},{"number":23,"description":"Then Enter password \"Testing1\"","duration":382,"startTime":"2022-10-13T17:15:24.697-04:00[America/New_York]","result":"SUCCESS","precondition":false,"level":0,"children":[{"number":24,"description":"Enter password step: Testing1","duration":379,"startTime":"2022-10-13T17:15:24.698-04:00[America/New_York]","result":"SUCCESS","precondition":false,"level":1}]},{"number":25,"description":"And Click submit","duration":11944,"startTime":"2022-10-13T17:15:25.079-04:00[America/New_York]","result":"SUCCESS","precondition":false,"level":0,"children":[{"number":26,"description":"Click submit button step","duration":11942,"startTime":"2022-10-13T17:15:25.080-04:00[America/New_York]","result":"SUCCESS","precondition":false,"level":1}]},{"number":27,"description":"Given Go To Procurrement","duration":6978,"startTime":"2022-10-13T17:15:37.024-04:00[America/New_York]","result":"SUCCESS","precondition":false,"level":0,"children":[{"number":28,"description":"Launch procurrement step","duration":6973,"startTime":"2022-10-13T17:15:37.028-04:00[America/New_York]","result":"SUCCESS","precondition":false,"level":1}]},{"number":29,"description":"Then Click Procurrement Add To Cart","duration":129,"startTime":"2022-10-13T17:15:44.002-04:00[America/New_York]","result":"SUCCESS","precondition":false,"level":0,"children":[{"number":30,"description":"Click add to cart step","duration":126,"startTime":"2022-10-13T17:15:44.003-04:00[America/New_York]","result":"SUCCESS","precondition":false,"level":1}]},{"number":31,"description":"Then Click Proceed to Continue button","duration":14286,"startTime":"2022-10-13T17:15:44.132-04:00[America/New_York]","result":"SUCCESS","precondition":false,"level":0,"children":[{"number":32,"description":"Click proceed to check out button step","duration":14280,"startTime":"2022-10-13T17:15:44.136-04:00[America/New_York]","result":"SUCCESS","precondition":false,"level":1}]},{"number":33,"description":"Then Click Next Payment Information button","duration":188709,"startTime":"2022-10-13T17:15:58.418-04:00[America/New_York]","result":"SUCCESS","precondition":false,"level":0,"children":[{"number":34,"description":"Click continue button step","duration":188705,"startTime":"2022-10-13T17:15:58.420-04:00[America/New_York]","result":"SUCCESS","precondition":false,"level":1}]},{"number":35,"description":"Then Fill in the following For Billing Address\r\n| Field | Value |\r\n| country | USA |\r\n| firstName | ambreen |\r\n| lastName | qa |\r\n| streetAddress | 8430 W Bryn Mawr Ave |\r\n| City | Chicago |\r\n| State | IL |\r\n| postalCode | 60631 |","duration":11707,"startTime":"2022-10-13T17:19:07.128-04:00[America/New_York]","result":"SUCCESS","precondition":false,"level":0,"children":[{"number":36,"description":"Select billing company: USA","duration":3299,"startTime":"2022-10-13T17:19:07.131-04:00[America/New_York]","result":"SUCCESS","precondition":false,"level":1},{"number":37,"description":"Enter first name: ambreen","duration":2390,"startTime":"2022-10-13T17:19:10.431-04:00[America/New_York]","result":"SUCCESS","precondition":false,"level":1},{"number":38,"description":"Enter last name: qa","duration":2423,"startTime":"2022-10-13T17:19:12.821-04:00[America/New_York]","result":"SUCCESS","precondition":false,"level":1},{"number":39,"description":"Enter billing address1: 8430 W Bryn Mawr Ave","duration":2437,"startTime":"2022-10-13T17:19:15.244-04:00[America/New_York]","result":"SUCCESS","precondition":false,"level":1},{"number":40,"description":"Enter billing city: Chicago","duration":402,"startTime":"2022-10-13T17:19:17.682-04:00[America/New_York]","result":"SUCCESS","precondition":false,"level":1},{"number":41,"description":"Enter billing state: IL","duration":350,"startTime":"2022-10-13T17:19:18.084-04:00[America/New_York]","result":"SUCCESS","precondition":false,"level":1},{"number":42,"description":"Enter billing zip code step: 60631","duration":399,"startTime":"2022-10-13T17:19:18.435-04:00[America/New_York]","result":"SUCCESS","precondition":false,"level":1}]},{"number":43,"description":"Then Choose a \"Card\" brain tree plan to pay","duration":40204,"startTime":"2022-10-13T17:19:18.836-04:00[America/New_York]","result":"SUCCESS","precondition":false,"level":0,"children":[{"number":44,"description":"Chooseawaytopay: Card","duration":40198,"startTime":"2022-10-13T17:19:18.840-04:00[America/New_York]","result":"SUCCESS","precondition":false,"level":1}]},{"number":45,"description":"Then Fill in the following fields for Brain Tree Payment Method section\r\n| Field | Value |\r\n| Card Number | credit_card_no |\r\n| Expiration | credit_card_expiry |\r\n| Security Code | credit_card_security_code |\r\n| Postal Code | credit_card_postal_code |","duration":41867,"startTime":"2022-10-13T17:19:59.041-04:00[America/New_York]","result":"SUCCESS","precondition":false,"level":0,"children":[{"number":46,"description":"Enter brain tree credit card no step: 4111111111111111","duration":456,"startTime":"2022-10-13T17:20:39.110-04:00[America/New_York]","result":"SUCCESS","precondition":false,"level":1},{"number":47,"description":"Enter brain tree credit expiration step: 01/23","duration":451,"startTime":"2022-10-13T17:20:39.566-04:00[America/New_York]","result":"SUCCESS","precondition":false,"level":1},{"number":48,"description":"Enter brain tree credit card CVV step: 123","duration":436,"startTime":"2022-10-13T17:20:40.017-04:00[America/New_York]","result":"SUCCESS","precondition":false,"level":1},{"number":49,"description":"Enter brain tree credit postal code step: 60631","duration":453,"startTime":"2022-10-13T17:20:40.453-04:00[America/New_York]","result":"SUCCESS","precondition":false,"level":1}]},{"number":50,"description":"Then Click Next Review button","duration":11522,"startTime":"2022-10-13T17:20:40.909-04:00[America/New_York]","result":"SUCCESS","precondition":false,"level":0,"children":[{"number":51,"description":"Click next reviw button step","duration":11519,"startTime":"2022-10-13T17:20:40.910-04:00[America/New_York]","result":"SUCCESS","precondition":false,"level":1}]},{"number":52,"description":"Then Click Place Order button","duration":5249,"startTime":"2022-10-13T17:20:52.431-04:00[America/New_York]","result":"SUCCESS","precondition":false,"level":0,"children":[{"number":53,"description":"Click place order button step","duration":5246,"startTime":"2022-10-13T17:20:52.432-04:00[America/New_York]","result":"SUCCESS","precondition":false,"level":1}]},{"number":54,"description":"Then Click Go To My Account","duration":16720,"startTime":"2022-10-13T17:20:57.680-04:00[America/New_York]","result":"SUCCESS","precondition":false,"level":0,"children":[{"number":55,"description":"Click go to my account button step","duration":16717,"startTime":"2022-10-13T17:20:57.682-04:00[America/New_York]","result":"SUCCESS","precondition":false,"level":1}]},{"number":56,"description":"Then Click Course And Download","duration":427810,"startTime":"2022-10-13T17:21:14.401-04:00[America/New_York]","result":"SUCCESS","precondition":false,"level":0,"children":[{"number":57,"description":"Click course and download button step","duration":427807,"startTime":"2022-10-13T17:21:14.402-04:00[America/New_York]","result":"SUCCESS","precondition":false,"level":1}]},{"number":58,"description":"Then Click Certification","duration":19542,"startTime":"2022-10-13T17:28:22.211-04:00[America/New_York]","result":"SUCCESS","precondition":false,"level":0,"children":[{"number":59,"description":"Click certification button step","duration":19539,"startTime":"2022-10-13T17:28:22.212-04:00[America/New_York]","result":"SUCCESS","precondition":false,"level":1}]},{"number":60,"description":"Then Click Go To Course","duration":120596,"startTime":"2022-10-13T17:28:41.753-04:00[America/New_York]","exception":{"errorType":"net.thucydides.core.webdriver.exceptions.ElementShouldBePresentException","message":"Expected condition failed: waiting for ProcurementPage.procurrementGoToCourse to be present (tried for 60 second(s) with 100 milliseconds interval)\nBuild info: version: \u00273.141.59\u0027, revision: \u0027e82be7d358\u0027, time: \u00272018-11-14T08:17:03\u0027\nSystem info: host: \u0027OK92\u0027, ip: \u0027192.168.1.11\u0027, os.name: \u0027Windows 10\u0027, os.arch: \u0027amd64\u0027, os.version: \u002710.0\u0027, java.version: \u00271.8.0_281\u0027\nDriver info: driver.version: unknown\nBuild info: version: \u00273.141.59\u0027, revision: \u0027e82be7d358\u0027, time: \u00272018-11-14T08:17:03\u0027\nSystem info: host: \u0027OK92\u0027, ip: \u0027192.168.1.11\u0027, os.name: \u0027Windows 10\u0027, os.arch: \u0027amd64\u0027, os.version: \u002710.0\u0027, java.version: \u00271.8.0_281\u0027\nDriver info: driver.version: unknown","stackTrace":[{"declaringClass":"com.ascm.util.SeleniumHelper","methodName":"jsClick","fileName":"SeleniumHelper.java","lineNumber":41},{"declaringClass":"com.ascm.pages.ProcurementPage","methodName":"clickGoToCourse","fileName":"ProcurementPage.java","lineNumber":270},{"declaringClass":"com.test.suite.testSteps.ProcurementSteps","methodName":"clickGoToCourseStep","fileName":"ProcurementSteps.java","lineNumber":63},{"declaringClass":"com.test.suite.stepDefination.ProcurrementStepDef","methodName":"clickGoToCourseStepDef","fileName":"ProcurrementStepDef.java","lineNumber":74},{"declaringClass":"✽","methodName":"Click Go To Course","fileName":"file:///C:/Users/CodeAutomation/Desktop/ACSM/ASCM_Automation/src/test/resources/AllTestCases/Procurrement/procurrementCertificate.feature","lineNumber":42}]},"result":"FAILURE","precondition":false,"level":0,"children":[{"number":61,"description":"Click go to course step","duration":120589,"startTime":"2022-10-13T17:28:41.754-04:00[America/New_York]","screenshots":[{"screenshot":"db03426c9ce281c6cf0b8bdc0c7971f2bcc6c8b269f3fbb5b03d4f489ac4c6cb.png","htmlSource":"pagesource2670726368285554571.html.txt","timeStamp":1665696642342}],"exception":{"errorType":"net.thucydides.core.webdriver.exceptions.ElementShouldBePresentException","message":"Expected condition failed: waiting for ProcurementPage.procurrementGoToCourse to be present (tried for 60 second(s) with 100 milliseconds interval)\nBuild info: version: \u00273.141.59\u0027, revision: \u0027e82be7d358\u0027, time: \u00272018-11-14T08:17:03\u0027\nSystem info: host: \u0027OK92\u0027, ip: \u0027192.168.1.11\u0027, os.name: \u0027Windows 10\u0027, os.arch: \u0027amd64\u0027, os.version: \u002710.0\u0027, java.version: \u00271.8.0_281\u0027\nDriver info: driver.version: unknown","stackTrace":[{"declaringClass":"com.ascm.util.SeleniumHelper","methodName":"jsClick","fileName":"SeleniumHelper.java","lineNumber":41},{"declaringClass":"com.ascm.pages.ProcurementPage","methodName":"clickGoToCourse","fileName":"ProcurementPage.java","lineNumber":270},{"declaringClass":"com.test.suite.testSteps.ProcurementSteps","methodName":"clickGoToCourseStep","fileName":"ProcurementSteps.java","lineNumber":63},{"declaringClass":"com.test.suite.stepDefination.ProcurrementStepDef","methodName":"clickGoToCourseStepDef","fileName":"ProcurrementStepDef.java","lineNumber":74},{"declaringClass":"io.cucumber.java.Invoker","methodName":"doInvoke","fileName":"Invoker.java","lineNumber":66},{"declaringClass":"io.cucumber.java.Invoker","methodName":"invoke","fileName":"Invoker.java","lineNumber":24},{"declaringClass":"io.cucumber.java.AbstractGlueDefinition","methodName":"invokeMethod","fileName":"AbstractGlueDefinition.java","lineNumber":47},{"declaringClass":"io.cucumber.java.JavaStepDefinition","methodName":"execute","fileName":"JavaStepDefinition.java","lineNumber":29},{"declaringClass":"io.cucumber.core.runner.CoreStepDefinition","methodName":"execute","fileName":"CoreStepDefinition.java","lineNumber":66},{"declaringClass":"io.cucumber.core.runner.PickleStepDefinitionMatch","methodName":"runStep","fileName":"PickleStepDefinitionMatch.java","lineNumber":63},{"declaringClass":"io.cucumber.core.runner.TestStep","methodName":"executeStep","fileName":"TestStep.java","lineNumber":92},{"declaringClass":"io.cucumber.core.runner.TestStep","methodName":"run","fileName":"TestStep.java","lineNumber":64},{"declaringClass":"io.cucumber.core.runner.PickleStepTestStep","methodName":"run","fileName":"PickleStepTestStep.java","lineNumber":51},{"declaringClass":"io.cucumber.core.runner.TestCase","methodName":"run","fileName":"TestCase.java","lineNumber":104},{"declaringClass":"io.cucumber.core.runner.Runner","methodName":"runPickle","fileName":"Runner.java","lineNumber":73},{"declaringClass":"io.cucumber.junit.FeatureRunner","methodName":"runChild","fileName":"FeatureRunner.java","lineNumber":135},{"declaringClass":"io.cucumber.junit.FeatureRunner","methodName":"runChild","fileName":"FeatureRunner.java","lineNumber":27},{"declaringClass":"io.cucumber.junit.CucumberSerenityRunner","methodName":"runChild","fileName":"CucumberSerenityRunner.java","lineNumber":258},{"declaringClass":"io.cucumber.junit.CucumberSerenityRunner","methodName":"runChild","fileName":"CucumberSerenityRunner.java","lineNumber":57}],"rootCause":{"errorType":"org.openqa.selenium.TimeoutException","message":"Expected condition failed: waiting for ProcurementPage.procurrementGoToCourse to be present (tried for 60 second(s) with 100 milliseconds interval)\nBuild info: version: \u00273.141.59\u0027, revision: \u0027e82be7d358\u0027, time: \u00272018-11-14T08:17:03\u0027\nSystem info: host: \u0027OK92\u0027, ip: \u0027192.168.1.11\u0027, os.name: \u0027Windows 10\u0027, os.arch: \u0027amd64\u0027, os.version: \u002710.0\u0027, java.version: \u00271.8.0_281\u0027\nDriver info: driver.version: unknown","stackTrace":[{"declaringClass":"com.ascm.util.SeleniumHelper","methodName":"jsClick","fileName":"SeleniumHelper.java","lineNumber":41},{"declaringClass":"com.ascm.pages.ProcurementPage","methodName":"clickGoToCourse","fileName":"ProcurementPage.java","lineNumber":270},{"declaringClass":"com.test.suite.testSteps.ProcurementSteps","methodName":"clickGoToCourseStep","fileName":"ProcurementSteps.java","lineNumber":63},{"declaringClass":"com.test.suite.stepDefination.ProcurrementStepDef","methodName":"clickGoToCourseStepDef","fileName":"ProcurrementStepDef.java","lineNumber":74},{"declaringClass":"io.cucumber.java.Invoker","methodName":"doInvoke","fileName":"Invoker.java","lineNumber":66},{"declaringClass":"io.cucumber.java.Invoker","methodName":"invoke","fileName":"Invoker.java","lineNumber":24},{"declaringClass":"io.cucumber.java.AbstractGlueDefinition","methodName":"invokeMethod","fileName":"AbstractGlueDefinition.java","lineNumber":47},{"declaringClass":"io.cucumber.java.JavaStepDefinition","methodName":"execute","fileName":"JavaStepDefinition.java","lineNumber":29},{"declaringClass":"io.cucumber.core.runner.CoreStepDefinition","methodName":"execute","fileName":"CoreStepDefinition.java","lineNumber":66},{"declaringClass":"io.cucumber.core.runner.PickleStepDefinitionMatch","methodName":"runStep","fileName":"PickleStepDefinitionMatch.java","lineNumber":63},{"declaringClass":"io.cucumber.core.runner.TestStep","methodName":"executeStep","fileName":"TestStep.java","lineNumber":92},{"declaringClass":"io.cucumber.core.runner.TestStep","methodName":"run","fileName":"TestStep.java","lineNumber":64},{"declaringClass":"io.cucumber.core.runner.PickleStepTestStep","methodName":"run","fileName":"PickleStepTestStep.java","lineNumber":51},{"declaringClass":"io.cucumber.core.runner.TestCase","methodName":"run","fileName":"TestCase.java","lineNumber":104},{"declaringClass":"io.cucumber.core.runner.Runner","methodName":"runPickle","fileName":"Runner.java","lineNumber":73},{"declaringClass":"io.cucumber.junit.FeatureRunner","methodName":"runChild","fileName":"FeatureRunner.java","lineNumber":135},{"declaringClass":"io.cucumber.junit.FeatureRunner","methodName":"runChild","fileName":"FeatureRunner.java","lineNumber":27},{"declaringClass":"io.cucumber.junit.CucumberSerenityRunner","methodName":"runChild","fileName":"CucumberSerenityRunner.java","lineNumber":258},{"declaringClass":"io.cucumber.junit.CucumberSerenityRunner","methodName":"runChild","fileName":"CucumberSerenityRunner.java","lineNumber":57}]}},"result":"FAILURE","precondition":false,"level":1}]},{"number":62,"description":"Then Click Lesson","duration":1,"startTime":"2022-10-13T17:30:42.350-04:00[America/New_York]","result":"SKIPPED","precondition":false,"level":0},{"number":63,"description":"Then Click Lesson Fundamentals of Purchasing And Procurement","duration":2,"startTime":"2022-10-13T17:30:42.351-04:00[America/New_York]","result":"SKIPPED","precondition":false,"level":0},{"number":64,"description":"Then Commplete Test Of Lesson","duration":1,"startTime":"2022-10-13T17:30:42.353-04:00[America/New_York]","result":"SKIPPED","precondition":false,"level":0}],"userStory":{"id":"procurrement-test","storyName":"Procurrement Test","path":"file:///C:/Users/CodeAutomation/Desktop/ACSM/ASCM_Automation/src/test/resources/AllTestCases/Procurrement/procurrementCertificate.feature","type":"feature"},"featureTag":{"name":"Procurrement/Procurrement Test","type":"feature","displayName":"Procurrement/Procurrement Test"},"title":"Procurrement Test","description":"","startTime":"2022-10-13T17:12:27.939-04:00[America/New_York]","duration":1094417,"testFailureCause":{"errorType":"net.thucydides.core.webdriver.exceptions.ElementShouldBePresentException","message":"Expected condition failed: waiting for ProcurementPage.procurrementGoToCourse to be present (tried for 60 second(s) with 100 milliseconds interval)\nBuild info: version: \u00273.141.59\u0027, revision: \u0027e82be7d358\u0027, time: \u00272018-11-14T08:17:03\u0027\nSystem info: host: \u0027OK92\u0027, ip: \u0027192.168.1.11\u0027, os.name: \u0027Windows 10\u0027, os.arch: \u0027amd64\u0027, os.version: \u002710.0\u0027, java.version: \u00271.8.0_281\u0027\nDriver info: driver.version: unknown","stackTrace":[{"declaringClass":"com.ascm.util.SeleniumHelper","methodName":"jsClick","fileName":"SeleniumHelper.java","lineNumber":41},{"declaringClass":"com.ascm.pages.ProcurementPage","methodName":"clickGoToCourse","fileName":"ProcurementPage.java","lineNumber":270},{"declaringClass":"com.test.suite.testSteps.ProcurementSteps","methodName":"clickGoToCourseStep","fileName":"ProcurementSteps.java","lineNumber":63},{"declaringClass":"com.test.suite.stepDefination.ProcurrementStepDef","methodName":"clickGoToCourseStepDef","fileName":"ProcurrementStepDef.java","lineNumber":74},{"declaringClass":"io.cucumber.java.Invoker","methodName":"doInvoke","fileName":"Invoker.java","lineNumber":66},{"declaringClass":"io.cucumber.java.Invoker","methodName":"invoke","fileName":"Invoker.java","lineNumber":24},{"declaringClass":"io.cucumber.java.AbstractGlueDefinition","methodName":"invokeMethod","fileName":"AbstractGlueDefinition.java","lineNumber":47},{"declaringClass":"io.cucumber.java.JavaStepDefinition","methodName":"execute","fileName":"JavaStepDefinition.java","lineNumber":29},{"declaringClass":"io.cucumber.core.runner.CoreStepDefinition","methodName":"execute","fileName":"CoreStepDefinition.java","lineNumber":66},{"declaringClass":"io.cucumber.core.runner.PickleStepDefinitionMatch","methodName":"runStep","fileName":"PickleStepDefinitionMatch.java","lineNumber":63},{"declaringClass":"io.cucumber.core.runner.TestStep","methodName":"executeStep","fileName":"TestStep.java","lineNumber":92},{"declaringClass":"io.cucumber.core.runner.TestStep","methodName":"run","fileName":"TestStep.java","lineNumber":64},{"declaringClass":"io.cucumber.core.runner.PickleStepTestStep","methodName":"run","fileName":"PickleStepTestStep.java","lineNumber":51},{"declaringClass":"io.cucumber.core.runner.TestCase","methodName":"run","fileName":"TestCase.java","lineNumber":104},{"declaringClass":"io.cucumber.core.runner.Runner","methodName":"runPickle","fileName":"Runner.java","lineNumber":73},{"declaringClass":"io.cucumber.junit.FeatureRunner","methodName":"runChild","fileName":"FeatureRunner.java","lineNumber":135},{"declaringClass":"io.cucumber.junit.FeatureRunner","methodName":"runChild","fileName":"FeatureRunner.java","lineNumber":27},{"declaringClass":"io.cucumber.junit.CucumberSerenityRunner","methodName":"runChild","fileName":"CucumberSerenityRunner.java","lineNumber":258},{"declaringClass":"io.cucumber.junit.CucumberSerenityRunner","methodName":"runChild","fileName":"CucumberSerenityRunner.java","lineNumber":57}],"rootCause":{"errorType":"org.openqa.selenium.TimeoutException","message":"Expected condition failed: waiting for ProcurementPage.procurrementGoToCourse to be present (tried for 60 second(s) with 100 milliseconds interval)\nBuild info: version: \u00273.141.59\u0027, revision: \u0027e82be7d358\u0027, time: \u00272018-11-14T08:17:03\u0027\nSystem info: host: \u0027OK92\u0027, ip: \u0027192.168.1.11\u0027, os.name: \u0027Windows 10\u0027, os.arch: \u0027amd64\u0027, os.version: \u002710.0\u0027, java.version: \u00271.8.0_281\u0027\nDriver info: driver.version: unknown","stackTrace":[{"declaringClass":"com.ascm.util.SeleniumHelper","methodName":"jsClick","fileName":"SeleniumHelper.java","lineNumber":41},{"declaringClass":"com.ascm.pages.ProcurementPage","methodName":"clickGoToCourse","fileName":"ProcurementPage.java","lineNumber":270},{"declaringClass":"com.test.suite.testSteps.ProcurementSteps","methodName":"clickGoToCourseStep","fileName":"ProcurementSteps.java","lineNumber":63},{"declaringClass":"com.test.suite.stepDefination.ProcurrementStepDef","methodName":"clickGoToCourseStepDef","fileName":"ProcurrementStepDef.java","lineNumber":74},{"declaringClass":"io.cucumber.java.Invoker","methodName":"doInvoke","fileName":"Invoker.java","lineNumber":66},{"declaringClass":"io.cucumber.java.Invoker","methodName":"invoke","fileName":"Invoker.java","lineNumber":24},{"declaringClass":"io.cucumber.java.AbstractGlueDefinition","methodName":"invokeMethod","fileName":"AbstractGlueDefinition.java","lineNumber":47},{"declaringClass":"io.cucumber.java.JavaStepDefinition","methodName":"execute","fileName":"JavaStepDefinition.java","lineNumber":29},{"declaringClass":"io.cucumber.core.runner.CoreStepDefinition","methodName":"execute","fileName":"CoreStepDefinition.java","lineNumber":66},{"declaringClass":"io.cucumber.core.runner.PickleStepDefinitionMatch","methodName":"runStep","fileName":"PickleStepDefinitionMatch.java","lineNumber":63},{"declaringClass":"io.cucumber.core.runner.TestStep","methodName":"executeStep","fileName":"TestStep.java","lineNumber":92},{"declaringClass":"io.cucumber.core.runner.TestStep","methodName":"run","fileName":"TestStep.java","lineNumber":64},{"declaringClass":"io.cucumber.core.runner.PickleStepTestStep","methodName":"run","fileName":"PickleStepTestStep.java","lineNumber":51},{"declaringClass":"io.cucumber.core.runner.TestCase","methodName":"run","fileName":"TestCase.java","lineNumber":104},{"declaringClass":"io.cucumber.core.runner.Runner","methodName":"runPickle","fileName":"Runner.java","lineNumber":73},{"declaringClass":"io.cucumber.junit.FeatureRunner","methodName":"runChild","fileName":"FeatureRunner.java","lineNumber":135},{"declaringClass":"io.cucumber.junit.FeatureRunner","methodName":"runChild","fileName":"FeatureRunner.java","lineNumber":27},{"declaringClass":"io.cucumber.junit.CucumberSerenityRunner","methodName":"runChild","fileName":"CucumberSerenityRunner.java","lineNumber":258},{"declaringClass":"io.cucumber.junit.CucumberSerenityRunner","methodName":"runChild","fileName":"CucumberSerenityRunner.java","lineNumber":57}]}},"testFailureClassname":"net.thucydides.core.webdriver.exceptions.ElementShouldBePresentException","testFailureMessage":"Expected condition failed: waiting for ProcurementPage.procurrementGoToCourse to be present (tried for 60 second(s) with 100 milliseconds interval)\nBuild info: version: \u00273.141.59\u0027, revision: \u0027e82be7d358\u0027, time: \u00272018-11-14T08:17:03\u0027\nSystem info: host: \u0027OK92\u0027, ip: \u0027192.168.1.11\u0027, os.name: \u0027Windows 10\u0027, os.arch: \u0027amd64\u0027, os.version: \u002710.0\u0027, java.version: \u00271.8.0_281\u0027\nDriver info: driver.version: unknown","testFailureSummary":"FAILURE;net.thucydides.core.webdriver.exceptions.ElementShouldBePresentException;Expected condition failed: waiting for ProcurementPage.procurrementGoToCourse to be present (tried for 60 second(s) with 100 milliseconds interval)\nBuild info: version: \u00273.141.59\u0027, revision: \u0027e82be7d358\u0027, time: \u00272018-11-14T08:17:03\u0027\nSystem info: host: \u0027OK92\u0027, ip: \u0027192.168.1.11\u0027, os.name: \u0027Windows 10\u0027, os.arch: \u0027amd64\u0027, os.version: \u002710.0\u0027, java.version: \u00271.8.0_281\u0027\nDriver info: driver.version: unknown;SeleniumHelper.java","projectKey":"","annotatedResult":"FAILURE","sessionId":"dadbdcff6e6f067f3e82b09b18b5b8fe","driver":"chrome","isManualTestingUpToDate":false,"manual":false,"testSource":"Cucumber","result":"FAILURE"}