{"name":"Student-Discount-Membership-with-login","id":"student-discount-membership-with-login;student-discount-membership-with-login","testSteps":[{"number":1,"description":"Given Launch Create Account","duration":9805,"startTime":"2022-10-13T14:06:21.202-04:00[America/New_York]","result":"SUCCESS","precondition":false,"level":0,"children":[{"number":2,"description":"Launch create account step","duration":9798,"startTime":"2022-10-13T14:06:21.208-04:00[America/New_York]","result":"SUCCESS","precondition":false,"level":1}]},{"number":3,"description":"Then Click on OK button for cookie","duration":65644,"startTime":"2022-10-13T14:06:31.008-04:00[America/New_York]","result":"SUCCESS","precondition":false,"level":0,"children":[{"number":4,"description":"Click on cookie step","duration":65633,"startTime":"2022-10-13T14:06:31.012-04:00[America/New_York]","result":"SUCCESS","precondition":false,"level":1}]},{"number":5,"description":"Then Enter New Email \"email\"","duration":463,"startTime":"2022-10-13T14:07:36.654-04:00[America/New_York]","result":"SUCCESS","precondition":false,"level":0,"children":[{"number":6,"description":"Enter email: Automation1665684456657@gmail.com","duration":457,"startTime":"2022-10-13T14:07:36.659-04:00[America/New_York]","result":"SUCCESS","precondition":false,"level":1}]},{"number":7,"description":"Then Enter New Password \"Testing1\"","duration":407,"startTime":"2022-10-13T14:07:37.118-04:00[America/New_York]","result":"SUCCESS","precondition":false,"level":0,"children":[{"number":8,"description":"Enter password: Testing1","duration":404,"startTime":"2022-10-13T14:07:37.119-04:00[America/New_York]","result":"SUCCESS","precondition":false,"level":1}]},{"number":9,"description":"Then Enter First Name \"Automation\"","duration":391,"startTime":"2022-10-13T14:07:37.525-04:00[America/New_York]","result":"SUCCESS","precondition":false,"level":0,"children":[{"number":10,"description":"Enter first name: Automation","duration":388,"startTime":"2022-10-13T14:07:37.526-04:00[America/New_York]","result":"SUCCESS","precondition":false,"level":1}]},{"number":11,"description":"Then Enter Last Name \"qa\"","duration":361,"startTime":"2022-10-13T14:07:37.917-04:00[America/New_York]","result":"SUCCESS","precondition":false,"level":0,"children":[{"number":12,"description":"Enter last name: qa","duration":358,"startTime":"2022-10-13T14:07:37.918-04:00[America/New_York]","result":"SUCCESS","precondition":false,"level":1}]},{"number":13,"description":"Then Click Ceck Term","duration":60216,"startTime":"2022-10-13T14:07:38.278-04:00[America/New_York]","result":"SUCCESS","precondition":false,"level":0,"children":[{"number":14,"description":"Click check term","duration":60209,"startTime":"2022-10-13T14:07:38.279-04:00[America/New_York]","result":"SUCCESS","precondition":false,"level":1}]},{"number":15,"description":"Then Enter Job Title \"QA\"","duration":383,"startTime":"2022-10-13T14:08:38.495-04:00[America/New_York]","result":"SUCCESS","precondition":false,"level":0,"children":[{"number":16,"description":"Enter job title: QA","duration":379,"startTime":"2022-10-13T14:08:38.498-04:00[America/New_York]","result":"SUCCESS","precondition":false,"level":1}]},{"number":17,"description":"Then Click Submit","duration":30378,"startTime":"2022-10-13T14:08:38.879-04:00[America/New_York]","result":"SUCCESS","precondition":false,"level":0,"children":[{"number":18,"description":"Click submit button step","duration":30372,"startTime":"2022-10-13T14:08:38.880-04:00[America/New_York]","result":"SUCCESS","precondition":false,"level":1}]},{"number":19,"description":"Then Click Login Button","duration":8276,"startTime":"2022-10-13T14:09:09.258-04:00[America/New_York]","result":"SUCCESS","precondition":false,"level":0,"children":[{"number":20,"description":"Click log in button","duration":8272,"startTime":"2022-10-13T14:09:09.261-04:00[America/New_York]","result":"SUCCESS","precondition":false,"level":1}]},{"number":21,"description":"Then Enter username \"email\"","duration":424,"startTime":"2022-10-13T14:09:17.535-04:00[America/New_York]","result":"SUCCESS","precondition":false,"level":0,"children":[{"number":22,"description":"Enter user name step: Automation1665684456657@gmail.com","duration":422,"startTime":"2022-10-13T14:09:17.536-04:00[America/New_York]","result":"SUCCESS","precondition":false,"level":1}]},{"number":23,"description":"Then Enter password \"Testing1\"","duration":382,"startTime":"2022-10-13T14:09:17.960-04:00[America/New_York]","result":"SUCCESS","precondition":false,"level":0,"children":[{"number":24,"description":"Enter password step: Testing1","duration":380,"startTime":"2022-10-13T14:09:17.961-04:00[America/New_York]","result":"SUCCESS","precondition":false,"level":1}]},{"number":25,"description":"And Click submit","duration":12599,"startTime":"2022-10-13T14:09:18.343-04:00[America/New_York]","result":"SUCCESS","precondition":false,"level":0,"children":[{"number":26,"description":"Click submit button step","duration":12596,"startTime":"2022-10-13T14:09:18.344-04:00[America/New_York]","result":"SUCCESS","precondition":false,"level":1}]},{"number":27,"description":"Then Go to Cart","duration":2923,"startTime":"2022-10-13T14:09:30.942-04:00[America/New_York]","result":"SUCCESS","precondition":false,"level":0,"children":[{"number":28,"description":"Go cart page step","duration":2917,"startTime":"2022-10-13T14:09:30.947-04:00[America/New_York]","result":"SUCCESS","precondition":false,"level":1}]},{"number":29,"description":"Then Empty The Cart","duration":30072,"startTime":"2022-10-13T14:09:33.865-04:00[America/New_York]","result":"SUCCESS","precondition":false,"level":0,"children":[{"number":30,"description":"Delete all existing orders","duration":30068,"startTime":"2022-10-13T14:09:33.866-04:00[America/New_York]","result":"SUCCESS","precondition":false,"level":1}]},{"number":31,"description":"Then Go to Membership Page","duration":6640,"startTime":"2022-10-13T14:10:03.937-04:00[America/New_York]","result":"SUCCESS","precondition":false,"level":0,"children":[{"number":32,"description":"Go membership page step","duration":6637,"startTime":"2022-10-13T14:10:03.939-04:00[America/New_York]","result":"SUCCESS","precondition":false,"level":1}]},{"number":33,"description":"Then Click Become a Memeber","duration":6026,"startTime":"2022-10-13T14:10:10.578-04:00[America/New_York]","result":"SUCCESS","precondition":false,"level":0,"children":[{"number":34,"description":"Click on become a member","duration":6022,"startTime":"2022-10-13T14:10:10.579-04:00[America/New_York]","result":"SUCCESS","precondition":false,"level":1}]},{"number":35,"description":"Then Click On Student Discount Type","duration":28015,"startTime":"2022-10-13T14:10:16.605-04:00[America/New_York]","result":"SUCCESS","precondition":false,"level":0,"children":[{"number":36,"description":"Click on student discount type","duration":28011,"startTime":"2022-10-13T14:10:16.608-04:00[America/New_York]","result":"SUCCESS","precondition":false,"level":1}]},{"number":37,"description":"Then Click Agreement Checkbox","duration":3131,"startTime":"2022-10-13T14:10:44.621-04:00[America/New_York]","result":"SUCCESS","precondition":false,"level":0,"children":[{"number":38,"description":"Click agreement checkbox step","duration":3129,"startTime":"2022-10-13T14:10:44.622-04:00[America/New_York]","result":"SUCCESS","precondition":false,"level":1}]},{"number":39,"description":"Then Click Add To Cart button","duration":3405,"startTime":"2022-10-13T14:10:47.753-04:00[America/New_York]","result":"SUCCESS","precondition":false,"level":0,"children":[{"number":40,"description":"Click add to cart button step","duration":3403,"startTime":"2022-10-13T14:10:47.754-04:00[America/New_York]","result":"SUCCESS","precondition":false,"level":1}]},{"number":41,"description":"Then Select Discount Membership Country","duration":3442,"startTime":"2022-10-13T14:10:51.159-04:00[America/New_York]","result":"SUCCESS","precondition":false,"level":0,"children":[{"number":42,"description":"Select country membership: United States","duration":3439,"startTime":"2022-10-13T14:10:51.161-04:00[America/New_York]","result":"SUCCESS","precondition":false,"level":1}]},{"number":43,"description":"Then Fill in the following fields for MemberShip Discount Form For International\r\n| Field | Value |\r\n| University | mailing_country |\r\n| Graduation Year | mailing_address |\r\n| Graduation Month | mailing_company |\r\n| Enter First Name | mailing_city |\r\n| Enter Last Name | mailing_state |\r\n| Enter Email | mailing_postal_code |\r\n| Dob Month | mailing_country_type |\r\n| Dob Day | mailing_country_code |\r\n| Dob Year | mailing_area_code |","duration":5425,"startTime":"2022-10-13T14:10:54.602-04:00[America/New_York]","result":"SUCCESS","precondition":false,"level":0,"children":[{"number":44,"description":"Enter university: University of Mississippi (University, MS)","duration":2363,"startTime":"2022-10-13T14:10:54.603-04:00[America/New_York]","result":"SUCCESS","precondition":false,"level":1},{"number":45,"description":"Select grad year: 2023","duration":346,"startTime":"2022-10-13T14:10:56.967-04:00[America/New_York]","result":"SUCCESS","precondition":false,"level":1},{"number":46,"description":"Select grad month: 4","duration":282,"startTime":"2022-10-13T14:10:57.314-04:00[America/New_York]","result":"SUCCESS","precondition":false,"level":1},{"number":47,"description":"Enter first name: ambreen","duration":441,"startTime":"2022-10-13T14:10:57.596-04:00[America/New_York]","result":"SUCCESS","precondition":false,"level":1},{"number":48,"description":"Enter last name: qa","duration":376,"startTime":"2022-10-13T14:10:58.038-04:00[America/New_York]","result":"SUCCESS","precondition":false,"level":1},{"number":49,"description":"Enter email: ambreenqa@ascm.org","duration":453,"startTime":"2022-10-13T14:10:58.415-04:00[America/New_York]","result":"SUCCESS","precondition":false,"level":1},{"number":50,"description":"Select dob month: January","duration":415,"startTime":"2022-10-13T14:10:58.869-04:00[America/New_York]","result":"SUCCESS","precondition":false,"level":1},{"number":51,"description":"Select dob day: 01","duration":374,"startTime":"2022-10-13T14:10:59.285-04:00[America/New_York]","result":"SUCCESS","precondition":false,"level":1},{"number":52,"description":"Select dob year: 2000","duration":366,"startTime":"2022-10-13T14:10:59.659-04:00[America/New_York]","result":"SUCCESS","precondition":false,"level":1}]},{"number":53,"description":"Then Click Verify Student Status Button","duration":106,"startTime":"2022-10-13T14:11:00.027-04:00[America/New_York]","result":"SUCCESS","precondition":false,"level":0,"children":[{"number":54,"description":"Click verify student status button","duration":103,"startTime":"2022-10-13T14:11:00.028-04:00[America/New_York]","result":"SUCCESS","precondition":false,"level":1}]},{"number":55,"description":"Then Click Proceed to Continue button","duration":70614,"startTime":"2022-10-13T14:11:00.133-04:00[America/New_York]","result":"SUCCESS","precondition":false,"level":0,"children":[{"number":56,"description":"Click proceed to check out button step","duration":70607,"startTime":"2022-10-13T14:11:00.138-04:00[America/New_York]","result":"SUCCESS","precondition":false,"level":1}]},{"number":57,"description":"Then Select Membership Discount Country","duration":3296,"startTime":"2022-10-13T14:12:10.748-04:00[America/New_York]","result":"SUCCESS","precondition":false,"level":0,"children":[{"number":58,"description":"Select country: United States","duration":3293,"startTime":"2022-10-13T14:12:10.749-04:00[America/New_York]","result":"SUCCESS","precondition":false,"level":1}]},{"number":59,"description":"Then Enter Membership Postal Code","duration":388,"startTime":"2022-10-13T14:12:14.045-04:00[America/New_York]","result":"SUCCESS","precondition":false,"level":0,"children":[{"number":60,"description":"Enter membership postal code","duration":386,"startTime":"2022-10-13T14:12:14.046-04:00[America/New_York]","result":"SUCCESS","precondition":false,"level":1}]},{"number":61,"description":"Then Click On Search Chapter Button","duration":108,"startTime":"2022-10-13T14:12:14.433-04:00[America/New_York]","result":"SUCCESS","precondition":false,"level":0,"children":[{"number":62,"description":"Click on search chapter button","duration":105,"startTime":"2022-10-13T14:12:14.434-04:00[America/New_York]","result":"SUCCESS","precondition":false,"level":1}]},{"number":63,"description":"Then Select Item","duration":6702,"startTime":"2022-10-13T14:12:14.541-04:00[America/New_York]","result":"SUCCESS","precondition":false,"level":0,"children":[{"number":64,"description":"Click search bundle","duration":6696,"startTime":"2022-10-13T14:12:14.546-04:00[America/New_York]","result":"SUCCESS","precondition":false,"level":1}]},{"number":65,"description":"Then Add Selected Item","duration":370,"startTime":"2022-10-13T14:12:21.244-04:00[America/New_York]","result":"SUCCESS","precondition":false,"level":0,"children":[{"number":66,"description":"Click add selected button","duration":368,"startTime":"2022-10-13T14:12:21.245-04:00[America/New_York]","result":"SUCCESS","precondition":false,"level":1}]},{"number":67,"description":"Then Click Proceed to Continue button","duration":19385,"startTime":"2022-10-13T14:12:21.615-04:00[America/New_York]","result":"SUCCESS","precondition":false,"level":0,"children":[{"number":68,"description":"Click proceed to check out button step","duration":19380,"startTime":"2022-10-13T14:12:21.617-04:00[America/New_York]","result":"SUCCESS","precondition":false,"level":1}]},{"number":69,"description":"Then click Work Address Radio Button","duration":184849,"startTime":"2022-10-13T14:12:41.001-04:00[America/New_York]","result":"SUCCESS","precondition":false,"level":0,"children":[{"number":70,"description":"Click work address readio button","duration":181840,"startTime":"2022-10-13T14:12:44.007-04:00[America/New_York]","result":"SUCCESS","precondition":false,"level":1}]},{"number":71,"description":"Then Fill in the following fields for international mailing section\r\n| Field | Value |\r\n| company | mailing_company |\r\n| streetAddress | mailing_address |\r\n| City | mailing_city |\r\n| State | mailing_state |\r\n| postalCode | mailing_postal_code |\r\n| CountryType | mailing_country_type |\r\n| Country Code | mailing_country_code |\r\n| Area Code | mailing_area_code |\r\n| Phone Number | mailing_phone_no |","duration":10444,"startTime":"2022-10-13T14:15:45.851-04:00[America/New_York]","result":"SUCCESS","precondition":false,"level":0,"children":[{"number":72,"description":"Enter company: CC","duration":5683,"startTime":"2022-10-13T14:15:45.852-04:00[America/New_York]","result":"SUCCESS","precondition":false,"level":1},{"number":73,"description":"Enter mailing address line1 step: 8430 W Bryn Mawr Ave","duration":2401,"startTime":"2022-10-13T14:15:51.535-04:00[America/New_York]","result":"SUCCESS","precondition":false,"level":1},{"number":74,"description":"Enter mailingcity step: Chicago","duration":395,"startTime":"2022-10-13T14:15:53.937-04:00[America/New_York]","result":"SUCCESS","precondition":false,"level":1},{"number":75,"description":"Enter mailing state step: IL","duration":330,"startTime":"2022-10-13T14:15:54.333-04:00[America/New_York]","result":"SUCCESS","precondition":false,"level":1},{"number":76,"description":"Enter maililing zip code step: 60631","duration":371,"startTime":"2022-10-13T14:15:54.663-04:00[America/New_York]","result":"SUCCESS","precondition":false,"level":1},{"number":77,"description":"Select country type: Work","duration":231,"startTime":"2022-10-13T14:15:55.035-04:00[America/New_York]","result":"SUCCESS","precondition":false,"level":1},{"number":78,"description":"Select country area code: 1","duration":234,"startTime":"2022-10-13T14:15:55.267-04:00[America/New_York]","result":"SUCCESS","precondition":false,"level":1},{"number":79,"description":"Enter area code: 773","duration":406,"startTime":"2022-10-13T14:15:55.502-04:00[America/New_York]","result":"SUCCESS","precondition":false,"level":1},{"number":80,"description":"Enter phone number: 7647422","duration":385,"startTime":"2022-10-13T14:15:55.909-04:00[America/New_York]","result":"SUCCESS","precondition":false,"level":1}]},{"number":81,"description":"Then Click Next Payment Information button","duration":139485,"startTime":"2022-10-13T14:15:56.296-04:00[America/New_York]","result":"SUCCESS","precondition":false,"level":0,"children":[{"number":82,"description":"Click continue button step","duration":139477,"startTime":"2022-10-13T14:15:56.297-04:00[America/New_York]","result":"SUCCESS","precondition":false,"level":1}]},{"number":83,"description":"Then Click Next Review button","duration":125843,"startTime":"2022-10-13T14:18:15.783-04:00[America/New_York]","result":"SUCCESS","precondition":false,"level":0,"children":[{"number":84,"description":"Click next reviw button step","duration":125839,"startTime":"2022-10-13T14:18:15.786-04:00[America/New_York]","result":"SUCCESS","precondition":false,"level":1}]},{"number":85,"description":"Then Click Place Order button","duration":5207,"startTime":"2022-10-13T14:20:21.627-04:00[America/New_York]","result":"SUCCESS","precondition":false,"level":0,"children":[{"number":86,"description":"Click place order button step","duration":5205,"startTime":"2022-10-13T14:20:21.628-04:00[America/New_York]","result":"SUCCESS","precondition":false,"level":1}]},{"number":87,"description":"Then Get ReferenceCode","duration":53053,"startTime":"2022-10-13T14:20:26.835-04:00[America/New_York]","result":"SUCCESS","precondition":false,"level":0,"children":[{"number":88,"description":"Get reference code","duration":53049,"startTime":"2022-10-13T14:20:26.836-04:00[America/New_York]","result":"SUCCESS","reportData":[{"title":"Reference Code","contents":"Reference Code: PO2218721275","isEvidence":false,"id":"report-data-38c3e140-a995-4839-b1ef-4b08c688dd6f"}],"precondition":false,"level":1}]}],"userStory":{"id":"student-discount-membership-with-login","storyName":"Student-Discount-Membership-with-login","path":"file:///C:/Users/CodeAutomation/Desktop/ACSM/ASCM_Automation/src/test/resources/AllTestCases/BrainTree/Memberships/MemershipStudentDiscount.feature","type":"feature"},"featureTag":{"name":"Memberships/Student-Discount-Membership-with-login","type":"feature","displayName":"Memberships/Student-Discount-Membership-with-login"},"title":"Student- discount- membership-with-login","description":"","startTime":"2022-10-13T14:06:21.201-04:00[America/New_York]","duration":898688,"projectKey":"","sessionId":"af4851f43ef933d69a7cde9d09875bbc","driver":"chrome","isManualTestingUpToDate":false,"manual":false,"testSource":"Cucumber","result":"SUCCESS"}