{"name":"CLTD-Bundle-NA-with-out-login-BrainTree-CC","id":"cltd-bundle-na-with-out-login-braintree-cc;cltd-bundle-na-with-out-login-braintree-cc","testSteps":[{"number":1,"description":"Given Launch Application","duration":11212,"startTime":"2022-10-13T12:47:32.111-04:00[America/New_York]","result":"SUCCESS","precondition":false,"level":0,"children":[{"number":2,"description":"Launch application step","duration":11206,"startTime":"2022-10-13T12:47:32.115-04:00[America/New_York]","result":"SUCCESS","precondition":false,"level":1}]},{"number":3,"description":"Then Click on OK button for cookie","duration":65689,"startTime":"2022-10-13T12:47:43.324-04:00[America/New_York]","result":"SUCCESS","precondition":false,"level":0,"children":[{"number":4,"description":"Click on cookie step","duration":65686,"startTime":"2022-10-13T12:47:43.325-04:00[America/New_York]","result":"SUCCESS","precondition":false,"level":1}]},{"number":5,"description":"Then Click Learning And Development Top Navigation","duration":5204,"startTime":"2022-10-13T12:48:49.014-04:00[America/New_York]","result":"SUCCESS","precondition":false,"level":0,"children":[{"number":6,"description":"Click learning and development top navigation","duration":5196,"startTime":"2022-10-13T12:48:49.020-04:00[America/New_York]","result":"SUCCESS","precondition":false,"level":1}]},{"number":7,"description":"Then Click CLTD","duration":11776,"startTime":"2022-10-13T12:48:54.219-04:00[America/New_York]","result":"SUCCESS","precondition":false,"level":0,"children":[{"number":8,"description":"Click CLTD","duration":11773,"startTime":"2022-10-13T12:48:54.221-04:00[America/New_York]","result":"SUCCESS","precondition":false,"level":1}]},{"number":9,"description":"Then Click Bundle Add To Card","duration":122,"startTime":"2022-10-13T12:49:05.996-04:00[America/New_York]","result":"SUCCESS","precondition":false,"level":0,"children":[{"number":10,"description":"Click bundle add to card exam button","duration":117,"startTime":"2022-10-13T12:49:05.999-04:00[America/New_York]","result":"SUCCESS","precondition":false,"level":1}]},{"number":11,"description":"Then select Country","duration":3308,"startTime":"2022-10-13T12:49:06.118-04:00[America/New_York]","result":"SUCCESS","precondition":false,"level":0,"children":[{"number":12,"description":"Select bundle coutry: United States","duration":3306,"startTime":"2022-10-13T12:49:06.119-04:00[America/New_York]","result":"SUCCESS","precondition":false,"level":1}]},{"number":13,"description":"Then Enter Post Code","duration":368,"startTime":"2022-10-13T12:49:09.427-04:00[America/New_York]","result":"SUCCESS","precondition":false,"level":0,"children":[{"number":14,"description":"Enter bundle post code: 60631","duration":366,"startTime":"2022-10-13T12:49:09.428-04:00[America/New_York]","result":"SUCCESS","precondition":false,"level":1}]},{"number":15,"description":"Then Search Postal Code","duration":3143,"startTime":"2022-10-13T12:49:09.796-04:00[America/New_York]","result":"SUCCESS","precondition":false,"level":0,"children":[{"number":16,"description":"Click search bundle code","duration":3139,"startTime":"2022-10-13T12:49:09.797-04:00[America/New_York]","result":"SUCCESS","precondition":false,"level":1}]},{"number":17,"description":"Then Select Item","duration":6278,"startTime":"2022-10-13T12:49:12.939-04:00[America/New_York]","result":"SUCCESS","precondition":false,"level":0,"children":[{"number":18,"description":"Click search bundle","duration":6273,"startTime":"2022-10-13T12:49:12.942-04:00[America/New_York]","result":"SUCCESS","precondition":false,"level":1}]},{"number":19,"description":"Then Add Selected Item","duration":350,"startTime":"2022-10-13T12:49:19.217-04:00[America/New_York]","result":"SUCCESS","precondition":false,"level":0,"children":[{"number":20,"description":"Click add selected button","duration":346,"startTime":"2022-10-13T12:49:19.219-04:00[America/New_York]","result":"SUCCESS","precondition":false,"level":1}]},{"number":21,"description":"Then Click Bundle Aggress Button","duration":109,"startTime":"2022-10-13T12:49:19.567-04:00[America/New_York]","result":"SUCCESS","precondition":false,"level":0,"children":[{"number":22,"description":"Click aggress button","duration":106,"startTime":"2022-10-13T12:49:19.568-04:00[America/New_York]","result":"SUCCESS","precondition":false,"level":1}]},{"number":23,"description":"Then Click Proceed to Continue button","duration":19057,"startTime":"2022-10-13T12:49:19.676-04:00[America/New_York]","result":"SUCCESS","precondition":false,"level":0,"children":[{"number":24,"description":"Click proceed to check out button step","duration":19048,"startTime":"2022-10-13T12:49:19.682-04:00[America/New_York]","result":"SUCCESS","precondition":false,"level":1}]},{"number":25,"description":"Then Enter First Name \"Automation\"","duration":446,"startTime":"2022-10-13T12:49:38.734-04:00[America/New_York]","result":"SUCCESS","precondition":false,"level":0,"children":[{"number":26,"description":"Enter first name: Automation","duration":428,"startTime":"2022-10-13T12:49:38.750-04:00[America/New_York]","result":"SUCCESS","precondition":false,"level":1}]},{"number":27,"description":"Then Enter Last Name \"qa\"","duration":623,"startTime":"2022-10-13T12:49:39.180-04:00[America/New_York]","result":"SUCCESS","precondition":false,"level":0,"children":[{"number":28,"description":"Enter last name: qa","duration":620,"startTime":"2022-10-13T12:49:39.181-04:00[America/New_York]","result":"SUCCESS","precondition":false,"level":1}]},{"number":29,"description":"Then Enter New Email \"email\"","duration":473,"startTime":"2022-10-13T12:49:39.804-04:00[America/New_York]","result":"SUCCESS","precondition":false,"level":0,"children":[{"number":30,"description":"Enter email: Automation1665679779805@gmail.com","duration":470,"startTime":"2022-10-13T12:49:39.805-04:00[America/New_York]","result":"SUCCESS","precondition":false,"level":1}]},{"number":31,"description":"Then Enter New Password \"Test1234\"","duration":399,"startTime":"2022-10-13T12:49:40.277-04:00[America/New_York]","result":"SUCCESS","precondition":false,"level":0,"children":[{"number":32,"description":"Enter password: Test1234","duration":397,"startTime":"2022-10-13T12:49:40.278-04:00[America/New_York]","result":"SUCCESS","precondition":false,"level":1}]},{"number":33,"description":"Then Click Agree Account Checkout","duration":154,"startTime":"2022-10-13T12:49:40.676-04:00[America/New_York]","result":"SUCCESS","precondition":false,"level":0,"children":[{"number":34,"description":"Click agree account checkout","duration":152,"startTime":"2022-10-13T12:49:40.677-04:00[America/New_York]","result":"SUCCESS","precondition":false,"level":1}]},{"number":35,"description":"Then Click Next Button","duration":62345,"startTime":"2022-10-13T12:49:40.831-04:00[America/New_York]","result":"SUCCESS","precondition":false,"level":0,"children":[{"number":36,"description":"Click next button step","duration":62342,"startTime":"2022-10-13T12:49:40.832-04:00[America/New_York]","result":"SUCCESS","precondition":false,"level":1}]},{"number":37,"description":"Then click Work Address Radio Button","duration":184939,"startTime":"2022-10-13T12:50:43.177-04:00[America/New_York]","result":"SUCCESS","precondition":false,"level":0,"children":[{"number":38,"description":"Click work address readio button","duration":181926,"startTime":"2022-10-13T12:50:46.188-04:00[America/New_York]","result":"SUCCESS","precondition":false,"level":1}]},{"number":39,"description":"Then Fill in the following fields for international mailing section\r\n| Field | Value |\r\n| country | mailing_country |\r\n| company | mailing_company |\r\n| streetAddress | mailing_address |\r\n| City | mailing_city |\r\n| State | mailing_state |\r\n| postalCode | mailing_postal_code |\r\n| CountryType | mailing_country_type |\r\n| Country Code | mailing_country_code |\r\n| Area Code | mailing_area_code |\r\n| Phone Number | mailing_phone_no |","duration":50373,"startTime":"2022-10-13T12:53:48.117-04:00[America/New_York]","result":"SUCCESS","precondition":false,"level":0,"children":[{"number":40,"description":"Select country step: United States","duration":39802,"startTime":"2022-10-13T12:53:48.119-04:00[America/New_York]","result":"SUCCESS","precondition":false,"level":1},{"number":41,"description":"Enter company: CC","duration":5672,"startTime":"2022-10-13T12:54:27.922-04:00[America/New_York]","result":"SUCCESS","precondition":false,"level":1},{"number":42,"description":"Enter mailing address line1 step: 8430 W Bryn Mawr Ave","duration":2458,"startTime":"2022-10-13T12:54:33.595-04:00[America/New_York]","result":"SUCCESS","precondition":false,"level":1},{"number":43,"description":"Enter mailingcity step: Chicago","duration":419,"startTime":"2022-10-13T12:54:36.054-04:00[America/New_York]","result":"SUCCESS","precondition":false,"level":1},{"number":44,"description":"Enter mailing state step: IL","duration":328,"startTime":"2022-10-13T12:54:36.473-04:00[America/New_York]","result":"SUCCESS","precondition":false,"level":1},{"number":45,"description":"Enter maililing zip code step: 60631","duration":393,"startTime":"2022-10-13T12:54:36.802-04:00[America/New_York]","result":"SUCCESS","precondition":false,"level":1},{"number":46,"description":"Select country type: Work","duration":220,"startTime":"2022-10-13T12:54:37.196-04:00[America/New_York]","result":"SUCCESS","precondition":false,"level":1},{"number":47,"description":"Select country area code: 1","duration":234,"startTime":"2022-10-13T12:54:37.416-04:00[America/New_York]","result":"SUCCESS","precondition":false,"level":1},{"number":48,"description":"Enter area code: 773","duration":426,"startTime":"2022-10-13T12:54:37.651-04:00[America/New_York]","result":"SUCCESS","precondition":false,"level":1},{"number":49,"description":"Enter phone number: 7647422","duration":411,"startTime":"2022-10-13T12:54:38.077-04:00[America/New_York]","result":"SUCCESS","precondition":false,"level":1}]},{"number":50,"description":"Then Click Shipping Method","duration":194,"startTime":"2022-10-13T12:54:38.491-04:00[America/New_York]","result":"SUCCESS","precondition":false,"level":0,"children":[{"number":51,"description":"Click shipping method radio button step","duration":192,"startTime":"2022-10-13T12:54:38.492-04:00[America/New_York]","result":"SUCCESS","precondition":false,"level":1}]},{"number":52,"description":"Then Click Next Payment Information button","duration":138831,"startTime":"2022-10-13T12:54:38.686-04:00[America/New_York]","result":"SUCCESS","precondition":false,"level":0,"children":[{"number":53,"description":"Click continue button step","duration":138827,"startTime":"2022-10-13T12:54:38.687-04:00[America/New_York]","result":"SUCCESS","precondition":false,"level":1}]},{"number":54,"description":"Then Click same as billing button","duration":127,"startTime":"2022-10-13T12:56:57.518-04:00[America/New_York]","result":"SUCCESS","precondition":false,"level":0,"children":[{"number":55,"description":"Click same as billing button step","duration":123,"startTime":"2022-10-13T12:56:57.520-04:00[America/New_York]","result":"SUCCESS","precondition":false,"level":1}]},{"number":56,"description":"Then Choose a \"PayPal\" brain tree plan to pay","duration":60601,"startTime":"2022-10-13T12:56:57.645-04:00[America/New_York]","result":"SUCCESS","precondition":false,"level":0,"children":[{"number":57,"description":"Chooseawaytopay: PayPal","duration":60596,"startTime":"2022-10-13T12:56:57.647-04:00[America/New_York]","result":"SUCCESS","precondition":false,"level":1}]},{"number":58,"description":"Then Click Next Review button","duration":125927,"startTime":"2022-10-13T12:57:58.247-04:00[America/New_York]","result":"SUCCESS","precondition":false,"level":0,"children":[{"number":59,"description":"Click next reviw button step","duration":125924,"startTime":"2022-10-13T12:57:58.249-04:00[America/New_York]","result":"SUCCESS","precondition":false,"level":1}]},{"number":60,"description":"Then Click Place Order button","duration":5231,"startTime":"2022-10-13T13:00:04.175-04:00[America/New_York]","result":"SUCCESS","precondition":false,"level":0,"children":[{"number":61,"description":"Click place order button step","duration":5228,"startTime":"2022-10-13T13:00:04.176-04:00[America/New_York]","result":"SUCCESS","precondition":false,"level":1}]},{"number":62,"description":"Then Get ReferenceCode","duration":22062,"startTime":"2022-10-13T13:00:09.406-04:00[America/New_York]","result":"SUCCESS","precondition":false,"level":0,"children":[{"number":63,"description":"Get reference code","duration":22058,"startTime":"2022-10-13T13:00:09.408-04:00[America/New_York]","result":"SUCCESS","reportData":[{"title":"Reference Code","contents":"Reference Code: PO2218715687","isEvidence":false,"id":"report-data-3b43625c-511c-43cd-a305-4c9aef530550"}],"precondition":false,"level":1}]}],"userStory":{"id":"cltd-bundle-na-with-out-login-braintree-cc","storyName":"CLTD-Bundle-NA-with-out-login-BrainTree-CC","path":"file:///C:/Users/CodeAutomation/Desktop/ACSM/ASCM_Automation/src/test/resources/AllTestCases/BrainTree/BundlePurchase/BundlePurchaseNonNAWithoutLoginBT/CLTDBundlePurchaseNonNAWithoutLoginCC.feature","type":"feature"},"featureTag":{"name":"Bundle purchase non NA without login BT/CLTD-Bundle-NA-with-out-login-BrainTree-CC","type":"feature","displayName":"Bundle purchase non NA without login BT/CLTD-Bundle-NA-with-out-login-BrainTree-CC"},"title":"Cltd- bundle-na-with-out-login- brain Tree-CC","description":"","startTime":"2022-10-13T12:47:32.109-04:00[America/New_York]","duration":779360,"projectKey":"","sessionId":"e879e8ae602b552ebddfb25f68b94ac5","driver":"chrome","isManualTestingUpToDate":false,"manual":false,"testSource":"Cucumber","result":"SUCCESS"}