"Story","Title","Result","Date","Stability","Duration (s)"
"Create-Corporate-Account","Create- corporate- account","ERROR","2022-10-13T18:42:11.885-04:00[America/New_York]","0.0","194.87"
"Create-Corporate-Account-By-Link","Create- corporate- account- by- link","ERROR","2022-10-13T18:45:27.487-04:00[America/New_York]","0.0","205.97"
"Verify-the-membership-shows-correct-expire-date","Verify-the-membership-shows-correct-expire-date","ERROR","2022-10-13T18:53:25.417-04:00[America/New_York]","0.0","176.69"
"Legacy-Membership-with-auto-renew-with-login","Legacy- membership-with-auto-renew-with-login","ERROR","2022-10-13T14:42:20.873-04:00[America/New_York]","0.0","206.34"
"Legacy-Membership-without-auto-renew-with-login","Legacy- membership-without-auto-renew-with-login","ERROR","2022-10-13T14:38:52.256-04:00[America/New_York]","0.0","207.92"
"Student-Discount-Membership-with-login-2019010","Student- discount- membership-with-login-2019010","ERROR","2022-10-13T14:21:20.645-04:00[America/New_York]","0.0","176.66"
"Legacy-Membership-with-auto-renew-with-login-1190180","Legacy- membership-with-auto-renew-with-login-1190180","ERROR","2022-10-13T15:19:31.772-04:00[America/New_York]","0.0","207.02"
"Legacy-Membership-with-auto-renew-with-login-1602176","Legacy- membership-with-auto-renew-with-login-1602176","ERROR","2022-10-13T15:22:59.561-04:00[America/New_York]","0.0","205.73"
"Legacy-Membership-with-auto-renew-with-login-1880880","Legacy- membership-with-auto-renew-with-login-1880880","ERROR","2022-10-13T15:26:26.031-04:00[America/New_York]","0.0","206.36"
"Legacy-Membership-with-auto-renew-with-login-1881440","Legacy- membership-with-auto-renew-with-login-1881440","ERROR","2022-10-13T15:29:53.105-04:00[America/New_York]","0.0","206.65"
"Supply-Chain-With-Login","Supply- chain- with- login","ERROR","2022-10-13T17:59:27.485-04:00[America/New_York]","0.0","691.48"
"Annual_Verify-Purchase-Multiple-Link","Annual verify- purchase- multiple- link","ERROR","2022-10-13T12:14:15.203-04:00[America/New_York]","0.0","250.45"
