{"name":"Annual_Verify-Purchase-Multiple-Link","id":"annual-verify-purchase-multiple-link;annual-verify-purchase-multiple-link","testSteps":[{"number":1,"description":"Given Go To Login Page","duration":59299,"startTime":"2022-10-13T12:14:15.403-04:00[America/New_York]","result":"SUCCESS","precondition":false,"level":0,"children":[{"number":2,"description":"Go to login page","duration":58862,"startTime":"2022-10-13T12:14:15.834-04:00[America/New_York]","result":"SUCCESS","precondition":false,"level":1}]},{"number":3,"description":"Then Enter Legacy username \"ambreeninfo6502@email.com\"","duration":434,"startTime":"2022-10-13T12:15:14.710-04:00[America/New_York]","result":"SUCCESS","precondition":false,"level":0,"children":[{"number":4,"description":"Enter user name step: ambreeninfo6502@email.com","duration":429,"startTime":"2022-10-13T12:15:14.713-04:00[America/New_York]","result":"SUCCESS","precondition":false,"level":1}]},{"number":5,"description":"Then Enter Legacy password \"Test1234\"","duration":373,"startTime":"2022-10-13T12:15:15.145-04:00[America/New_York]","result":"SUCCESS","precondition":false,"level":0,"children":[{"number":6,"description":"Enter password step: Test1234","duration":369,"startTime":"2022-10-13T12:15:15.147-04:00[America/New_York]","result":"SUCCESS","precondition":false,"level":1}]},{"number":7,"description":"And Click submit","duration":1540,"startTime":"2022-10-13T12:15:15.523-04:00[America/New_York]","result":"SUCCESS","precondition":false,"level":0,"children":[{"number":8,"description":"Click submit button step","duration":1533,"startTime":"2022-10-13T12:15:15.527-04:00[America/New_York]","result":"SUCCESS","precondition":false,"level":1}]},{"number":9,"description":"Then Click on OK button for cookie","duration":147079,"startTime":"2022-10-13T12:15:17.064-04:00[America/New_York]","result":"SUCCESS","precondition":false,"level":0,"children":[{"number":10,"description":"Click on cookie step","duration":147070,"startTime":"2022-10-13T12:15:17.065-04:00[America/New_York]","result":"SUCCESS","precondition":false,"level":1}]},{"number":11,"description":"Then Go to Membership Page","duration":6022,"startTime":"2022-10-13T12:17:44.146-04:00[America/New_York]","result":"SUCCESS","precondition":false,"level":0,"children":[{"number":12,"description":"Go membership page step","duration":5938,"startTime":"2022-10-13T12:17:44.228-04:00[America/New_York]","result":"SUCCESS","precondition":false,"level":1}]},{"number":13,"description":"Then Verify \"Annual\" Membership Type","duration":35392,"startTime":"2022-10-13T12:17:50.169-04:00[America/New_York]","exception":{"errorType":"java.lang.IllegalStateException","message":"assert failed","stackTrace":[{"declaringClass":"com.ibm.icu.impl.Assert","methodName":"assrt","fileName":"Assert.java","lineNumber":20},{"declaringClass":"com.ascm.pages.MembershipPage","methodName":"verifyMembershipType","fileName":"MembershipPage.java","lineNumber":287},{"declaringClass":"com.test.suite.testSteps.MembershipSteps","methodName":"verifyMembershipType","fileName":"MembershipSteps.java","lineNumber":82},{"declaringClass":"com.test.suite.stepDefination.MembershipStepDefs","methodName":"verifyMembershipType","fileName":"MembershipStepDefs.java","lineNumber":83},{"declaringClass":"✽","methodName":"Verify \"Annual\" Membership Type","fileName":"file:///C:/Users/CodeAutomation/Desktop/ACSM/ASCM_Automation/src/test/resources/AllTestCases/BrainTree/VerifyUpSell/Annual_VerifyPurchaseMultipleLink.feature","lineNumber":9}]},"result":"ERROR","precondition":false,"level":0,"children":[{"number":14,"description":"Verify membership type: Annual","duration":35380,"startTime":"2022-10-13T12:17:50.170-04:00[America/New_York]","screenshots":[{"screenshot":"8e3f499bfcc91bf2dc5aa28cf157cc1bf697b132941bf72c59a8a94b6121da48.png","htmlSource":"pagesource7852921941737411649.html.txt","timeStamp":1665677905546}],"exception":{"errorType":"java.lang.IllegalStateException","message":"assert failed","stackTrace":[{"declaringClass":"com.ibm.icu.impl.Assert","methodName":"assrt","fileName":"Assert.java","lineNumber":20},{"declaringClass":"com.ascm.pages.MembershipPage","methodName":"verifyMembershipType","fileName":"MembershipPage.java","lineNumber":287},{"declaringClass":"com.test.suite.testSteps.MembershipSteps","methodName":"verifyMembershipType","fileName":"MembershipSteps.java","lineNumber":82},{"declaringClass":"com.test.suite.stepDefination.MembershipStepDefs","methodName":"verifyMembershipType","fileName":"MembershipStepDefs.java","lineNumber":83},{"declaringClass":"io.cucumber.java.Invoker","methodName":"doInvoke","fileName":"Invoker.java","lineNumber":66},{"declaringClass":"io.cucumber.java.Invoker","methodName":"invoke","fileName":"Invoker.java","lineNumber":24},{"declaringClass":"io.cucumber.java.AbstractGlueDefinition","methodName":"invokeMethod","fileName":"AbstractGlueDefinition.java","lineNumber":47},{"declaringClass":"io.cucumber.java.JavaStepDefinition","methodName":"execute","fileName":"JavaStepDefinition.java","lineNumber":29},{"declaringClass":"io.cucumber.core.runner.CoreStepDefinition","methodName":"execute","fileName":"CoreStepDefinition.java","lineNumber":66},{"declaringClass":"io.cucumber.core.runner.PickleStepDefinitionMatch","methodName":"runStep","fileName":"PickleStepDefinitionMatch.java","lineNumber":63},{"declaringClass":"io.cucumber.core.runner.TestStep","methodName":"executeStep","fileName":"TestStep.java","lineNumber":92},{"declaringClass":"io.cucumber.core.runner.TestStep","methodName":"run","fileName":"TestStep.java","lineNumber":64},{"declaringClass":"io.cucumber.core.runner.PickleStepTestStep","methodName":"run","fileName":"PickleStepTestStep.java","lineNumber":51},{"declaringClass":"io.cucumber.core.runner.TestCase","methodName":"run","fileName":"TestCase.java","lineNumber":104},{"declaringClass":"io.cucumber.core.runner.Runner","methodName":"runPickle","fileName":"Runner.java","lineNumber":73},{"declaringClass":"io.cucumber.junit.FeatureRunner","methodName":"runChild","fileName":"FeatureRunner.java","lineNumber":135},{"declaringClass":"io.cucumber.junit.FeatureRunner","methodName":"runChild","fileName":"FeatureRunner.java","lineNumber":27},{"declaringClass":"io.cucumber.junit.CucumberSerenityRunner","methodName":"runChild","fileName":"CucumberSerenityRunner.java","lineNumber":258},{"declaringClass":"io.cucumber.junit.CucumberSerenityRunner","methodName":"runChild","fileName":"CucumberSerenityRunner.java","lineNumber":57}]},"result":"ERROR","precondition":false,"level":1}]},{"number":15,"description":"Then Go to Cart","duration":3,"startTime":"2022-10-13T12:18:25.563-04:00[America/New_York]","result":"SKIPPED","precondition":false,"level":0},{"number":16,"description":"Then Empty The Cart","duration":2,"startTime":"2022-10-13T12:18:25.567-04:00[America/New_York]","result":"SKIPPED","precondition":false,"level":0},{"number":17,"description":"Then Click Learning And Development Top Navigation","duration":2,"startTime":"2022-10-13T12:18:25.570-04:00[America/New_York]","result":"SKIPPED","precondition":false,"level":0},{"number":18,"description":"Then Click CLTD","duration":2,"startTime":"2022-10-13T12:18:25.573-04:00[America/New_York]","result":"SKIPPED","precondition":false,"level":0},{"number":19,"description":"Then Click LS Exam Pre Add To Card","duration":1,"startTime":"2022-10-13T12:18:25.576-04:00[America/New_York]","result":"SKIPPED","precondition":false,"level":0},{"number":20,"description":"Then Verifying Purchase Multiple Link Is Present","duration":2,"startTime":"2022-10-13T12:18:25.578-04:00[America/New_York]","result":"SKIPPED","precondition":false,"level":0}],"userStory":{"id":"annual-verify-purchase-multiple-link","storyName":"Annual_Verify-Purchase-Multiple-Link","path":"file:///C:/Users/CodeAutomation/Desktop/ACSM/ASCM_Automation/src/test/resources/AllTestCases/BrainTree/VerifyUpSell/Annual_VerifyPurchaseMultipleLink.feature","type":"feature"},"featureTag":{"name":"Verify up sell/Annual_Verify-Purchase-Multiple-Link","type":"feature","displayName":"Verify up sell/Annual_Verify-Purchase-Multiple-Link"},"title":"Annual verify- purchase- multiple- link","description":"","startTime":"2022-10-13T12:14:15.203-04:00[America/New_York]","duration":250446,"testFailureCause":{"errorType":"java.lang.IllegalStateException","message":"assert failed","stackTrace":[{"declaringClass":"com.ibm.icu.impl.Assert","methodName":"assrt","fileName":"Assert.java","lineNumber":20},{"declaringClass":"com.ascm.pages.MembershipPage","methodName":"verifyMembershipType","fileName":"MembershipPage.java","lineNumber":287},{"declaringClass":"com.test.suite.testSteps.MembershipSteps","methodName":"verifyMembershipType","fileName":"MembershipSteps.java","lineNumber":82},{"declaringClass":"com.test.suite.stepDefination.MembershipStepDefs","methodName":"verifyMembershipType","fileName":"MembershipStepDefs.java","lineNumber":83},{"declaringClass":"io.cucumber.java.Invoker","methodName":"doInvoke","fileName":"Invoker.java","lineNumber":66},{"declaringClass":"io.cucumber.java.Invoker","methodName":"invoke","fileName":"Invoker.java","lineNumber":24},{"declaringClass":"io.cucumber.java.AbstractGlueDefinition","methodName":"invokeMethod","fileName":"AbstractGlueDefinition.java","lineNumber":47},{"declaringClass":"io.cucumber.java.JavaStepDefinition","methodName":"execute","fileName":"JavaStepDefinition.java","lineNumber":29},{"declaringClass":"io.cucumber.core.runner.CoreStepDefinition","methodName":"execute","fileName":"CoreStepDefinition.java","lineNumber":66},{"declaringClass":"io.cucumber.core.runner.PickleStepDefinitionMatch","methodName":"runStep","fileName":"PickleStepDefinitionMatch.java","lineNumber":63},{"declaringClass":"io.cucumber.core.runner.TestStep","methodName":"executeStep","fileName":"TestStep.java","lineNumber":92},{"declaringClass":"io.cucumber.core.runner.TestStep","methodName":"run","fileName":"TestStep.java","lineNumber":64},{"declaringClass":"io.cucumber.core.runner.PickleStepTestStep","methodName":"run","fileName":"PickleStepTestStep.java","lineNumber":51},{"declaringClass":"io.cucumber.core.runner.TestCase","methodName":"run","fileName":"TestCase.java","lineNumber":104},{"declaringClass":"io.cucumber.core.runner.Runner","methodName":"runPickle","fileName":"Runner.java","lineNumber":73},{"declaringClass":"io.cucumber.junit.FeatureRunner","methodName":"runChild","fileName":"FeatureRunner.java","lineNumber":135},{"declaringClass":"io.cucumber.junit.FeatureRunner","methodName":"runChild","fileName":"FeatureRunner.java","lineNumber":27},{"declaringClass":"io.cucumber.junit.CucumberSerenityRunner","methodName":"runChild","fileName":"CucumberSerenityRunner.java","lineNumber":258},{"declaringClass":"io.cucumber.junit.CucumberSerenityRunner","methodName":"runChild","fileName":"CucumberSerenityRunner.java","lineNumber":57}]},"testFailureClassname":"java.lang.IllegalStateException","testFailureMessage":"assert failed","testFailureSummary":"ERROR;java.lang.IllegalStateException;assert failed;Assert.java","projectKey":"","annotatedResult":"ERROR","sessionId":"2fdb9c27ac525b81f834a681ccdbafbf","driver":"chrome","isManualTestingUpToDate":false,"manual":false,"testSource":"Cucumber","result":"ERROR"}