{"name":"MultipleChapMembership","id":"multiplechapmembership;multiplechapmembership","testSteps":[{"number":1,"description":"Given Launch Create Account","duration":10333,"startTime":"2022-10-13T15:41:49.544-04:00[America/New_York]","result":"SUCCESS","precondition":false,"level":0,"children":[{"number":2,"description":"Launch create account step","duration":10326,"startTime":"2022-10-13T15:41:49.549-04:00[America/New_York]","result":"SUCCESS","precondition":false,"level":1}]},{"number":3,"description":"Then Click on OK button for cookie","duration":65501,"startTime":"2022-10-13T15:41:59.877-04:00[America/New_York]","result":"SUCCESS","precondition":false,"level":0,"children":[{"number":4,"description":"Click on cookie step","duration":65491,"startTime":"2022-10-13T15:41:59.884-04:00[America/New_York]","result":"SUCCESS","precondition":false,"level":1}]},{"number":5,"description":"Then Enter New Email \"email\"","duration":461,"startTime":"2022-10-13T15:43:05.379-04:00[America/New_York]","result":"SUCCESS","precondition":false,"level":0,"children":[{"number":6,"description":"Enter email: Automation1665690185382@gmail.com","duration":456,"startTime":"2022-10-13T15:43:05.383-04:00[America/New_York]","result":"SUCCESS","precondition":false,"level":1}]},{"number":7,"description":"Then Enter New Password \"Testing1\"","duration":414,"startTime":"2022-10-13T15:43:05.840-04:00[America/New_York]","result":"SUCCESS","precondition":false,"level":0,"children":[{"number":8,"description":"Enter password: Testing1","duration":411,"startTime":"2022-10-13T15:43:05.842-04:00[America/New_York]","result":"SUCCESS","precondition":false,"level":1}]},{"number":9,"description":"Then Enter First Name \"Automation\"","duration":384,"startTime":"2022-10-13T15:43:06.255-04:00[America/New_York]","result":"SUCCESS","precondition":false,"level":0,"children":[{"number":10,"description":"Enter first name: Automation","duration":382,"startTime":"2022-10-13T15:43:06.256-04:00[America/New_York]","result":"SUCCESS","precondition":false,"level":1}]},{"number":11,"description":"Then Enter Last Name \"qa\"","duration":365,"startTime":"2022-10-13T15:43:06.640-04:00[America/New_York]","result":"SUCCESS","precondition":false,"level":0,"children":[{"number":12,"description":"Enter last name: qa","duration":362,"startTime":"2022-10-13T15:43:06.641-04:00[America/New_York]","result":"SUCCESS","precondition":false,"level":1}]},{"number":13,"description":"Then Click Ceck Term","duration":60183,"startTime":"2022-10-13T15:43:07.005-04:00[America/New_York]","result":"SUCCESS","precondition":false,"level":0,"children":[{"number":14,"description":"Click check term","duration":60179,"startTime":"2022-10-13T15:43:07.007-04:00[America/New_York]","result":"SUCCESS","precondition":false,"level":1}]},{"number":15,"description":"Then Enter Job Title \"QA\"","duration":380,"startTime":"2022-10-13T15:44:07.189-04:00[America/New_York]","result":"SUCCESS","precondition":false,"level":0,"children":[{"number":16,"description":"Enter job title: QA","duration":377,"startTime":"2022-10-13T15:44:07.190-04:00[America/New_York]","result":"SUCCESS","precondition":false,"level":1}]},{"number":17,"description":"Then Click Submit","duration":30504,"startTime":"2022-10-13T15:44:07.569-04:00[America/New_York]","result":"SUCCESS","precondition":false,"level":0,"children":[{"number":18,"description":"Click submit button step","duration":30501,"startTime":"2022-10-13T15:44:07.570-04:00[America/New_York]","result":"SUCCESS","precondition":false,"level":1}]},{"number":19,"description":"Then Click Login Button","duration":8129,"startTime":"2022-10-13T15:44:38.074-04:00[America/New_York]","result":"SUCCESS","precondition":false,"level":0,"children":[{"number":20,"description":"Click log in button","duration":8126,"startTime":"2022-10-13T15:44:38.075-04:00[America/New_York]","result":"SUCCESS","precondition":false,"level":1}]},{"number":21,"description":"Then Enter username \"email\"","duration":425,"startTime":"2022-10-13T15:44:46.203-04:00[America/New_York]","result":"SUCCESS","precondition":false,"level":0,"children":[{"number":22,"description":"Enter user name step: Automation1665690185382@gmail.com","duration":422,"startTime":"2022-10-13T15:44:46.205-04:00[America/New_York]","result":"SUCCESS","precondition":false,"level":1}]},{"number":23,"description":"Then Enter password \"Testing1\"","duration":375,"startTime":"2022-10-13T15:44:46.629-04:00[America/New_York]","result":"SUCCESS","precondition":false,"level":0,"children":[{"number":24,"description":"Enter password step: Testing1","duration":373,"startTime":"2022-10-13T15:44:46.630-04:00[America/New_York]","result":"SUCCESS","precondition":false,"level":1}]},{"number":25,"description":"And Click submit","duration":11449,"startTime":"2022-10-13T15:44:47.005-04:00[America/New_York]","result":"SUCCESS","precondition":false,"level":0,"children":[{"number":26,"description":"Click submit button step","duration":11446,"startTime":"2022-10-13T15:44:47.006-04:00[America/New_York]","result":"SUCCESS","precondition":false,"level":1}]},{"number":27,"description":"Then Go to Cart","duration":2068,"startTime":"2022-10-13T15:44:58.454-04:00[America/New_York]","result":"SUCCESS","precondition":false,"level":0,"children":[{"number":28,"description":"Go cart page step","duration":2062,"startTime":"2022-10-13T15:44:58.459-04:00[America/New_York]","result":"SUCCESS","precondition":false,"level":1}]},{"number":29,"description":"Then Empty The Cart","duration":30070,"startTime":"2022-10-13T15:45:00.523-04:00[America/New_York]","result":"SUCCESS","precondition":false,"level":0,"children":[{"number":30,"description":"Delete all existing orders","duration":30066,"startTime":"2022-10-13T15:45:00.524-04:00[America/New_York]","result":"SUCCESS","precondition":false,"level":1}]},{"number":31,"description":"Then Go to Membership Page","duration":4933,"startTime":"2022-10-13T15:45:30.594-04:00[America/New_York]","result":"SUCCESS","precondition":false,"level":0,"children":[{"number":32,"description":"Go membership page step","duration":4930,"startTime":"2022-10-13T15:45:30.596-04:00[America/New_York]","result":"SUCCESS","precondition":false,"level":1}]},{"number":33,"description":"Then Click Become a Memeber","duration":3677,"startTime":"2022-10-13T15:45:35.528-04:00[America/New_York]","result":"SUCCESS","precondition":false,"level":0,"children":[{"number":34,"description":"Click on become a member","duration":3675,"startTime":"2022-10-13T15:45:35.529-04:00[America/New_York]","result":"SUCCESS","precondition":false,"level":1}]},{"number":35,"description":"Then Click Agreement Checkbox","duration":3116,"startTime":"2022-10-13T15:45:39.205-04:00[America/New_York]","result":"SUCCESS","precondition":false,"level":0,"children":[{"number":36,"description":"Click agreement checkbox step","duration":3113,"startTime":"2022-10-13T15:45:39.206-04:00[America/New_York]","result":"SUCCESS","precondition":false,"level":1}]},{"number":37,"description":"Then Click Add To Cart button","duration":3347,"startTime":"2022-10-13T15:45:42.321-04:00[America/New_York]","result":"SUCCESS","precondition":false,"level":0,"children":[{"number":38,"description":"Click add to cart button step","duration":3344,"startTime":"2022-10-13T15:45:42.322-04:00[America/New_York]","result":"SUCCESS","precondition":false,"level":1}]},{"number":39,"description":"Then Select Membership Discount Country","duration":3341,"startTime":"2022-10-13T15:45:45.669-04:00[America/New_York]","result":"SUCCESS","precondition":false,"level":0,"children":[{"number":40,"description":"Select country: United States","duration":3337,"startTime":"2022-10-13T15:45:45.671-04:00[America/New_York]","result":"SUCCESS","precondition":false,"level":1}]},{"number":41,"description":"Then Enter Membership Postal Code","duration":397,"startTime":"2022-10-13T15:45:49.011-04:00[America/New_York]","result":"SUCCESS","precondition":false,"level":0,"children":[{"number":42,"description":"Enter membership postal code","duration":394,"startTime":"2022-10-13T15:45:49.012-04:00[America/New_York]","result":"SUCCESS","precondition":false,"level":1}]},{"number":43,"description":"Then Click On Search Chapter Button","duration":111,"startTime":"2022-10-13T15:45:49.409-04:00[America/New_York]","result":"SUCCESS","precondition":false,"level":0,"children":[{"number":44,"description":"Click on search chapter button","duration":108,"startTime":"2022-10-13T15:45:49.410-04:00[America/New_York]","result":"SUCCESS","precondition":false,"level":1}]},{"number":45,"description":"Then Select Multiple Item","duration":6884,"startTime":"2022-10-13T15:45:49.520-04:00[America/New_York]","result":"SUCCESS","precondition":false,"level":0,"children":[{"number":46,"description":"Click multiple items steps","duration":6876,"startTime":"2022-10-13T15:45:49.526-04:00[America/New_York]","result":"SUCCESS","precondition":false,"level":1}]},{"number":47,"description":"Then Add Selected Item","duration":314,"startTime":"2022-10-13T15:45:56.405-04:00[America/New_York]","result":"SUCCESS","precondition":false,"level":0,"children":[{"number":48,"description":"Click add selected button","duration":311,"startTime":"2022-10-13T15:45:56.407-04:00[America/New_York]","result":"SUCCESS","precondition":false,"level":1}]},{"number":49,"description":"Then Click Proceed to Continue button","duration":15445,"startTime":"2022-10-13T15:45:56.720-04:00[America/New_York]","result":"SUCCESS","precondition":false,"level":0,"children":[{"number":50,"description":"Click proceed to check out button step","duration":15438,"startTime":"2022-10-13T15:45:56.725-04:00[America/New_York]","result":"SUCCESS","precondition":false,"level":1}]},{"number":51,"description":"Then click Work Address Radio Button","duration":184970,"startTime":"2022-10-13T15:46:12.166-04:00[America/New_York]","result":"SUCCESS","precondition":false,"level":0,"children":[{"number":52,"description":"Click work address readio button","duration":181962,"startTime":"2022-10-13T15:46:15.173-04:00[America/New_York]","result":"SUCCESS","precondition":false,"level":1}]},{"number":53,"description":"Then Fill in the following fields for international mailing section\r\n| Field | Value |\r\n| company | mailing_company |\r\n| streetAddress | mailing_address |\r\n| City | mailing_city |\r\n| State | mailing_state |\r\n| postalCode | mailing_postal_code |\r\n| CountryType | mailing_country_type |\r\n| Country Code | mailing_country_code |\r\n| Area Code | mailing_area_code |\r\n| Phone Number | mailing_phone_no |","duration":10680,"startTime":"2022-10-13T15:49:17.137-04:00[America/New_York]","result":"SUCCESS","precondition":false,"level":0,"children":[{"number":54,"description":"Enter company: CC","duration":5756,"startTime":"2022-10-13T15:49:17.138-04:00[America/New_York]","result":"SUCCESS","precondition":false,"level":1},{"number":55,"description":"Enter mailing address line1 step: 8430 W Bryn Mawr Ave","duration":2500,"startTime":"2022-10-13T15:49:22.894-04:00[America/New_York]","result":"SUCCESS","precondition":false,"level":1},{"number":56,"description":"Enter mailingcity step: Chicago","duration":402,"startTime":"2022-10-13T15:49:25.395-04:00[America/New_York]","result":"SUCCESS","precondition":false,"level":1},{"number":57,"description":"Enter mailing state step: IL","duration":338,"startTime":"2022-10-13T15:49:25.797-04:00[America/New_York]","result":"SUCCESS","precondition":false,"level":1},{"number":58,"description":"Enter maililing zip code step: 60631","duration":392,"startTime":"2022-10-13T15:49:26.135-04:00[America/New_York]","result":"SUCCESS","precondition":false,"level":1},{"number":59,"description":"Select country type: Work","duration":227,"startTime":"2022-10-13T15:49:26.527-04:00[America/New_York]","result":"SUCCESS","precondition":false,"level":1},{"number":60,"description":"Select country area code: 1","duration":240,"startTime":"2022-10-13T15:49:26.754-04:00[America/New_York]","result":"SUCCESS","precondition":false,"level":1},{"number":61,"description":"Enter area code: 773","duration":408,"startTime":"2022-10-13T15:49:26.995-04:00[America/New_York]","result":"SUCCESS","precondition":false,"level":1},{"number":62,"description":"Enter phone number: 7647422","duration":413,"startTime":"2022-10-13T15:49:27.403-04:00[America/New_York]","result":"SUCCESS","precondition":false,"level":1}]},{"number":63,"description":"Then Click Next Payment Information button","duration":139631,"startTime":"2022-10-13T15:49:27.818-04:00[America/New_York]","result":"SUCCESS","precondition":false,"level":0,"children":[{"number":64,"description":"Click continue button step","duration":139629,"startTime":"2022-10-13T15:49:27.819-04:00[America/New_York]","result":"SUCCESS","precondition":false,"level":1}]},{"number":65,"description":"Then Click same as billing button","duration":138,"startTime":"2022-10-13T15:51:47.450-04:00[America/New_York]","result":"SUCCESS","precondition":false,"level":0,"children":[{"number":66,"description":"Click same as billing button step","duration":136,"startTime":"2022-10-13T15:51:47.450-04:00[America/New_York]","result":"SUCCESS","precondition":false,"level":1}]},{"number":67,"description":"Then Choose a \"Card\" brain tree plan to pay","duration":40150,"startTime":"2022-10-13T15:51:47.588-04:00[America/New_York]","result":"SUCCESS","precondition":false,"level":0,"children":[{"number":68,"description":"Chooseawaytopay: Card","duration":40147,"startTime":"2022-10-13T15:51:47.589-04:00[America/New_York]","result":"SUCCESS","precondition":false,"level":1}]},{"number":69,"description":"Then Fill in the following fields for Brain Tree Payment Method section\r\n| Field | Value |\r\n| Card Number | credit_card_no |\r\n| Expiration | credit_card_expiry |\r\n| Security Code | credit_card_security_code |\r\n| Postal Code | credit_card_postal_code |","duration":41794,"startTime":"2022-10-13T15:52:27.738-04:00[America/New_York]","result":"SUCCESS","precondition":false,"level":0,"children":[{"number":70,"description":"Enter brain tree credit card no step: 4111111111111111","duration":425,"startTime":"2022-10-13T15:53:07.773-04:00[America/New_York]","result":"SUCCESS","precondition":false,"level":1},{"number":71,"description":"Enter brain tree credit expiration step: 01/23","duration":446,"startTime":"2022-10-13T15:53:08.198-04:00[America/New_York]","result":"SUCCESS","precondition":false,"level":1},{"number":72,"description":"Enter brain tree credit card CVV step: 123","duration":440,"startTime":"2022-10-13T15:53:08.644-04:00[America/New_York]","result":"SUCCESS","precondition":false,"level":1},{"number":73,"description":"Enter brain tree credit postal code step: 60631","duration":447,"startTime":"2022-10-13T15:53:09.084-04:00[America/New_York]","result":"SUCCESS","precondition":false,"level":1}]},{"number":74,"description":"Then Click Next Review button","duration":125838,"startTime":"2022-10-13T15:53:09.533-04:00[America/New_York]","result":"SUCCESS","precondition":false,"level":0,"children":[{"number":75,"description":"Click next reviw button step","duration":125834,"startTime":"2022-10-13T15:53:09.534-04:00[America/New_York]","result":"SUCCESS","precondition":false,"level":1}]},{"number":76,"description":"Then Click Place Order button","duration":5223,"startTime":"2022-10-13T15:55:15.371-04:00[America/New_York]","result":"SUCCESS","precondition":false,"level":0,"children":[{"number":77,"description":"Click place order button step","duration":5219,"startTime":"2022-10-13T15:55:15.373-04:00[America/New_York]","result":"SUCCESS","precondition":false,"level":1}]},{"number":78,"description":"Then Get ReferenceCode","duration":19114,"startTime":"2022-10-13T15:55:20.594-04:00[America/New_York]","result":"SUCCESS","precondition":false,"level":0,"children":[{"number":79,"description":"Get reference code","duration":19110,"startTime":"2022-10-13T15:55:20.596-04:00[America/New_York]","result":"SUCCESS","reportData":[{"title":"Reference Code","contents":"Reference Code: PO2218731199","isEvidence":false,"id":"report-data-67be9950-502a-4d9c-9083-f5299e746d4b"}],"precondition":false,"level":1}]}],"userStory":{"id":"multiplechapmembership","storyName":"MultipleChapMembership","path":"file:///C:/Users/CodeAutomation/Desktop/ACSM/ASCM_Automation/src/test/resources/AllTestCases/BrainTree/Memberships/RegularMembership/MultipleChap+Membership.feature","type":"feature"},"featureTag":{"name":"Regular membership/MultipleChapMembership","type":"feature","displayName":"Regular membership/MultipleChapMembership"},"title":"Multiple chap membership","description":"","startTime":"2022-10-13T15:41:49.542-04:00[America/New_York]","duration":830168,"projectKey":"","sessionId":"8b26c30cc76eb23a13ecb3b6595cac90","driver":"chrome","isManualTestingUpToDate":false,"manual":false,"testSource":"Cucumber","result":"SUCCESS"}