{"name":"Student-Discount-Membership-with-login-2019010","id":"student-discount-membership-with-login-2019010;student-discount-membership-with-login-2019010","testSteps":[{"number":1,"description":"Given Go To Login Page","duration":8259,"startTime":"2022-10-13T14:21:20.647-04:00[America/New_York]","result":"SUCCESS","precondition":false,"level":0,"children":[{"number":2,"description":"Go to login page","duration":8253,"startTime":"2022-10-13T14:21:20.652-04:00[America/New_York]","result":"SUCCESS","precondition":false,"level":1}]},{"number":3,"description":"Then Enter Legacy username \"2019010\"","duration":380,"startTime":"2022-10-13T14:21:28.907-04:00[America/New_York]","result":"SUCCESS","precondition":false,"level":0,"children":[{"number":4,"description":"Enter user name step: 2019010","duration":378,"startTime":"2022-10-13T14:21:28.908-04:00[America/New_York]","result":"SUCCESS","precondition":false,"level":1}]},{"number":5,"description":"Then Enter Legacy password \"Qa1234\"","duration":374,"startTime":"2022-10-13T14:21:29.288-04:00[America/New_York]","result":"SUCCESS","precondition":false,"level":0,"children":[{"number":6,"description":"Enter password step: Qa1234","duration":371,"startTime":"2022-10-13T14:21:29.289-04:00[America/New_York]","result":"SUCCESS","precondition":false,"level":1}]},{"number":7,"description":"And Click submit","duration":1548,"startTime":"2022-10-13T14:21:29.662-04:00[America/New_York]","result":"SUCCESS","precondition":false,"level":0,"children":[{"number":8,"description":"Click submit button step","duration":1545,"startTime":"2022-10-13T14:21:29.663-04:00[America/New_York]","result":"SUCCESS","precondition":false,"level":1}]},{"number":9,"description":"Then Click on OK button for cookie","duration":130286,"startTime":"2022-10-13T14:21:31.210-04:00[America/New_York]","result":"SUCCESS","precondition":false,"level":0,"children":[{"number":10,"description":"Click on cookie step","duration":130282,"startTime":"2022-10-13T14:21:31.211-04:00[America/New_York]","result":"SUCCESS","precondition":false,"level":1}]},{"number":11,"description":"Then Go to Membership Page","duration":5519,"startTime":"2022-10-13T14:23:41.497-04:00[America/New_York]","result":"SUCCESS","precondition":false,"level":0,"children":[{"number":12,"description":"Go membership page step","duration":5513,"startTime":"2022-10-13T14:23:41.502-04:00[America/New_York]","result":"SUCCESS","precondition":false,"level":1}]},{"number":13,"description":"Then Verify Membership \"type\" \"Discount\" is visible","duration":30276,"startTime":"2022-10-13T14:23:47.016-04:00[America/New_York]","exception":{"errorType":"org.openqa.selenium.NoSuchElementException","message":"no such element: Unable to locate element: {\"method\":\"xpath\",\"selector\":\"//h3[text()\u003d\u0027Membership Info\u0027]//parent::div//div[contains(text(),\u0027Discount\u0027)]\"}\n  (Session info: chrome\u003d106.0.5249.119)\nFor documentation on this error, please visit: https://www.seleniumhq.org/exceptions/no_such_element.html\nBuild info: version: \u00273.141.59\u0027, revision: \u0027e82be7d358\u0027, time: \u00272018-11-14T08:17:03\u0027\nSystem info: host: \u0027OK92\u0027, ip: \u0027192.168.1.11\u0027, os.name: \u0027Windows 10\u0027, os.arch: \u0027amd64\u0027, os.version: \u002710.0\u0027, java.version: \u00271.8.0_281\u0027\nDriver info: org.openqa.selenium.chrome.ChromeDriver\nCapabilities {acceptInsecureCerts: false, browserName: chrome, browserVersion: 106.0.5249.119, chrome: {chromedriverVersion: 106.0.5249.61 (511755355844..., userDataDir: C:\\Users\\CODEAU~1\\AppData\\L...}, goog:chromeOptions: {debuggerAddress: localhost:58328}, javascriptEnabled: true, networkConnectionEnabled: false, pageLoadStrategy: normal, platform: WINDOWS, platformName: WINDOWS, proxy: Proxy(), setWindowRect: true, strictFileInteractability: false, timeouts: {implicit: 0, pageLoad: 300000, script: 30000}, unhandledPromptBehavior: dismiss and notify, webauthn:extension:credBlob: true, webauthn:extension:largeBlob: true, webauthn:virtualAuthenticators: true}\nSession ID: 259b63d548b9fc49f8d5e1e5e416a01c\n*** Element info: {Using\u003dxpath, value\u003d//h3[text()\u003d\u0027Membership Info\u0027]//parent::div//div[contains(text(),\u0027Discount\u0027)]}\nFor documentation on this error, please visit: https://www.seleniumhq.org/exceptions/no_such_element.html\nBuild info: version: \u00273.141.59\u0027, revision: \u0027e82be7d358\u0027, time: \u00272018-11-14T08:17:03\u0027\nSystem info: host: \u0027OK92\u0027, ip: \u0027192.168.1.11\u0027, os.name: \u0027Windows 10\u0027, os.arch: \u0027amd64\u0027, os.version: \u002710.0\u0027, java.version: \u00271.8.0_281\u0027\nDriver info: driver.version: unknown","stackTrace":[{"declaringClass":"com.ascm.pages.MembershipPage","methodName":"verifyMembershipVisible","fileName":"MembershipPage.java","lineNumber":295},{"declaringClass":"com.test.suite.testSteps.MembershipSteps","methodName":"verifyMembershipVisible","fileName":"MembershipSteps.java","lineNumber":88},{"declaringClass":"com.test.suite.stepDefination.MembershipStepDefs","methodName":"verifyMembershipVisible","fileName":"MembershipStepDefs.java","lineNumber":88},{"declaringClass":"✽","methodName":"Verify Membership \"type\" \"Discount\" is visible","fileName":"file:///C:/Users/CodeAutomation/Desktop/ACSM/ASCM_Automation/src/test/resources/AllTestCases/BrainTree/Memberships/VerifyMemershipStudentDiscount_2019010.feature","lineNumber":9}]},"result":"ERROR","precondition":false,"level":0,"children":[{"number":14,"description":"Verify membership visible: type, Discount","duration":30270,"startTime":"2022-10-13T14:23:47.017-04:00[America/New_York]","screenshots":[{"screenshot":"2ec4216e527cfb7eb65d3bd2f63dfba66b22d0f62fed6aaaff72d94244c1e02e.png","htmlSource":"pagesource3836119829315451725.html.txt","timeStamp":1665685457286}],"exception":{"errorType":"org.openqa.selenium.NoSuchElementException","message":"no such element: Unable to locate element: {\"method\":\"xpath\",\"selector\":\"//h3[text()\u003d\u0027Membership Info\u0027]//parent::div//div[contains(text(),\u0027Discount\u0027)]\"}\n  (Session info: chrome\u003d106.0.5249.119)\nFor documentation on this error, please visit: https://www.seleniumhq.org/exceptions/no_such_element.html\nBuild info: version: \u00273.141.59\u0027, revision: \u0027e82be7d358\u0027, time: \u00272018-11-14T08:17:03\u0027\nSystem info: host: \u0027OK92\u0027, ip: \u0027192.168.1.11\u0027, os.name: \u0027Windows 10\u0027, os.arch: \u0027amd64\u0027, os.version: \u002710.0\u0027, java.version: \u00271.8.0_281\u0027\nDriver info: org.openqa.selenium.chrome.ChromeDriver\nCapabilities {acceptInsecureCerts: false, browserName: chrome, browserVersion: 106.0.5249.119, chrome: {chromedriverVersion: 106.0.5249.61 (511755355844..., userDataDir: C:\\Users\\CODEAU~1\\AppData\\L...}, goog:chromeOptions: {debuggerAddress: localhost:58328}, javascriptEnabled: true, networkConnectionEnabled: false, pageLoadStrategy: normal, platform: WINDOWS, platformName: WINDOWS, proxy: Proxy(), setWindowRect: true, strictFileInteractability: false, timeouts: {implicit: 0, pageLoad: 300000, script: 30000}, unhandledPromptBehavior: dismiss and notify, webauthn:extension:credBlob: true, webauthn:extension:largeBlob: true, webauthn:virtualAuthenticators: true}\nSession ID: 259b63d548b9fc49f8d5e1e5e416a01c\n*** Element info: {Using\u003dxpath, value\u003d//h3[text()\u003d\u0027Membership Info\u0027]//parent::div//div[contains(text(),\u0027Discount\u0027)]}","stackTrace":[{"declaringClass":"com.ascm.pages.MembershipPage","methodName":"verifyMembershipVisible","fileName":"MembershipPage.java","lineNumber":295},{"declaringClass":"com.test.suite.testSteps.MembershipSteps","methodName":"verifyMembershipVisible","fileName":"MembershipSteps.java","lineNumber":88},{"declaringClass":"com.test.suite.stepDefination.MembershipStepDefs","methodName":"verifyMembershipVisible","fileName":"MembershipStepDefs.java","lineNumber":88},{"declaringClass":"io.cucumber.java.Invoker","methodName":"doInvoke","fileName":"Invoker.java","lineNumber":66},{"declaringClass":"io.cucumber.java.Invoker","methodName":"invoke","fileName":"Invoker.java","lineNumber":24},{"declaringClass":"io.cucumber.java.AbstractGlueDefinition","methodName":"invokeMethod","fileName":"AbstractGlueDefinition.java","lineNumber":47},{"declaringClass":"io.cucumber.java.JavaStepDefinition","methodName":"execute","fileName":"JavaStepDefinition.java","lineNumber":29},{"declaringClass":"io.cucumber.core.runner.CoreStepDefinition","methodName":"execute","fileName":"CoreStepDefinition.java","lineNumber":66},{"declaringClass":"io.cucumber.core.runner.PickleStepDefinitionMatch","methodName":"runStep","fileName":"PickleStepDefinitionMatch.java","lineNumber":63},{"declaringClass":"io.cucumber.core.runner.TestStep","methodName":"executeStep","fileName":"TestStep.java","lineNumber":92},{"declaringClass":"io.cucumber.core.runner.TestStep","methodName":"run","fileName":"TestStep.java","lineNumber":64},{"declaringClass":"io.cucumber.core.runner.PickleStepTestStep","methodName":"run","fileName":"PickleStepTestStep.java","lineNumber":51},{"declaringClass":"io.cucumber.core.runner.TestCase","methodName":"run","fileName":"TestCase.java","lineNumber":104},{"declaringClass":"io.cucumber.core.runner.Runner","methodName":"runPickle","fileName":"Runner.java","lineNumber":73},{"declaringClass":"io.cucumber.junit.FeatureRunner","methodName":"runChild","fileName":"FeatureRunner.java","lineNumber":135},{"declaringClass":"io.cucumber.junit.FeatureRunner","methodName":"runChild","fileName":"FeatureRunner.java","lineNumber":27},{"declaringClass":"io.cucumber.junit.CucumberSerenityRunner","methodName":"runChild","fileName":"CucumberSerenityRunner.java","lineNumber":258},{"declaringClass":"io.cucumber.junit.CucumberSerenityRunner","methodName":"runChild","fileName":"CucumberSerenityRunner.java","lineNumber":57}]},"result":"ERROR","precondition":false,"level":1}]},{"number":15,"description":"Then Verify Membership \"type\" \"Student\" is visible","duration":2,"startTime":"2022-10-13T14:24:17.293-04:00[America/New_York]","result":"SKIPPED","precondition":false,"level":0},{"number":16,"description":"Then Verify Membership \"since\" \"11/15/2021\" is visible","duration":1,"startTime":"2022-10-13T14:24:17.295-04:00[America/New_York]","result":"SKIPPED","precondition":false,"level":0},{"number":17,"description":"Then Verify Membership \"expires\" \"11/14/2022\" is visible","duration":1,"startTime":"2022-10-13T14:24:17.297-04:00[America/New_York]","result":"SKIPPED","precondition":false,"level":0}],"userStory":{"id":"student-discount-membership-with-login-2019010","storyName":"Student-Discount-Membership-with-login-2019010","path":"file:///C:/Users/CodeAutomation/Desktop/ACSM/ASCM_Automation/src/test/resources/AllTestCases/BrainTree/Memberships/VerifyMemershipStudentDiscount_2019010.feature","type":"feature"},"featureTag":{"name":"Memberships/Student-Discount-Membership-with-login-2019010","type":"feature","displayName":"Memberships/Student-Discount-Membership-with-login-2019010"},"title":"Student- discount- membership-with-login-2019010","description":"","startTime":"2022-10-13T14:21:20.645-04:00[America/New_York]","duration":176658,"testFailureCause":{"errorType":"org.openqa.selenium.NoSuchElementException","message":"no such element: Unable to locate element: {\"method\":\"xpath\",\"selector\":\"//h3[text()\u003d\u0027Membership Info\u0027]//parent::div//div[contains(text(),\u0027Discount\u0027)]\"}\n  (Session info: chrome\u003d106.0.5249.119)\nFor documentation on this error, please visit: https://www.seleniumhq.org/exceptions/no_such_element.html\nBuild info: version: \u00273.141.59\u0027, revision: \u0027e82be7d358\u0027, time: \u00272018-11-14T08:17:03\u0027\nSystem info: host: \u0027OK92\u0027, ip: \u0027192.168.1.11\u0027, os.name: \u0027Windows 10\u0027, os.arch: \u0027amd64\u0027, os.version: \u002710.0\u0027, java.version: \u00271.8.0_281\u0027\nDriver info: org.openqa.selenium.chrome.ChromeDriver\nCapabilities {acceptInsecureCerts: false, browserName: chrome, browserVersion: 106.0.5249.119, chrome: {chromedriverVersion: 106.0.5249.61 (511755355844..., userDataDir: C:\\Users\\CODEAU~1\\AppData\\L...}, goog:chromeOptions: {debuggerAddress: localhost:58328}, javascriptEnabled: true, networkConnectionEnabled: false, pageLoadStrategy: normal, platform: WINDOWS, platformName: WINDOWS, proxy: Proxy(), setWindowRect: true, strictFileInteractability: false, timeouts: {implicit: 0, pageLoad: 300000, script: 30000}, unhandledPromptBehavior: dismiss and notify, webauthn:extension:credBlob: true, webauthn:extension:largeBlob: true, webauthn:virtualAuthenticators: true}\nSession ID: 259b63d548b9fc49f8d5e1e5e416a01c\n*** Element info: {Using\u003dxpath, value\u003d//h3[text()\u003d\u0027Membership Info\u0027]//parent::div//div[contains(text(),\u0027Discount\u0027)]}","stackTrace":[{"declaringClass":"com.ascm.pages.MembershipPage","methodName":"verifyMembershipVisible","fileName":"MembershipPage.java","lineNumber":295},{"declaringClass":"com.test.suite.testSteps.MembershipSteps","methodName":"verifyMembershipVisible","fileName":"MembershipSteps.java","lineNumber":88},{"declaringClass":"com.test.suite.stepDefination.MembershipStepDefs","methodName":"verifyMembershipVisible","fileName":"MembershipStepDefs.java","lineNumber":88},{"declaringClass":"io.cucumber.java.Invoker","methodName":"doInvoke","fileName":"Invoker.java","lineNumber":66},{"declaringClass":"io.cucumber.java.Invoker","methodName":"invoke","fileName":"Invoker.java","lineNumber":24},{"declaringClass":"io.cucumber.java.AbstractGlueDefinition","methodName":"invokeMethod","fileName":"AbstractGlueDefinition.java","lineNumber":47},{"declaringClass":"io.cucumber.java.JavaStepDefinition","methodName":"execute","fileName":"JavaStepDefinition.java","lineNumber":29},{"declaringClass":"io.cucumber.core.runner.CoreStepDefinition","methodName":"execute","fileName":"CoreStepDefinition.java","lineNumber":66},{"declaringClass":"io.cucumber.core.runner.PickleStepDefinitionMatch","methodName":"runStep","fileName":"PickleStepDefinitionMatch.java","lineNumber":63},{"declaringClass":"io.cucumber.core.runner.TestStep","methodName":"executeStep","fileName":"TestStep.java","lineNumber":92},{"declaringClass":"io.cucumber.core.runner.TestStep","methodName":"run","fileName":"TestStep.java","lineNumber":64},{"declaringClass":"io.cucumber.core.runner.PickleStepTestStep","methodName":"run","fileName":"PickleStepTestStep.java","lineNumber":51},{"declaringClass":"io.cucumber.core.runner.TestCase","methodName":"run","fileName":"TestCase.java","lineNumber":104},{"declaringClass":"io.cucumber.core.runner.Runner","methodName":"runPickle","fileName":"Runner.java","lineNumber":73},{"declaringClass":"io.cucumber.junit.FeatureRunner","methodName":"runChild","fileName":"FeatureRunner.java","lineNumber":135},{"declaringClass":"io.cucumber.junit.FeatureRunner","methodName":"runChild","fileName":"FeatureRunner.java","lineNumber":27},{"declaringClass":"io.cucumber.junit.CucumberSerenityRunner","methodName":"runChild","fileName":"CucumberSerenityRunner.java","lineNumber":258},{"declaringClass":"io.cucumber.junit.CucumberSerenityRunner","methodName":"runChild","fileName":"CucumberSerenityRunner.java","lineNumber":57}]},"testFailureClassname":"org.openqa.selenium.NoSuchElementException","testFailureMessage":"no such element: Unable to locate element: {\"method\":\"xpath\",\"selector\":\"//h3[text()\u003d\u0027Membership Info\u0027]//parent::div//div[contains(text(),\u0027Discount\u0027)]\"}\n  (Session info: chrome\u003d106.0.5249.119)\nFor documentation on this error, please visit: https://www.seleniumhq.org/exceptions/no_such_element.html\nBuild info: version: \u00273.141.59\u0027, revision: \u0027e82be7d358\u0027, time: \u00272018-11-14T08:17:03\u0027\nSystem info: host: \u0027OK92\u0027, ip: \u0027192.168.1.11\u0027, os.name: \u0027Windows 10\u0027, os.arch: \u0027amd64\u0027, os.version: \u002710.0\u0027, java.version: \u00271.8.0_281\u0027\nDriver info: org.openqa.selenium.chrome.ChromeDriver\nCapabilities {acceptInsecureCerts: false, browserName: chrome, browserVersion: 106.0.5249.119, chrome: {chromedriverVersion: 106.0.5249.61 (511755355844..., userDataDir: C:\\Users\\CODEAU~1\\AppData\\L...}, goog:chromeOptions: {debuggerAddress: localhost:58328}, javascriptEnabled: true, networkConnectionEnabled: false, pageLoadStrategy: normal, platform: WINDOWS, platformName: WINDOWS, proxy: Proxy(), setWindowRect: true, strictFileInteractability: false, timeouts: {implicit: 0, pageLoad: 300000, script: 30000}, unhandledPromptBehavior: dismiss and notify, webauthn:extension:credBlob: true, webauthn:extension:largeBlob: true, webauthn:virtualAuthenticators: true}\nSession ID: 259b63d548b9fc49f8d5e1e5e416a01c\n*** Element info: {Using\u003dxpath, value\u003d//h3[text()\u003d\u0027Membership Info\u0027]//parent::div//div[contains(text(),\u0027Discount\u0027)]}","testFailureSummary":"ERROR;org.openqa.selenium.NoSuchElementException;no such element: Unable to locate element: {\"method\":\"xpath\",\"selector\":\"//h3[text()\u003d\u0027Membership Info\u0027]//parent::div//div[contains(text(),\u0027Discount\u0027)]\"}\n  (Session info: chrome\u003d106.0.5249.119)\nFor documentation on this error, please visit: https://www.seleniumhq.org/exceptions/no_such_element.html\nBuild info: version: \u00273.141.59\u0027, revision: \u0027e82be7d358\u0027, time: \u00272018-11-14T08:17:03\u0027\nSystem info: host: \u0027OK92\u0027, ip: \u0027192.168.1.11\u0027, os.name: \u0027Windows 10\u0027, os.arch: \u0027amd64\u0027, os.version: \u002710.0\u0027, java.version: \u00271.8.0_281\u0027\nDriver info: org.openqa.selenium.chrome.ChromeDriver\nCapabilities {acceptInsecureCerts: false, browserName: chrome, browserVersion: 106.0.5249.119, chrome: {chromedriverVersion: 106.0.5249.61 (511755355844..., userDataDir: C:\\Users\\CODEAU~1\\AppData\\L...}, goog:chromeOptions: {debuggerAddress: localhost:58328}, javascriptEnabled: true, networkConnectionEnabled: false, pageLoadStrategy: normal, platform: WINDOWS, platformName: WINDOWS, proxy: Proxy(), setWindowRect: true, strictFileInteractability: false, timeouts: {implicit: 0, pageLoad: 300000, script: 30000}, unhandledPromptBehavior: dismiss and notify, webauthn:extension:credBlob: true, webauthn:extension:largeBlob: true, webauthn:virtualAuthenticators: true}\nSession ID: 259b63d548b9fc49f8d5e1e5e416a01c\n*** Element info: {Using\u003dxpath, value\u003d//h3[text()\u003d\u0027Membership Info\u0027]//parent::div//div[contains(text(),\u0027Discount\u0027)]};MembershipPage.java","projectKey":"","annotatedResult":"ERROR","sessionId":"259b63d548b9fc49f8d5e1e5e416a01c","driver":"chrome","isManualTestingUpToDate":false,"manual":false,"testSource":"Cucumber","result":"ERROR"}