{"name":"Verify-Product-Page","id":"verify-product-page;verify-product-page","testSteps":[{"number":1,"description":"Given Launch Create Account","duration":10713,"startTime":"2022-10-13T19:01:01.152-04:00[America/New_York]","result":"SUCCESS","precondition":false,"level":0,"children":[{"number":2,"description":"Launch create account step","duration":10707,"startTime":"2022-10-13T19:01:01.157-04:00[America/New_York]","result":"SUCCESS","precondition":false,"level":1}]},{"number":3,"description":"Then Click on OK button for cookie","duration":65519,"startTime":"2022-10-13T19:01:11.866-04:00[America/New_York]","result":"SUCCESS","precondition":false,"level":0,"children":[{"number":4,"description":"Click on cookie step","duration":65512,"startTime":"2022-10-13T19:01:11.870-04:00[America/New_York]","result":"SUCCESS","precondition":false,"level":1}]},{"number":5,"description":"Then Enter New Email \"email\"","duration":468,"startTime":"2022-10-13T19:02:17.385-04:00[America/New_York]","result":"SUCCESS","precondition":false,"level":0,"children":[{"number":6,"description":"Enter email: Automation1665702137387@gmail.com","duration":465,"startTime":"2022-10-13T19:02:17.387-04:00[America/New_York]","result":"SUCCESS","precondition":false,"level":1}]},{"number":7,"description":"Then Enter New Password \"Test1234\"","duration":398,"startTime":"2022-10-13T19:02:17.854-04:00[America/New_York]","result":"SUCCESS","precondition":false,"level":0,"children":[{"number":8,"description":"Enter password: Test1234","duration":395,"startTime":"2022-10-13T19:02:17.855-04:00[America/New_York]","result":"SUCCESS","precondition":false,"level":1}]},{"number":9,"description":"Then Enter First Name \"Automation\"","duration":392,"startTime":"2022-10-13T19:02:18.252-04:00[America/New_York]","result":"SUCCESS","precondition":false,"level":0,"children":[{"number":10,"description":"Enter first name: Automation","duration":390,"startTime":"2022-10-13T19:02:18.253-04:00[America/New_York]","result":"SUCCESS","precondition":false,"level":1}]},{"number":11,"description":"Then Enter Last Name \"qa\"","duration":380,"startTime":"2022-10-13T19:02:18.645-04:00[America/New_York]","result":"SUCCESS","precondition":false,"level":0,"children":[{"number":12,"description":"Enter last name: qa","duration":378,"startTime":"2022-10-13T19:02:18.646-04:00[America/New_York]","result":"SUCCESS","precondition":false,"level":1}]},{"number":13,"description":"Then Click Ceck Term","duration":60405,"startTime":"2022-10-13T19:02:19.025-04:00[America/New_York]","result":"SUCCESS","precondition":false,"level":0,"children":[{"number":14,"description":"Click check term","duration":60402,"startTime":"2022-10-13T19:02:19.026-04:00[America/New_York]","result":"SUCCESS","precondition":false,"level":1}]},{"number":15,"description":"Then Click Submit","duration":30457,"startTime":"2022-10-13T19:03:19.430-04:00[America/New_York]","result":"SUCCESS","precondition":false,"level":0,"children":[{"number":16,"description":"Click submit button step","duration":30453,"startTime":"2022-10-13T19:03:19.431-04:00[America/New_York]","result":"SUCCESS","precondition":false,"level":1}]},{"number":17,"description":"Then Click Login Button","duration":8071,"startTime":"2022-10-13T19:03:49.887-04:00[America/New_York]","result":"SUCCESS","precondition":false,"level":0,"children":[{"number":18,"description":"Click log in button","duration":8068,"startTime":"2022-10-13T19:03:49.889-04:00[America/New_York]","result":"SUCCESS","precondition":false,"level":1}]},{"number":19,"description":"Then Enter username \"email\"","duration":415,"startTime":"2022-10-13T19:03:57.959-04:00[America/New_York]","result":"SUCCESS","precondition":false,"level":0,"children":[{"number":20,"description":"Enter user name step: Automation1665702137387@gmail.com","duration":413,"startTime":"2022-10-13T19:03:57.960-04:00[America/New_York]","result":"SUCCESS","precondition":false,"level":1}]},{"number":21,"description":"Then Enter password \"Test1234\"","duration":381,"startTime":"2022-10-13T19:03:58.374-04:00[America/New_York]","result":"SUCCESS","precondition":false,"level":0,"children":[{"number":22,"description":"Enter password step: Test1234","duration":378,"startTime":"2022-10-13T19:03:58.376-04:00[America/New_York]","result":"SUCCESS","precondition":false,"level":1}]},{"number":23,"description":"And Click submit","duration":11129,"startTime":"2022-10-13T19:03:58.756-04:00[America/New_York]","result":"SUCCESS","precondition":false,"level":0,"children":[{"number":24,"description":"Click submit button step","duration":11128,"startTime":"2022-10-13T19:03:58.756-04:00[America/New_York]","result":"SUCCESS","precondition":false,"level":1}]},{"number":25,"description":"Then Go to Cart","duration":2113,"startTime":"2022-10-13T19:04:09.885-04:00[America/New_York]","result":"SUCCESS","precondition":false,"level":0,"children":[{"number":26,"description":"Go cart page step","duration":2108,"startTime":"2022-10-13T19:04:09.889-04:00[America/New_York]","result":"SUCCESS","precondition":false,"level":1}]},{"number":27,"description":"Then Empty The Cart","duration":30066,"startTime":"2022-10-13T19:04:11.999-04:00[America/New_York]","result":"SUCCESS","precondition":false,"level":0,"children":[{"number":28,"description":"Delete all existing orders","duration":30059,"startTime":"2022-10-13T19:04:12-04:00[America/New_York]","result":"SUCCESS","precondition":false,"level":1}]},{"number":29,"description":"Then Click Learning And Development Top Navigation","duration":5178,"startTime":"2022-10-13T19:04:42.067-04:00[America/New_York]","result":"SUCCESS","precondition":false,"level":0,"children":[{"number":30,"description":"Click learning and development top navigation","duration":5170,"startTime":"2022-10-13T19:04:42.074-04:00[America/New_York]","result":"SUCCESS","precondition":false,"level":1}]},{"number":31,"description":"Then Click CLTD","duration":25226,"startTime":"2022-10-13T19:04:47.246-04:00[America/New_York]","result":"SUCCESS","precondition":false,"level":0,"children":[{"number":32,"description":"Click CLTD","duration":25223,"startTime":"2022-10-13T19:04:47.247-04:00[America/New_York]","result":"SUCCESS","precondition":false,"level":1}]},{"number":33,"description":"Then Verify \"Certified in Logistics, Transportation and Distribution\" Product Page","duration":5215,"startTime":"2022-10-13T19:05:12.473-04:00[America/New_York]","result":"SUCCESS","precondition":false,"level":0,"children":[{"number":34,"description":"Verify selected product page: Certified in Logistics, Transportation and Distribution","duration":5213,"startTime":"2022-10-13T19:05:12.474-04:00[America/New_York]","result":"SUCCESS","precondition":false,"level":1}]},{"number":35,"description":"Then Click Learning And Development Top Navigation","duration":5145,"startTime":"2022-10-13T19:05:17.689-04:00[America/New_York]","result":"SUCCESS","precondition":false,"level":0,"children":[{"number":36,"description":"Click learning and development top navigation","duration":5144,"startTime":"2022-10-13T19:05:17.689-04:00[America/New_York]","result":"SUCCESS","precondition":false,"level":1}]},{"number":37,"description":"Then Click CPIM","duration":17746,"startTime":"2022-10-13T19:05:22.834-04:00[America/New_York]","result":"SUCCESS","precondition":false,"level":0,"children":[{"number":38,"description":"Click CPIM","duration":17742,"startTime":"2022-10-13T19:05:22.836-04:00[America/New_York]","result":"SUCCESS","precondition":false,"level":1}]},{"number":39,"description":"Then Verify \"Certified in Planning and Inventory Management\" Product Page","duration":5200,"startTime":"2022-10-13T19:05:40.581-04:00[America/New_York]","result":"SUCCESS","precondition":false,"level":0,"children":[{"number":40,"description":"Verify selected product page: Certified in Planning and Inventory Management","duration":5197,"startTime":"2022-10-13T19:05:40.582-04:00[America/New_York]","result":"SUCCESS","precondition":false,"level":1}]},{"number":41,"description":"Then Click Learning And Development Top Navigation","duration":5131,"startTime":"2022-10-13T19:05:45.781-04:00[America/New_York]","result":"SUCCESS","precondition":false,"level":0,"children":[{"number":42,"description":"Click learning and development top navigation","duration":5129,"startTime":"2022-10-13T19:05:45.782-04:00[America/New_York]","result":"SUCCESS","precondition":false,"level":1}]},{"number":43,"description":"Then click CSCP","duration":29693,"startTime":"2022-10-13T19:05:50.912-04:00[America/New_York]","result":"SUCCESS","precondition":false,"level":0,"children":[{"number":44,"description":"Click CSCP navigation","duration":29688,"startTime":"2022-10-13T19:05:50.914-04:00[America/New_York]","result":"SUCCESS","precondition":false,"level":1}]},{"number":45,"description":"Then Verify \"Certified Supply Chain Professional\" Product Page","duration":5234,"startTime":"2022-10-13T19:06:20.606-04:00[America/New_York]","result":"SUCCESS","precondition":false,"level":0,"children":[{"number":46,"description":"Verify selected product page: Certified Supply Chain Professional","duration":5231,"startTime":"2022-10-13T19:06:20.607-04:00[America/New_York]","result":"SUCCESS","precondition":false,"level":1}]},{"number":47,"description":"Then Click Learning And Development Top Navigation","duration":5131,"startTime":"2022-10-13T19:06:25.841-04:00[America/New_York]","result":"SUCCESS","precondition":false,"level":0,"children":[{"number":48,"description":"Click learning and development top navigation","duration":5128,"startTime":"2022-10-13T19:06:25.843-04:00[America/New_York]","result":"SUCCESS","precondition":false,"level":1}]},{"number":49,"description":"Then Click Warehouse","duration":26474,"startTime":"2022-10-13T19:06:30.973-04:00[America/New_York]","result":"SUCCESS","precondition":false,"level":0,"children":[{"number":50,"description":"Click warehouse","duration":26471,"startTime":"2022-10-13T19:06:30.974-04:00[America/New_York]","result":"SUCCESS","precondition":false,"level":1}]},{"number":51,"description":"Then Verify \"Supply Chain Warehousing Certificate\" Certificate Page","duration":5242,"startTime":"2022-10-13T19:06:57.447-04:00[America/New_York]","result":"SUCCESS","precondition":false,"level":0,"children":[{"number":52,"description":"Verify selected certificate page: Supply Chain Warehousing Certificate","duration":5238,"startTime":"2022-10-13T19:06:57.448-04:00[America/New_York]","result":"SUCCESS","precondition":false,"level":1}]},{"number":53,"description":"Given Go To Procurrement","duration":31730,"startTime":"2022-10-13T19:07:02.689-04:00[America/New_York]","result":"SUCCESS","precondition":false,"level":0,"children":[{"number":54,"description":"Launch procurrement step","duration":31721,"startTime":"2022-10-13T19:07:02.696-04:00[America/New_York]","result":"SUCCESS","precondition":false,"level":1}]},{"number":55,"description":"Then Verify \"Supply Chain Procurement Certificate\" Certificate Page","duration":5222,"startTime":"2022-10-13T19:07:34.420-04:00[America/New_York]","result":"SUCCESS","precondition":false,"level":0,"children":[{"number":56,"description":"Verify selected certificate page: Supply Chain Procurement Certificate","duration":5220,"startTime":"2022-10-13T19:07:34.421-04:00[America/New_York]","result":"SUCCESS","precondition":false,"level":1}]}],"userStory":{"id":"verify-product-page","storyName":"Verify-Product-Page","path":"file:///C:/Users/CodeAutomation/Desktop/ACSM/ASCM_Automation/src/test/resources/AllTestCases/BrainTree/VerifyProductPage.feature","type":"feature"},"featureTag":{"name":"Brain tree/Verify-Product-Page","type":"feature","displayName":"Brain tree/Verify-Product-Page"},"title":"Verify- product- page","description":"","startTime":"2022-10-13T19:01:01.151-04:00[America/New_York]","duration":398492,"projectKey":"","sessionId":"f0bfef91a88edc3540f05c61939ea179","driver":"chrome","isManualTestingUpToDate":false,"manual":false,"testSource":"Cucumber","result":"SUCCESS"}