{"name":"CLTD-LS-Exam-Purchase-BrainTree-CC","id":"cltd-ls-exam-purchase-braintree-cc;cltd-ls-exam-purchase-braintree-cc","testSteps":[{"number":1,"description":"Given Launch Create Account","duration":10622,"startTime":"2022-10-13T13:27:52.189-04:00[America/New_York]","result":"SUCCESS","precondition":false,"level":0,"children":[{"number":2,"description":"Launch create account step","duration":10615,"startTime":"2022-10-13T13:27:52.195-04:00[America/New_York]","result":"SUCCESS","precondition":false,"level":1}]},{"number":3,"description":"Then Click on OK button for cookie","duration":65320,"startTime":"2022-10-13T13:28:02.812-04:00[America/New_York]","result":"SUCCESS","precondition":false,"level":0,"children":[{"number":4,"description":"Click on cookie step","duration":65312,"startTime":"2022-10-13T13:28:02.816-04:00[America/New_York]","result":"SUCCESS","precondition":false,"level":1}]},{"number":5,"description":"Then Enter New Email \"email\"","duration":461,"startTime":"2022-10-13T13:29:08.133-04:00[America/New_York]","result":"SUCCESS","precondition":false,"level":0,"children":[{"number":6,"description":"Enter email: Automation1665682148135@gmail.com","duration":455,"startTime":"2022-10-13T13:29:08.138-04:00[America/New_York]","result":"SUCCESS","precondition":false,"level":1}]},{"number":7,"description":"Then Enter New Password \"Testing1\"","duration":421,"startTime":"2022-10-13T13:29:08.595-04:00[America/New_York]","result":"SUCCESS","precondition":false,"level":0,"children":[{"number":8,"description":"Enter password: Testing1","duration":418,"startTime":"2022-10-13T13:29:08.596-04:00[America/New_York]","result":"SUCCESS","precondition":false,"level":1}]},{"number":9,"description":"Then Enter First Name \"Automation\"","duration":385,"startTime":"2022-10-13T13:29:09.016-04:00[America/New_York]","result":"SUCCESS","precondition":false,"level":0,"children":[{"number":10,"description":"Enter first name: Automation","duration":382,"startTime":"2022-10-13T13:29:09.017-04:00[America/New_York]","result":"SUCCESS","precondition":false,"level":1}]},{"number":11,"description":"Then Enter Last Name \"qa\"","duration":334,"startTime":"2022-10-13T13:29:09.401-04:00[America/New_York]","result":"SUCCESS","precondition":false,"level":0,"children":[{"number":12,"description":"Enter last name: qa","duration":332,"startTime":"2022-10-13T13:29:09.402-04:00[America/New_York]","result":"SUCCESS","precondition":false,"level":1}]},{"number":13,"description":"Then Click Ceck Term","duration":60432,"startTime":"2022-10-13T13:29:09.735-04:00[America/New_York]","result":"SUCCESS","precondition":false,"level":0,"children":[{"number":14,"description":"Click check term","duration":60429,"startTime":"2022-10-13T13:29:09.736-04:00[America/New_York]","result":"SUCCESS","precondition":false,"level":1}]},{"number":15,"description":"Then Enter Job Title \"QA\"","duration":383,"startTime":"2022-10-13T13:30:10.168-04:00[America/New_York]","result":"SUCCESS","precondition":false,"level":0,"children":[{"number":16,"description":"Enter job title: QA","duration":381,"startTime":"2022-10-13T13:30:10.169-04:00[America/New_York]","result":"SUCCESS","precondition":false,"level":1}]},{"number":17,"description":"Then Click Submit","duration":30419,"startTime":"2022-10-13T13:30:10.552-04:00[America/New_York]","result":"SUCCESS","precondition":false,"level":0,"children":[{"number":18,"description":"Click submit button step","duration":30414,"startTime":"2022-10-13T13:30:10.553-04:00[America/New_York]","result":"SUCCESS","precondition":false,"level":1}]},{"number":19,"description":"Then Click Login Button","duration":8936,"startTime":"2022-10-13T13:30:40.972-04:00[America/New_York]","result":"SUCCESS","precondition":false,"level":0,"children":[{"number":20,"description":"Click log in button","duration":8932,"startTime":"2022-10-13T13:30:40.974-04:00[America/New_York]","result":"SUCCESS","precondition":false,"level":1}]},{"number":21,"description":"Then Enter username \"email\"","duration":413,"startTime":"2022-10-13T13:30:49.909-04:00[America/New_York]","result":"SUCCESS","precondition":false,"level":0,"children":[{"number":22,"description":"Enter user name step: Automation1665682148135@gmail.com","duration":411,"startTime":"2022-10-13T13:30:49.910-04:00[America/New_York]","result":"SUCCESS","precondition":false,"level":1}]},{"number":23,"description":"Then Enter password \"Testing1\"","duration":364,"startTime":"2022-10-13T13:30:50.323-04:00[America/New_York]","result":"SUCCESS","precondition":false,"level":0,"children":[{"number":24,"description":"Enter password step: Testing1","duration":361,"startTime":"2022-10-13T13:30:50.324-04:00[America/New_York]","result":"SUCCESS","precondition":false,"level":1}]},{"number":25,"description":"And Click submit","duration":11499,"startTime":"2022-10-13T13:30:50.687-04:00[America/New_York]","result":"SUCCESS","precondition":false,"level":0,"children":[{"number":26,"description":"Click submit button step","duration":11496,"startTime":"2022-10-13T13:30:50.688-04:00[America/New_York]","result":"SUCCESS","precondition":false,"level":1}]},{"number":27,"description":"Then Click Learning And Development Top Navigation","duration":5204,"startTime":"2022-10-13T13:31:02.187-04:00[America/New_York]","result":"SUCCESS","precondition":false,"level":0,"children":[{"number":28,"description":"Click learning and development top navigation","duration":5195,"startTime":"2022-10-13T13:31:02.195-04:00[America/New_York]","result":"SUCCESS","precondition":false,"level":1}]},{"number":29,"description":"Then Click CLTD","duration":25069,"startTime":"2022-10-13T13:31:07.391-04:00[America/New_York]","result":"SUCCESS","precondition":false,"level":0,"children":[{"number":30,"description":"Click CLTD","duration":25066,"startTime":"2022-10-13T13:31:07.392-04:00[America/New_York]","result":"SUCCESS","precondition":false,"level":1}]},{"number":31,"description":"Then Click LS Exam Pre Add To Card","duration":2359,"startTime":"2022-10-13T13:31:32.460-04:00[America/New_York]","result":"SUCCESS","precondition":false,"level":0,"children":[{"number":32,"description":"Click LS exam pre add to card button step","duration":2353,"startTime":"2022-10-13T13:31:32.465-04:00[America/New_York]","result":"SUCCESS","precondition":false,"level":1}]},{"number":33,"description":"Then Click Proceed to Continue button","duration":20700,"startTime":"2022-10-13T13:31:34.820-04:00[America/New_York]","result":"SUCCESS","precondition":false,"level":0,"children":[{"number":34,"description":"Click proceed to check out button step","duration":20698,"startTime":"2022-10-13T13:31:34.821-04:00[America/New_York]","result":"SUCCESS","precondition":false,"level":1}]},{"number":35,"description":"Then click Work Address Radio Button","duration":184810,"startTime":"2022-10-13T13:31:55.520-04:00[America/New_York]","result":"SUCCESS","precondition":false,"level":0,"children":[{"number":36,"description":"Click work address readio button","duration":181792,"startTime":"2022-10-13T13:31:58.536-04:00[America/New_York]","result":"SUCCESS","precondition":false,"level":1}]},{"number":37,"description":"Then Fill in the following For Address\r\n| Field | Value |\r\n| country | USA |\r\n| company | CC |\r\n| streetAddress | 8430 W Bryn Mawr Ave |\r\n| City | Chicago |\r\n| State | IL |\r\n| postalCode | 60631 |\r\n| CountryType | Work |\r\n| Country Code | 1 |\r\n| Area Code | 452 |\r\n| Phone Number | 3667788 |","duration":16926,"startTime":"2022-10-13T13:35:00.330-04:00[America/New_York]","result":"SUCCESS","precondition":false,"level":0,"children":[{"number":38,"description":"Select country step: USA","duration":6254,"startTime":"2022-10-13T13:35:00.331-04:00[America/New_York]","result":"SUCCESS","precondition":false,"level":1},{"number":39,"description":"Enter company: CC","duration":5693,"startTime":"2022-10-13T13:35:06.586-04:00[America/New_York]","result":"SUCCESS","precondition":false,"level":1},{"number":40,"description":"Enter mailing address line1 step: 8430 W Bryn Mawr Ave","duration":2516,"startTime":"2022-10-13T13:35:12.280-04:00[America/New_York]","result":"SUCCESS","precondition":false,"level":1},{"number":41,"description":"Enter mailingcity step: Chicago","duration":401,"startTime":"2022-10-13T13:35:14.796-04:00[America/New_York]","result":"SUCCESS","precondition":false,"level":1},{"number":42,"description":"Enter mailing state step: IL","duration":336,"startTime":"2022-10-13T13:35:15.198-04:00[America/New_York]","result":"SUCCESS","precondition":false,"level":1},{"number":43,"description":"Enter maililing zip code step: 60631","duration":419,"startTime":"2022-10-13T13:35:15.535-04:00[America/New_York]","result":"SUCCESS","precondition":false,"level":1},{"number":44,"description":"Select country type: Work","duration":238,"startTime":"2022-10-13T13:35:15.955-04:00[America/New_York]","result":"SUCCESS","precondition":false,"level":1},{"number":45,"description":"Select country area code: 1","duration":237,"startTime":"2022-10-13T13:35:16.193-04:00[America/New_York]","result":"SUCCESS","precondition":false,"level":1},{"number":46,"description":"Enter area code: 452","duration":427,"startTime":"2022-10-13T13:35:16.431-04:00[America/New_York]","result":"SUCCESS","precondition":false,"level":1},{"number":47,"description":"Enter phone number: 3667788","duration":396,"startTime":"2022-10-13T13:35:16.859-04:00[America/New_York]","result":"SUCCESS","precondition":false,"level":1}]},{"number":48,"description":"Then Click Shipping Method","duration":210,"startTime":"2022-10-13T13:35:17.257-04:00[America/New_York]","result":"SUCCESS","precondition":false,"level":0,"children":[{"number":49,"description":"Click shipping method radio button step","duration":208,"startTime":"2022-10-13T13:35:17.258-04:00[America/New_York]","result":"SUCCESS","precondition":false,"level":1}]},{"number":50,"description":"Then Click Next Payment Information button","duration":138840,"startTime":"2022-10-13T13:35:17.467-04:00[America/New_York]","result":"SUCCESS","precondition":false,"level":0,"children":[{"number":51,"description":"Click continue button step","duration":138837,"startTime":"2022-10-13T13:35:17.468-04:00[America/New_York]","result":"SUCCESS","precondition":false,"level":1}]},{"number":52,"description":"Then Click same as billing button","duration":129,"startTime":"2022-10-13T13:37:36.307-04:00[America/New_York]","result":"SUCCESS","precondition":false,"level":0,"children":[{"number":53,"description":"Click same as billing button step","duration":126,"startTime":"2022-10-13T13:37:36.308-04:00[America/New_York]","result":"SUCCESS","precondition":false,"level":1}]},{"number":54,"description":"Then Choose a \"Card\" brain tree plan to pay","duration":40189,"startTime":"2022-10-13T13:37:36.436-04:00[America/New_York]","result":"SUCCESS","precondition":false,"level":0,"children":[{"number":55,"description":"Chooseawaytopay: Card","duration":40186,"startTime":"2022-10-13T13:37:36.437-04:00[America/New_York]","result":"SUCCESS","precondition":false,"level":1}]},{"number":56,"description":"Then Fill in the following fields for Brain Tree Payment Method section\r\n| Field | Value |\r\n| Card Number | credit_card_no |\r\n| Expiration | credit_card_expiry |\r\n| Security Code | credit_card_security_code |\r\n| Postal Code | credit_card_postal_code |","duration":41833,"startTime":"2022-10-13T13:38:16.626-04:00[America/New_York]","result":"SUCCESS","precondition":false,"level":0,"children":[{"number":57,"description":"Enter brain tree credit card no step: 4111111111111111","duration":431,"startTime":"2022-10-13T13:38:56.702-04:00[America/New_York]","result":"SUCCESS","precondition":false,"level":1},{"number":58,"description":"Enter brain tree credit expiration step: 01/23","duration":436,"startTime":"2022-10-13T13:38:57.133-04:00[America/New_York]","result":"SUCCESS","precondition":false,"level":1},{"number":59,"description":"Enter brain tree credit card CVV step: 123","duration":445,"startTime":"2022-10-13T13:38:57.570-04:00[America/New_York]","result":"SUCCESS","precondition":false,"level":1},{"number":60,"description":"Enter brain tree credit postal code step: 60631","duration":441,"startTime":"2022-10-13T13:38:58.016-04:00[America/New_York]","result":"SUCCESS","precondition":false,"level":1}]},{"number":61,"description":"Then Click Next Review button","duration":125639,"startTime":"2022-10-13T13:38:58.459-04:00[America/New_York]","result":"SUCCESS","precondition":false,"level":0,"children":[{"number":62,"description":"Click next reviw button step","duration":125636,"startTime":"2022-10-13T13:38:58.460-04:00[America/New_York]","result":"SUCCESS","precondition":false,"level":1}]},{"number":63,"description":"Then Click Place Order button","duration":5238,"startTime":"2022-10-13T13:41:04.099-04:00[America/New_York]","result":"SUCCESS","precondition":false,"level":0,"children":[{"number":64,"description":"Click place order button step","duration":5231,"startTime":"2022-10-13T13:41:04.100-04:00[America/New_York]","result":"SUCCESS","precondition":false,"level":1}]},{"number":65,"description":"Then Get ReferenceCode","duration":20611,"startTime":"2022-10-13T13:41:09.339-04:00[America/New_York]","result":"SUCCESS","precondition":false,"level":0,"children":[{"number":66,"description":"Get reference code","duration":20604,"startTime":"2022-10-13T13:41:09.344-04:00[America/New_York]","result":"SUCCESS","reportData":[{"title":"Reference Code","contents":"Reference Code: PO2218718536","isEvidence":false,"id":"report-data-c232f6d8-fa34-42b5-9f1b-9e95f986bcb7"}],"precondition":false,"level":1}]}],"userStory":{"id":"cltd-ls-exam-purchase-braintree-cc","storyName":"CLTD-LS-Exam-Purchase-BrainTree-CC","path":"file:///C:/Users/CodeAutomation/Desktop/ACSM/ASCM_Automation/src/test/resources/AllTestCases/BrainTree/ExamPrePurchase/LSPurchaseWithLoginBT/CLTDLSExamPurchaseCC.feature","type":"feature"},"featureTag":{"name":"LS purchase with login BT/CLTD-LS-Exam-Purchase-BrainTree-CC","type":"feature","displayName":"LS purchase with login BT/CLTD-LS-Exam-Purchase-BrainTree-CC"},"title":"Cltd-ls- exam- purchase- brain Tree-CC","description":"","startTime":"2022-10-13T13:27:52.187-04:00[America/New_York]","duration":817764,"projectKey":"","sessionId":"de14ca4b31870fb5d643731880efd191","driver":"chrome","isManualTestingUpToDate":false,"manual":false,"testSource":"Cucumber","result":"SUCCESS"}