"Story","Title","Result","Date","Stability","Duration (s)"
"Download-View-Details","Download- view- details","FAILURE","2022-10-13T17:05:35.081-04:00[America/New_York]","0.0","206.0"
"Order-Confirmation","Order- confirmation","FAILURE","2022-10-13T17:09:01.818-04:00[America/New_York]","0.0","205.35"
"Verify-the-user-is-able-to-view-course-and-download","Verify-the-user-is-able-to-view-course-and-download","FAILURE","2022-10-13T19:49:50.114-04:00[America/New_York]","0.0","206.94"
"Verify-user-is-not-able-to-view-expired-course","Verify-user-is-not-able-to-view-expired-course","FAILURE","2022-10-13T19:53:17.753-04:00[America/New_York]","0.0","206.04"
"Procurrement Test","Procurrement Test","FAILURE","2022-10-13T17:12:27.939-04:00[America/New_York]","0.0","1094.42"
