{"name":"One-Chap-Monthly-Membership","id":"one-chap-monthly-membership;one-chap-monthly-membership","testSteps":[{"number":1,"description":"Given Launch Create Account","duration":10813,"startTime":"2022-10-13T16:09:34.510-04:00[America/New_York]","result":"SUCCESS","precondition":false,"level":0,"children":[{"number":2,"description":"Launch create account step","duration":10807,"startTime":"2022-10-13T16:09:34.515-04:00[America/New_York]","result":"SUCCESS","precondition":false,"level":1}]},{"number":3,"description":"Then Click on OK button for cookie","duration":65323,"startTime":"2022-10-13T16:09:45.324-04:00[America/New_York]","result":"SUCCESS","precondition":false,"level":0,"children":[{"number":4,"description":"Click on cookie step","duration":65318,"startTime":"2022-10-13T16:09:45.327-04:00[America/New_York]","result":"SUCCESS","precondition":false,"level":1}]},{"number":5,"description":"Then Enter New Email \"email\"","duration":450,"startTime":"2022-10-13T16:10:50.647-04:00[America/New_York]","result":"SUCCESS","precondition":false,"level":0,"children":[{"number":6,"description":"Enter email: Automation1665691850648@gmail.com","duration":448,"startTime":"2022-10-13T16:10:50.648-04:00[America/New_York]","result":"SUCCESS","precondition":false,"level":1}]},{"number":7,"description":"Then Enter New Password \"Testing1\"","duration":406,"startTime":"2022-10-13T16:10:51.097-04:00[America/New_York]","result":"SUCCESS","precondition":false,"level":0,"children":[{"number":8,"description":"Enter password: Testing1","duration":403,"startTime":"2022-10-13T16:10:51.098-04:00[America/New_York]","result":"SUCCESS","precondition":false,"level":1}]},{"number":9,"description":"Then Enter First Name \"Automation\"","duration":390,"startTime":"2022-10-13T16:10:51.503-04:00[America/New_York]","result":"SUCCESS","precondition":false,"level":0,"children":[{"number":10,"description":"Enter first name: Automation","duration":388,"startTime":"2022-10-13T16:10:51.504-04:00[America/New_York]","result":"SUCCESS","precondition":false,"level":1}]},{"number":11,"description":"Then Enter Last Name \"qa\"","duration":384,"startTime":"2022-10-13T16:10:51.894-04:00[America/New_York]","result":"SUCCESS","precondition":false,"level":0,"children":[{"number":12,"description":"Enter last name: qa","duration":382,"startTime":"2022-10-13T16:10:51.895-04:00[America/New_York]","result":"SUCCESS","precondition":false,"level":1}]},{"number":13,"description":"Then Click Ceck Term","duration":60409,"startTime":"2022-10-13T16:10:52.278-04:00[America/New_York]","result":"SUCCESS","precondition":false,"level":0,"children":[{"number":14,"description":"Click check term","duration":60406,"startTime":"2022-10-13T16:10:52.279-04:00[America/New_York]","result":"SUCCESS","precondition":false,"level":1}]},{"number":15,"description":"Then Enter Job Title \"QA\"","duration":391,"startTime":"2022-10-13T16:11:52.687-04:00[America/New_York]","result":"SUCCESS","precondition":false,"level":0,"children":[{"number":16,"description":"Enter job title: QA","duration":388,"startTime":"2022-10-13T16:11:52.689-04:00[America/New_York]","result":"SUCCESS","precondition":false,"level":1}]},{"number":17,"description":"Then Click Submit","duration":30421,"startTime":"2022-10-13T16:11:53.078-04:00[America/New_York]","result":"SUCCESS","precondition":false,"level":0,"children":[{"number":18,"description":"Click submit button step","duration":30415,"startTime":"2022-10-13T16:11:53.080-04:00[America/New_York]","result":"SUCCESS","precondition":false,"level":1}]},{"number":19,"description":"Then Click Login Button","duration":7913,"startTime":"2022-10-13T16:12:23.499-04:00[America/New_York]","result":"SUCCESS","precondition":false,"level":0,"children":[{"number":20,"description":"Click log in button","duration":7909,"startTime":"2022-10-13T16:12:23.502-04:00[America/New_York]","result":"SUCCESS","precondition":false,"level":1}]},{"number":21,"description":"Then Enter username \"email\"","duration":409,"startTime":"2022-10-13T16:12:31.412-04:00[America/New_York]","result":"SUCCESS","precondition":false,"level":0,"children":[{"number":22,"description":"Enter user name step: Automation1665691850648@gmail.com","duration":406,"startTime":"2022-10-13T16:12:31.413-04:00[America/New_York]","result":"SUCCESS","precondition":false,"level":1}]},{"number":23,"description":"Then Enter password \"Testing1\"","duration":379,"startTime":"2022-10-13T16:12:31.821-04:00[America/New_York]","result":"SUCCESS","precondition":false,"level":0,"children":[{"number":24,"description":"Enter password step: Testing1","duration":376,"startTime":"2022-10-13T16:12:31.822-04:00[America/New_York]","result":"SUCCESS","precondition":false,"level":1}]},{"number":25,"description":"And Click submit","duration":2541,"startTime":"2022-10-13T16:12:32.200-04:00[America/New_York]","result":"SUCCESS","precondition":false,"level":0,"children":[{"number":26,"description":"Click submit button step","duration":2538,"startTime":"2022-10-13T16:12:32.201-04:00[America/New_York]","result":"SUCCESS","precondition":false,"level":1}]},{"number":27,"description":"Then Go to Cart","duration":14179,"startTime":"2022-10-13T16:12:34.741-04:00[America/New_York]","result":"SUCCESS","precondition":false,"level":0,"children":[{"number":28,"description":"Go cart page step","duration":14173,"startTime":"2022-10-13T16:12:34.746-04:00[America/New_York]","result":"SUCCESS","precondition":false,"level":1}]},{"number":29,"description":"Then Empty The Cart","duration":30052,"startTime":"2022-10-13T16:12:48.920-04:00[America/New_York]","result":"SUCCESS","precondition":false,"level":0,"children":[{"number":30,"description":"Delete all existing orders","duration":30049,"startTime":"2022-10-13T16:12:48.921-04:00[America/New_York]","result":"SUCCESS","precondition":false,"level":1}]},{"number":31,"description":"Then Go to Membership Page","duration":5304,"startTime":"2022-10-13T16:13:18.972-04:00[America/New_York]","result":"SUCCESS","precondition":false,"level":0,"children":[{"number":32,"description":"Go membership page step","duration":5302,"startTime":"2022-10-13T16:13:18.973-04:00[America/New_York]","result":"SUCCESS","precondition":false,"level":1}]},{"number":33,"description":"Then Click Become a Memeber","duration":3754,"startTime":"2022-10-13T16:13:24.277-04:00[America/New_York]","result":"SUCCESS","precondition":false,"level":0,"children":[{"number":34,"description":"Click on become a member","duration":3751,"startTime":"2022-10-13T16:13:24.278-04:00[America/New_York]","result":"SUCCESS","precondition":false,"level":1}]},{"number":35,"description":"Then Click Monthly Membership","duration":3138,"startTime":"2022-10-13T16:13:28.031-04:00[America/New_York]","result":"SUCCESS","precondition":false,"level":0,"children":[{"number":36,"description":"Click monthly membership button step","duration":3135,"startTime":"2022-10-13T16:13:28.032-04:00[America/New_York]","result":"SUCCESS","precondition":false,"level":1}]},{"number":37,"description":"Then Click Agreement Checkbox","duration":3134,"startTime":"2022-10-13T16:13:31.170-04:00[America/New_York]","result":"SUCCESS","precondition":false,"level":0,"children":[{"number":38,"description":"Click agreement checkbox step","duration":3132,"startTime":"2022-10-13T16:13:31.171-04:00[America/New_York]","result":"SUCCESS","precondition":false,"level":1}]},{"number":39,"description":"Then Click Add To Cart button","duration":3394,"startTime":"2022-10-13T16:13:34.305-04:00[America/New_York]","result":"SUCCESS","precondition":false,"level":0,"children":[{"number":40,"description":"Click add to cart button step","duration":3391,"startTime":"2022-10-13T16:13:34.306-04:00[America/New_York]","result":"SUCCESS","precondition":false,"level":1}]},{"number":41,"description":"Then Select Membership Discount Country","duration":3281,"startTime":"2022-10-13T16:13:37.699-04:00[America/New_York]","result":"SUCCESS","precondition":false,"level":0,"children":[{"number":42,"description":"Select country: United States","duration":3278,"startTime":"2022-10-13T16:13:37.701-04:00[America/New_York]","result":"SUCCESS","precondition":false,"level":1}]},{"number":43,"description":"Then Enter Membership Postal Code","duration":392,"startTime":"2022-10-13T16:13:40.981-04:00[America/New_York]","result":"SUCCESS","precondition":false,"level":0,"children":[{"number":44,"description":"Enter membership postal code","duration":390,"startTime":"2022-10-13T16:13:40.982-04:00[America/New_York]","result":"SUCCESS","precondition":false,"level":1}]},{"number":45,"description":"Then Click On Search Chapter Button","duration":103,"startTime":"2022-10-13T16:13:41.373-04:00[America/New_York]","result":"SUCCESS","precondition":false,"level":0,"children":[{"number":46,"description":"Click on search chapter button","duration":101,"startTime":"2022-10-13T16:13:41.374-04:00[America/New_York]","result":"SUCCESS","precondition":false,"level":1}]},{"number":47,"description":"Then Select Item","duration":6285,"startTime":"2022-10-13T16:13:41.477-04:00[America/New_York]","result":"SUCCESS","precondition":false,"level":0,"children":[{"number":48,"description":"Click search bundle","duration":6279,"startTime":"2022-10-13T16:13:41.481-04:00[America/New_York]","result":"SUCCESS","precondition":false,"level":1}]},{"number":49,"description":"Then Add Selected Item","duration":316,"startTime":"2022-10-13T16:13:47.762-04:00[America/New_York]","result":"SUCCESS","precondition":false,"level":0,"children":[{"number":50,"description":"Click add selected button","duration":314,"startTime":"2022-10-13T16:13:47.763-04:00[America/New_York]","result":"SUCCESS","precondition":false,"level":1}]},{"number":51,"description":"Then Click Proceed to Continue button","duration":17249,"startTime":"2022-10-13T16:13:48.079-04:00[America/New_York]","result":"SUCCESS","precondition":false,"level":0,"children":[{"number":52,"description":"Click proceed to check out button step","duration":17243,"startTime":"2022-10-13T16:13:48.084-04:00[America/New_York]","result":"SUCCESS","precondition":false,"level":1}]},{"number":53,"description":"Then click Work Address Radio Button","duration":184706,"startTime":"2022-10-13T16:14:05.329-04:00[America/New_York]","result":"SUCCESS","precondition":false,"level":0,"children":[{"number":54,"description":"Click work address readio button","duration":181691,"startTime":"2022-10-13T16:14:08.342-04:00[America/New_York]","result":"SUCCESS","precondition":false,"level":1}]},{"number":55,"description":"Then Fill in the following fields for international mailing section\r\n| Field | Value |\r\n| company | mailing_company |\r\n| streetAddress | mailing_address |\r\n| City | mailing_city |\r\n| State | mailing_state |\r\n| postalCode | mailing_postal_code |\r\n| CountryType | mailing_country_type |\r\n| Country Code | mailing_country_code |\r\n| Area Code | mailing_area_code |\r\n| Phone Number | mailing_phone_no |","duration":10473,"startTime":"2022-10-13T16:17:10.035-04:00[America/New_York]","result":"SUCCESS","precondition":false,"level":0,"children":[{"number":56,"description":"Enter company: CC","duration":5652,"startTime":"2022-10-13T16:17:10.036-04:00[America/New_York]","result":"SUCCESS","precondition":false,"level":1},{"number":57,"description":"Enter mailing address line1 step: 8430 W Bryn Mawr Ave","duration":2422,"startTime":"2022-10-13T16:17:15.688-04:00[America/New_York]","result":"SUCCESS","precondition":false,"level":1},{"number":58,"description":"Enter mailingcity step: Chicago","duration":421,"startTime":"2022-10-13T16:17:18.110-04:00[America/New_York]","result":"SUCCESS","precondition":false,"level":1},{"number":59,"description":"Enter mailing state step: IL","duration":320,"startTime":"2022-10-13T16:17:18.531-04:00[America/New_York]","result":"SUCCESS","precondition":false,"level":1},{"number":60,"description":"Enter maililing zip code step: 60631","duration":378,"startTime":"2022-10-13T16:17:18.851-04:00[America/New_York]","result":"SUCCESS","precondition":false,"level":1},{"number":61,"description":"Select country type: Work","duration":226,"startTime":"2022-10-13T16:17:19.229-04:00[America/New_York]","result":"SUCCESS","precondition":false,"level":1},{"number":62,"description":"Select country area code: 1","duration":265,"startTime":"2022-10-13T16:17:19.455-04:00[America/New_York]","result":"SUCCESS","precondition":false,"level":1},{"number":63,"description":"Enter area code: 773","duration":389,"startTime":"2022-10-13T16:17:19.720-04:00[America/New_York]","result":"SUCCESS","precondition":false,"level":1},{"number":64,"description":"Enter phone number: 7647422","duration":398,"startTime":"2022-10-13T16:17:20.109-04:00[America/New_York]","result":"SUCCESS","precondition":false,"level":1}]},{"number":65,"description":"Then Click Next Payment Information button","duration":139884,"startTime":"2022-10-13T16:17:20.509-04:00[America/New_York]","result":"SUCCESS","precondition":false,"level":0,"children":[{"number":66,"description":"Click continue button step","duration":139882,"startTime":"2022-10-13T16:17:20.509-04:00[America/New_York]","result":"SUCCESS","precondition":false,"level":1}]},{"number":67,"description":"Then Click same as billing button","duration":109,"startTime":"2022-10-13T16:19:40.394-04:00[America/New_York]","result":"SUCCESS","precondition":false,"level":0,"children":[{"number":68,"description":"Click same as billing button step","duration":108,"startTime":"2022-10-13T16:19:40.394-04:00[America/New_York]","result":"SUCCESS","precondition":false,"level":1}]},{"number":69,"description":"Then Choose a \"Card\" brain tree plan to pay","duration":40207,"startTime":"2022-10-13T16:19:40.504-04:00[America/New_York]","result":"SUCCESS","precondition":false,"level":0,"children":[{"number":70,"description":"Chooseawaytopay: Card","duration":40205,"startTime":"2022-10-13T16:19:40.505-04:00[America/New_York]","result":"SUCCESS","precondition":false,"level":1}]},{"number":71,"description":"Then Fill in the following fields for Brain Tree Payment Method section\r\n| Field | Value |\r\n| Card Number | credit_card_no |\r\n| Expiration | credit_card_expiry |\r\n| Security Code | credit_card_security_code |\r\n| Postal Code | credit_card_postal_code |","duration":41823,"startTime":"2022-10-13T16:20:20.712-04:00[America/New_York]","result":"SUCCESS","precondition":false,"level":0,"children":[{"number":72,"description":"Enter brain tree credit card no step: 4111111111111111","duration":423,"startTime":"2022-10-13T16:21:00.794-04:00[America/New_York]","result":"SUCCESS","precondition":false,"level":1},{"number":73,"description":"Enter brain tree credit expiration step: 01/23","duration":446,"startTime":"2022-10-13T16:21:01.217-04:00[America/New_York]","result":"SUCCESS","precondition":false,"level":1},{"number":74,"description":"Enter brain tree credit card CVV step: 123","duration":426,"startTime":"2022-10-13T16:21:01.663-04:00[America/New_York]","result":"SUCCESS","precondition":false,"level":1},{"number":75,"description":"Enter brain tree credit postal code step: 60631","duration":443,"startTime":"2022-10-13T16:21:02.090-04:00[America/New_York]","result":"SUCCESS","precondition":false,"level":1}]},{"number":76,"description":"Then Click Next Review button","duration":125631,"startTime":"2022-10-13T16:21:02.535-04:00[America/New_York]","result":"SUCCESS","precondition":false,"level":0,"children":[{"number":77,"description":"Click next reviw button step","duration":125623,"startTime":"2022-10-13T16:21:02.536-04:00[America/New_York]","result":"SUCCESS","precondition":false,"level":1}]},{"number":78,"description":"Then Click Place Order button","duration":5320,"startTime":"2022-10-13T16:23:08.168-04:00[America/New_York]","result":"SUCCESS","precondition":false,"level":0,"children":[{"number":79,"description":"Click place order button step","duration":5313,"startTime":"2022-10-13T16:23:08.172-04:00[America/New_York]","result":"SUCCESS","precondition":false,"level":1}]},{"number":80,"description":"Then Get ReferenceCode","duration":22566,"startTime":"2022-10-13T16:23:13.489-04:00[America/New_York]","result":"SUCCESS","precondition":false,"level":0,"children":[{"number":81,"description":"Get reference code","duration":22559,"startTime":"2022-10-13T16:23:13.492-04:00[America/New_York]","result":"SUCCESS","reportData":[{"title":"Reference Code","contents":"Reference Code: PO2218735408","isEvidence":false,"id":"report-data-963713c7-fe54-4a39-af42-a2e1bf80c4bf"}],"precondition":false,"level":1}]}],"userStory":{"id":"one-chap-monthly-membership","storyName":"One-Chap-Monthly-Membership","path":"file:///C:/Users/CodeAutomation/Desktop/ACSM/ASCM_Automation/src/test/resources/AllTestCases/BrainTree/Memberships/RegularMembership/OneChap+MonthlyMemership.feature","type":"feature"},"featureTag":{"name":"Regular membership/One-Chap-Monthly-Membership","type":"feature","displayName":"Regular membership/One-Chap-Monthly-Membership"},"title":"One- chap- monthly- membership","description":"","startTime":"2022-10-13T16:09:34.509-04:00[America/New_York]","duration":841548,"projectKey":"","sessionId":"3945f202942d98f0ae72c9e8dd2e369d","driver":"chrome","isManualTestingUpToDate":false,"manual":false,"testSource":"Cucumber","result":"SUCCESS"}